id,text,leaf_labels,,,
1,(熱壓土司)八棟花生麻糬,麵包吐司;花生;點心甜品類,,,
2,(熱壓土司)丹麥鮪魚起司,麵包吐司;鮪魚;起司;丹麥可頌,,,
3,(熱壓土司)丹麥鮪魚嫩蛋,麵包吐司;鮪魚;蛋類;丹麥可頌,,,
4,(熱壓土司)巧脆可可麻糬,麵包吐司;點心甜品類;可可,,,
5,(熱壓土司)里肌肉蛋,肉類;蛋類;麵包吐司,,,
6,(熱壓土司)花生醬燻培根,花生;加工肉品;麵包吐司,,,
7,(熱壓土司)青醬雞絲,雞;麵包吐司,,,
8,(熱壓土司)厚起司蛋,起司;蛋類;麵包吐司,,,
9,(熱壓土司)美式BBQ燻腸,加工肉品;麵包吐司,,,
10,(熱壓土司)香帥芋泥金沙,麵包吐司;芋頭;蛋類,,,
11,(熱壓土司)紐奧良風味烤雞,雞;麵包吐司,,,
12,(熱壓土司)頌丹樂香辣打拋雞,麵包吐司;雞;辣椒,,,
13,(熱壓土司)醬燒炙烤牛,牛;麵包吐司,,,
14,[小倉食宅]  黑糖玫瑰四物飲,黑糖;飲品類,,,
15,[小倉食宅] 黑糖桂圓紅棗茶,黑糖;茶類;其他水果;龍眼,,,
16,【36法郎】典藏拿堤咖啡,咖啡,,,
17,【36法郎】極品拿堤咖啡,咖啡,,,
18,【3點1刻】不想吃糖-日月潭奶茶(減糖),奶茶,,,
19,【3點1刻】抹茶豆奶,綠茶抹茶;豆漿豆奶,,,
20,【3點1刻】紅茶豆奶,紅茶;豆漿豆奶,,,
21,【3點1刻】黑芝麻豆奶,豆漿豆奶;芝麻,,,
22,【3點1刻】經典-炭燒奶茶,奶茶,,,
23,【3點1刻】經典原味奶茶,奶茶,,,
24,【3點1刻】鮮萃冷韻四季春,烏龍青茶,,,
25,【3點1刻】鮮萃冷韻黃金蕎麥茶,茶類;蕎麥,,,
26,【3點1刻】鮮萃冷韻蜜香烏龍,烏龍青茶,,,
27,【AGF】Blendy即溶咖啡-經典,咖啡,,,
28,【AGF】CAFE LATORY咖啡-卡布奇諾,咖啡,,,
29,【AGF】LATORY 咖啡-濃厚無糖拿鐵,拿鐵,,,
30,【AGF】LATORY咖啡-焦糖瑪奇朵,咖啡,,,
31,【AGF】抹茶拿鐵粉,綠茶抹茶;拿鐵,,,
32,【AGF】芳醇即溶咖啡,咖啡,,,
33,【AGF】濃厚抹茶拿鐵粉,綠茶抹茶;拿鐵,,,
34,【Ammerlander 愛牧】德國純牛奶,牛奶,,,
35,【ASAHI 朝日】WONDA 豐香黑咖啡,黑咖啡,,,
36,【ASAHI 朝日】十六茶零咖啡因豆乳奶茶,奶茶;豆漿豆奶,,,
37,【BEANISE】奶酒風味即溶咖啡,咖啡;牛奶;酒,,,
38,【BEANISE】香草風味即溶咖啡,咖啡;香草,,,
39,【BEANISE】香濃焦糖風味即溶咖啡,咖啡,,,
40,【BEANISE】榛果風味即溶咖啡,咖啡;榛果,,,
41,【BessieByer 貝思寶兒】蜜桃果茶,茶類;水蜜桃,,,
42,【BessieByer 貝思寶兒】檸檬紅茶,紅茶;檸檬,,,
43,【BessieByer 貝思寶兒】覆盆子果茶,茶類;其他水果,,,
44,【Binggrae】哈密瓜牛奶-保久調味乳,保久乳;其他水果,,,
45,【Binggrae】香蕉牛奶-保久調味乳,保久乳;香蕉,,,
46,【Binggrae】栗子牛奶/保久調味乳,保久乳;堅果種子類,,,
47,【Binggrae】草莓牛奶-保久調味乳,保久乳;草莓,,,
48,【BOSS】CRAFT BOSS香檸梅風味飲料,檸檬;梅子;飲品類,,,
49,【C7】速溶黑咖啡,黑咖啡,,,
50,【CALBEE】富果樂水果麥片,麥;水果類,,,
51,【CALBEE】富果樂減糖水果麥片,麥;水果類,,,
52,【cama cafe】即溶精品黑咖啡,黑咖啡,,,
53,【cama cafe】極珍選批次奶油胡桃濾掛式咖啡-中焙,咖啡;堅果種子類;奶油,,,
54,【cama cafe】極珍選批次濾掛式咖啡-中焙可可堅,咖啡;可可,,,
55,【cama cafe】極珍選批次濾掛式咖啡-淺焙蜜香甜桃,咖啡;水蜜桃,,,
56,【cammie】桔梗麥冬茶,茶類;麥,,,
57,【CAOTINA】頂級瑞士白巧克力粉,可可,,,
58,【CAOTINA】頂級瑞士黑巧克力粉,可可,,,
59,【Carman's】低糖覆盆莓椰子穀脆脆,莓果;椰子;全穀雜糧類,,,
60,【Carman's】草莓莓果脆穀塊,草莓;全穀雜糧類,,,
61,【Carman's】高蛋白杏仁榛果穀脆脆,杏仁;榛果;全穀雜糧類,,,
62,【Carman's】甜蜜蘋果脆穀塊,蘋果;全穀雜糧類,,,
63,【Carman's】綜合莓果穀物燕麥片,燕麥;莓果,,,
64,【ChaTraMue】泰式紅茶-無色素版,紅茶,,,
65,【ChaTraMue】泰國手標三合一泰式奶茶隨身包,奶茶,,,
66,【CHILL 愛吃】油切仙楂烏梅茶,茶類;梅子,,,
67,【CHILL 愛吃】黑糖老薑片,黑糖;薑,,,
68,【Corsini】特選咖啡粉,咖啡,,,
69,【Corsini】深焙咖啡粉,咖啡,,,
70,【CS22】金駿眉高山茶茶葉鐵罐套組,茶類,,,
71,【CS22】雍正御製速溶原味普洱熟茶膏,茶類,,,
72,【DODO SUGAR】渡渡鳥模里西斯金砂黑糖,黑糖,,,
73,【DRIPO 牧場】紅茶牛乳即溶飲品,牛奶;紅茶,,,
74,【DyDo】日式拿鐵咖啡,拿鐵,,,
75,【DyDo】日式黑咖啡,黑咖啡,,,
76,【DyDo】復刻堂可可風味飲/牛奶風味飲,可可;牛奶;飲品類,,,
77,【EILLES】皇家即溶咖啡,咖啡,,,
78,【EILLES】德國Eilles皇家洋甘菊茶,茶類,,,
79,【EILLES】德國皇家伯爵茶,茶類,,,
80,【EILLES】德國皇家英式錫蘭茶,茶類,,,
81,【EILLES】德國皇家薄荷茶,茶類,,,
82,【EiRAKU 永樂】永樂烏龍茶,烏龍青茶,,,
83,【EiRAKU 永樂】永樂普洱茶,茶類,,,
84,【EiRAKU 永樂】嚴選冬摘高山烏龍茶禮盒,烏龍青茶,,,
85,【EZCHEF】香酥熱狗棒,加工肉品,,,
86,【foodpro】北海道牛奶風味雪餅,牛奶;零食餅乾,,,
87,【FUZE TEA 飛想茶】檸檬紅茶,紅茶;檸檬,,,
88,【G7】Gold Picasso拿鐵三合一即溶咖啡,拿鐵,,,
89,【G7】Gold Rumi三合一即溶咖啡,咖啡,,,
90,【G7】Legend 卡布其諾咖啡-椰奶風味,咖啡;椰子,,,
91,【G7】三合一即溶咖啡,咖啡,,,
92,【G7】卡布奇諾咖啡-榛果風味,咖啡;榛果,,,
93,【G7】卡布奇諾咖啡-摩卡風味,咖啡;可可,,,
94,【G7】純咖啡量販包,咖啡,,,
95,【G7】傳奇經典三合一即溶咖啡,咖啡,,,
96,【GEORGIA喬亞】焦糖風味雲朵拿鐵,拿鐵,,,
97,【GEORGIA喬亞】榛果白巧克力風味雲朵拿鐵,拿鐵;榛果;可可,,,
98,【GEORGIA喬亞】滴濾拿鐵咖啡,拿鐵,,,
99,【GEORGIA喬亞】滴濾無糖黑咖啡,黑咖啡,,,
100,【GOOD DAY】三合一咖啡-原味,咖啡,,,
101,【GOOD DAY】三合一咖啡-榛果,咖啡;榛果,,,
102,【GOOD DAY】三合一咖啡-摩卡,咖啡;可可,,,
103,【GOOD TODAY】GOOD TODAY 冰茶,茶類,,,
104,【GOOD TODAY】GOOD TODAY美式咖啡,黑咖啡,,,
105,【GOOD TODAY】美式咖啡,黑咖啡,,,
106,【GOOD TODAY】蜂蜜檸檬茶-果醬,檸檬;蜂蜜,,,
107,【GOOD TODAY】零卡冰茶-水蜜桃口味,茶類;水蜜桃,,,
108,【GOOD TODAY】薑茶-果醬,薑;茶類,,,
109,【HEARTS】即溶卡布奇諾-白咖啡,咖啡,,,
110,【HEARTS】即溶卡布奇諾-甜味,咖啡,,,
111,【HEARTS】即溶卡布奇諾-維也納調和風味,咖啡,,,
112,【HEARTS】即溶可可飲,可可,,,
113,【Hellmann's】La Perruche白方糖,其它類,,,
114,【Hellmann's】La Perruche紅方糖,其它類,,,
115,【Hershey's 好時】100%純可可粉,可可,,,
116,【IDEE】金牌即溶咖啡-低刺激性,咖啡,,,
117,【ILLY】中度烘焙咖啡粉,咖啡,,,
118,【ILLY】中度烘焙摩卡咖啡粉,咖啡;可可,,,
119,【ILLY】低咖啡因咖啡粉,咖啡,,,
120,【ILLY】深度烘焙咖啡粉,咖啡,,,
121,【ILLY】濾泡式咖啡粉,咖啡,,,
122,【Ito-En 伊藤園】Teas' Tea 蜜桃紅茶,紅茶;水蜜桃,,,
123,【Ito-En 伊藤園】Teas' Tea 蘋果紅茶,紅茶;蘋果,,,
124,【JACOBS】奶香即溶咖啡,咖啡,,,
125,【JACOBS】黃金即溶咖啡,咖啡,,,
126,【KANU】KANU 美式咖啡-重烘焙,黑咖啡,,,
127,【KANU】KANU 美式咖啡-輕度烘焙,黑咖啡,,,
128,【KANU】三倍濃縮拿鐵,拿鐵,,,
129,【KANU】香草風味拿鐵,拿鐵;香草,,,
130,【KANU】拿鐵,拿鐵,,,
131,【KANU】提拉米蘇風味拿鐵,拿鐵;點心甜品類,,,
132,【KANU】雙倍濃縮拿鐵,拿鐵,,,
133,【KATAOKA BUSSAN】VAN HOUTEN 72%特濃可可粉,可可,,,
134,【KATAOKA BUSSAN】VAN HOUTEN 牛奶可可粉,可可;牛奶,,,
135,【KEY COFFEE】DRIP ON總匯濾掛咖啡隨身包,咖啡,,,
136,【KEY COFFEE】特級深焙即溶咖啡,咖啡,,,
137,【KEY COFFEE】歐蕾專用即溶咖啡,咖啡;牛奶,,,
138,【KHAO SHONG】冰咖啡-即溶,咖啡,,,
139,【KHAO SHONG】即溶咖啡,咖啡,,,
140,【KHAO SHONG】義式濃縮3合1咖啡,咖啡,,,
141,【KIRIN 麒麟】大罐生茶,茶類,,,
142,【KIRIN 麒麟】午後紅茶 原味紅茶,紅茶,,,
143,【KIRIN 麒麟】午後紅茶 檸檬紅茶,紅茶;檸檬,,,
144,【KIRIN 麒麟】午後紅茶-奶茶,奶茶,,,
145,【KIRIN 麒麟】午後紅茶-皇家奶茶,奶茶,,,
146,【KIRIN 麒麟】午後紅茶-無糖紅茶,紅茶,,,
147,【KIRIN 麒麟】生茶,茶類,,,
148,【KitKat】巧克力早餐脆片,可可;零食餅乾,,,
149,【KOPIKO】L.A.三合一即溶白咖啡,咖啡,,,
150,【KOPIKO】三合一即溶濃醇咖啡,咖啡,,,
151,【Kotsam 花泉】蜂蜜柚子茶球,蜂蜜;柚子;茶類,,,
152,【KO咖啡王】ROASTA冷研無糖黑咖啡,黑咖啡,,,
153,【LAVAZZA】QUALITA ORO金罐咖啡粉,咖啡,,,
154,【LOTTE 樂天】玉米鬚茶,茶類;玉米,,,
155,【MAGMAG】超夯蜜餞-還魂梅,梅子,,,
156,【MAX TEA】印尼奶茶,奶茶,,,
157,【McNulty】阿拉比卡拿鐵風味咖啡,拿鐵,,,
158,【Mega Harvest】什錦榛果穀片,榛果;全穀雜糧類,,,
159,【Mega Harvest】德國-什錦水果穀片,全穀雜糧類;水果類,,,
160,【Mega Harvest】德國-什錦穀片,全穀雜糧類,,,
161,【Mega Harvest】德國-原味穀片,全穀雜糧類,,,
162,【Melissa】台灣小農嚴選 八重櫻花蜂蜜,蜂蜜,,,
163,【Melissa】台灣小農嚴選 木質龍眼蜂蜜,蜂蜜;龍眼,,,
164,【Melissa】台灣小農嚴選 皇后玫瑰蜂蜜,蜂蜜,,,
165,【Melissa】台灣小農嚴選 清香百花蜜蜂蜜,蜂蜜,,,
166,【Melissa】台灣小農嚴選 貴妃荔枝蜂蜜,蜂蜜;荔枝,,,
167,【MESTEMACHER】什錦水果穀片,全穀雜糧類;水果類,,,
168,【MESTEMACHER】什錦榛果穀片,榛果;全穀雜糧類,,,
169,【MESTEMACHER】綜合果麥片,麥;水果類,,,
170,【MESTEMACHER】德國原味穀片,全穀雜糧類,,,
171,【MILO 美祿】高鈣可可麥芽牛奶,牛奶;可可;麥,,,
172,【MILO美祿】巧克力麥芽飲品減糖配方,可可;飲品類;麥,,,
173,【MILO美祿】營養活力經典原味,飲品類,,,
174,【Minor Figures 小人物】燕麥奶,燕麥,,,
175,【MOVENPICK】莫凡彼金牌原味即溶咖啡,咖啡,,,
176,【NISSIN 日清】日清楓糖果實綜合水果穀物脆,全穀雜糧類;水果類,,,
177,【NISSIN 日清】宇治抹茶綜合水果穀物脆,全穀雜糧類;水果類;綠茶抹茶,,,
178,【NISSIN 日清】豐盛果實綜合水果穀物脆,全穀雜糧類;水果類,,,
179,【No Brand】韓國蜂蜜紅棗茶-果醬,蜂蜜;茶類;其他水果,,,
180,【OATLY】咖啡師燕麥奶,燕麥,,,
181,【Oatside 歐特賽】職人燕麥植物奶,燕麥,,,
182,【OKF】玉米鬚茶,茶類;玉米,,,
183,【OKF】韓國玉米鬚茶,茶類;玉米,,,
184,【Orasi】咖啡師杏仁奶,杏仁,,,
185,【OSK】麥茶,茶類;麥,,,
186,【PICKWICK】荷蘭品味伯爵茶,茶類,,,
187,【PICKWICK】荷蘭品味森林莓果茶,茶類;莓果,,,
188,【PICKWICK】荷蘭品味錫蘭茶,茶類,,,
189,【POST】可可風味早餐脆片,零食餅乾;可可,,,
190,【POST】杏仁風味早餐脆片,零食餅乾;杏仁,,,
191,【POST】草莓風味早餐脆片,零食餅乾;草莓,,,
192,【POST】碎小麥早餐脆片,零食餅乾;麥,,,
193,【POST】蜂蜜風味早餐脆片,零食餅乾;蜂蜜,,,
194,【POST】蜂蜜風味花型脆片,零食餅乾;蜂蜜,,,
195,【POST】蔓越莓杏仁風味早餐脆片,零食餅乾;杏仁;莓果,,,
196,【POST】藍莓風味早餐脆片,零食餅乾;藍莓,,,
197,【Quaker 桂格】全天然高蛋白黑芝麻豆奶無添加糖,豆漿豆奶;芝麻,,,
198,【Quaker 桂格】每日滿足蛋白穀物棒-藍莓可可,全穀雜糧類;藍莓;可可,,,
199,【Quaker 桂格】每日滿足蛋白穀脆-可可鮮莓,全穀雜糧類;莓果;可可,,,
200,【Quaker 桂格】每日滿足蛋白穀脆-莓果派對,全穀雜糧類;莓果,,,
201,【Quaker 桂格】每日滿足蛋白穀脆-綜合水果,全穀雜糧類;水果類,,,
202,【Quaker 桂格】桂格濃湯燕麥-吻仔魚昆布風味,燕麥;魚類海鮮;蔬菜類;湯品,,,
203,【Quaker 桂格】莓好果漾沖泡榖奶昔,全穀雜糧類;莓果,,,
204,【Quaker 桂格】減糖黑十穀,全穀雜糧類,,,
205,【RED COW紅牛】100%全脂奶粉 ,奶粉,,,
206,【RED COW紅牛】全脂奶粉,奶粉,,,
207,【Red Tractor】黃金高蛋白烤燕麥脆,燕麥,,,
208,【Red Tractor】黃金高蛋白蜂蜜烘烤燕麥脆,燕麥;蜂蜜,,,
209,【Red Tractor】黃金高蛋白蔓越莓烘烤燕麥脆,燕麥;莓果,,,
210,【RICHWELL】大麥麥茶,茶類;麥,,,
211,【RICHWELL】宇治森德三角綠茶包,綠茶抹茶,,,
212,【RICHWELL】宇治森德玄米茶包,茶類;米飯類,,,
213,【RICHWELL】宇治森德綠茶茶包,綠茶抹茶,,,
214,【RICHWELL】雀巢Excella瓶裝咖啡-無糖,咖啡,,,
215,【ROASTA】冷研拿鐵咖啡,拿鐵,,,
216,【ROASTA】冷研無糖黑咖啡,黑咖啡,,,
217,【ROASTA】咖啡拿鐵,拿鐵,,,
218,【ROASTA】無糖黑咖啡,黑咖啡,,,
219,【ROASTA洛塔】冷研無糖黑咖啡 ,黑咖啡,,,
220,【Sangaria】黑豆茶,茶類;豆類,,,
221,【Starbucks 星巴克】特選系列-太妃核果風味咖啡,咖啡;堅果種子類,,,
222,【Starbucks 星巴克】特選系列-太妃核果風味拿鐵,拿鐵;堅果種子類,,,
223,【Starbucks 星巴克】濾掛咖啡 派克市場烘焙咖啡,咖啡,,,
224,【Suntory 三得利】Green dakara 玉米茶,茶類;玉米,,,
225,【Suntory 三得利】伊右衛門熱茶系列,茶類,,,
226,【SUPER】超級三合一原味奶茶,奶茶,,,
227,【SUPER】超級三合一原味即溶咖啡,咖啡,,,
228,【SUPER】超級三合一原味減糖奶茶,奶茶,,,
229,【SUPER】超級三合一特濃即溶咖啡,咖啡,,,
230,【SWISS MISS】牛奶可可粉-棉花糖,可可;牛奶;點心甜品類,,,
231,【SWISS MISS】香醇牛奶可可粉,可可;牛奶,,,
232,【SWISS MISS】黑摩卡風味可可粉,可可,,,
233,【SWISS MISS】義式榛果風味可可粉,可可;榛果,,,
234,【SWISS MISS】熱可可粉/牛奶巧克力,可可;牛奶,,,
235,【SWISS MISS】濃情棉花糖熱可可粉,可可;點心甜品類,,,
236,【TGC 台灣咖啡莊園】台灣古坑滴濾式咖啡,咖啡,,,
237,【TGC 台灣咖啡莊園】阿里山滴濾式咖啡,咖啡,,,
238,【TGC 台灣咖啡莊園】滴濾式咖啡,咖啡,,,
239,【Tipo】皇家經典曲奇餅-奶油口味,零食餅乾;奶油,,,
240,【Tipo】皇家經典曲奇餅-巧克力口味,可可;零食餅乾,,,
241,【TSUBOICHI SEICHA】TSUBOICHI 製茶本舖 宇治抹茶粉,綠茶抹茶,,,
242,【Twinings 唐寧茶】 皇家伯爵茶,茶類,,,
243,【Twinings 唐寧茶】英倫早餐茶,茶類,,,
244,【Twinings 唐寧茶】極品錫蘭茶,茶類,,,
245,【Twinings 唐寧茶】綜合野莓茶,茶類;莓果,,,
246,【TWININGS】仕女伯爵茶,茶類,,,
247,【TWININGS】四紅果茶,茶類;水果類,,,
248,【TWININGS】香甜蜜桃茶,茶類;水蜜桃,,,
249,【TWININGS】唐寧伯爵茶,茶類,,,
250,【TWININGS】歐式大吉嶺茶,茶類,,,
251,【TWS】元色金冰糖,其它類,,,
252,【TWS】台灣味黑糖,黑糖,,,
253,【TWS】台灣維生手工純黑糖,黑糖,,,
254,【TWS】台灣維生方糖,其它類,,,
255,【TWS】台灣維生古早冰糖,其它類,,,
256,【TWS】台灣維生細粒紅冰糖,其它類,,,
257,【TWS】紅冰糖,其它類,,,
258,【TWS】特製紅糖,其它類,,,
259,【TWS】細粒冰糖,其它類,,,
260,【T世家】有機綠茶三角立體茶包,綠茶抹茶,,,
261,【T世家】冷泡茶-玄米煎茶,茶類;米飯類,,,
262,【T世家】冷泡茶-茉香綠茶,綠茶抹茶,,,
263,【T世家】冷泡茶-烏龍茶,烏龍青茶,,,
264,【T世家】抹茶粉,綠茶抹茶,,,
265,【T世家】阿里山茶,茶類,,,
266,【T世家】阿里山高山茶,茶類,,,
267,【T世家】雨林紅茶簡易包,紅茶,,,
268,【T世家】原片茉香綠茶,綠茶抹茶,,,
269,【T世家】桂花釀茶,茶類,,,
270,【T世家】極品阿里山茶,茶類,,,
271,【T世家】極品凍頂烏龍,烏龍青茶,,,
272,【T世家】碧螺春綠茶,綠茶抹茶,,,
273,【T世家】福爾摩沙紅茶,紅茶,,,
274,【T世家】精選茉香綠茶包,綠茶抹茶,,,
275,【T世家】精選凍頂烏龍茶包,烏龍青茶,,,
276,【T世家】精選錫蘭紅茶包,紅茶,,,
277,【T世家】鮮露金萱烏龍三角立體茶包,烏龍青茶,,,
278,【T世家】鮮露紅茶三角立體茶包,紅茶,,,
279,【UCC】AROMA BREW艾洛瑪水果風味咖啡,咖啡;水果類,,,
280,【UCC】AROMA BREW艾洛瑪拿鐵 ,拿鐵,,,
281,【UCC】AROMA BREW艾洛瑪黑咖啡 ,黑咖啡,,,
282,【UCC】Aroma 拿鐵咖啡,拿鐵,,,
283,【UCC】Aroma 黑咖啡,黑咖啡,,,
284,【UCC】BLACK無糖咖啡,咖啡,,,
285,【UCC】BLACK無糖黑咖啡飲料,黑咖啡,,,
286,【UCC】Special 精製即溶咖啡,咖啡,,,
287,【UCC】UCC Aroma 拿鐵咖啡,拿鐵,,,
288,【UCC】UCC Aroma 黑咖啡,黑咖啡,,,
289,【UCC】艾洛瑪氣泡柚子風味咖啡,咖啡;柚子,,,
290,【UCC】艾洛瑪氣泡黑咖啡/無糖,黑咖啡,,,
291,【UCC】冷泡義式香濃拿鐵,拿鐵,,,
292,【UCC】冷泡鹽味焦糖風味拿鐵,拿鐵,,,
293,【UCC】即溶咖啡粉,咖啡,,,
294,【UCC】典藏風味濾掛式咖啡,咖啡,,,
295,【UCC】法式深焙濾掛式咖啡,咖啡,,,
296,【UCC】冠軍監修甘醇橙香濾掛式咖啡,咖啡;柳橙,,,
297,【UCC】冠軍監修醇香果調濾掛式咖啡,咖啡;水果類,,,
298,【UCC】冠軍監修濾掛式咖啡-蜜柑堅果,咖啡;柑橘;堅果種子類,,,
299,【UCC】炭燒即溶咖啡,咖啡,,,
300,【UCC】炭燒濾掛式咖啡,咖啡,,,
301,【UCC】浸泡式咖啡-甘甜果香,咖啡;水果類,,,
302,【UCC】浸泡式咖啡-香醇堅果,咖啡;堅果種子類,,,
303,【UCC】無糖黑咖啡,黑咖啡,,,
304,【UCC】職人冰咖啡 ,咖啡,,,
305,【UCC】職人柔和果香濾掛式咖啡,咖啡;水果類,,,
306,【UCC】職人香濃綜合即溶咖啡,咖啡;堅果種子類,,,
307,【UMM】印加果綠咖啡  防彈咖啡,咖啡;堅果種子類;油脂類,,,
308,【Vinacafe】三合一即溶咖啡,咖啡,,,
309,【Viola】德國可可香蕉片脆穀片,全穀雜糧類;香蕉;可可,,,
310,【Viola】德國草莓脆穀片,全穀雜糧類;草莓,,,
311,【Viola】德國經典可可脆穀片,全穀雜糧類;可可,,,
312,【Viola】德國經典杏仁脆穀片,全穀雜糧類;杏仁,,,
313,【Weet-Bix】澳洲全榖片Mini-酥脆巧克,全穀雜糧類;可可,,,
314,【十六茶】零咖啡因複方茶,茶類,,,
315,【十全】十全綜合果醋,水果類;醋,,,
316,【卜蜂】香檸風味烤雞翅,雞;檸檬,,,
317,【卜蜂】紐奧良辣烤雞翅,雞;辣椒,,,
318,【卜蜂】蒜香烤雞翅,雞;蒜,,,
319,【卜蜂】醃漬去骨雞腿排(原味),雞,,,
320,【卜蜂】醃漬去骨雞腿排(黑胡椒),雞,,,
321,【三井】三溫糖,其它類,,,
322,【三味屋】韓式岩燒海苔(原味),海苔,,,
323,【三味屋】韓式岩燒海苔(辣味),辣椒;海苔,,,
324,【三記】手工魚餃,魚類海鮮;餃子,,,
325,【三記】手工蝦餃,蝦子;餃子,,,
326,【上野物產】水蜜桃伯爵 冷泡茶包,茶類;水蜜桃,,,
327,【上野物產】白桃烏龍 冷泡茶包,烏龍青茶;水蜜桃,,,
328,【上野物產】朱槿荔枝紅茶 冷泡茶包,紅茶;荔枝,,,
329,【上野物產】芒果綠茶 冷泡茶包,綠茶抹茶;芒果,,,
330,【上野物產】金橙柚茉綠茶 冷泡茶包,綠茶抹茶;柚子;柳橙,,,
331,【上野物產】柳橙綠茶 冷泡茶包,綠茶抹茶;柳橙,,,
332,【上野物產】紅心芭樂奶香金萱 冷泡茶包,茶類;芭樂,,,
333,【上野物產】唐寧伯爵茶 冷泡茶包,茶類,,,
334,【上野物產】桂花烏龍 冷泡茶包,烏龍青茶,,,
335,【上野物產】桂花雪梨烏龍 冷泡茶包,烏龍青茶,,,
336,【上野物產】桂蜜蘋果紅茶 冷泡茶包,紅茶;蜂蜜;蘋果,,,
337,【上野物產】草莓紅茶 冷泡茶包,紅茶;草莓,,,
338,【上野物產】荔枝烏龍 冷泡茶包,烏龍青茶;荔枝,,,
339,【上野物產】葡萄柚青茶 冷泡茶包,烏龍青茶;柚子,,,
340,【上野物產】葡萄烏龍 冷泡茶包,烏龍青茶;葡萄,,,
341,【上野物產】蜜香桂花紅茶 冷泡茶包,紅茶,,,
342,【上野物產】蜜桃烏龍 冷泡茶包,烏龍青茶;水蜜桃,,,
343,【上野物產】鳳梨青茶 冷泡茶包,烏龍青茶;鳳梨,,,
344,【上野物產】橙花紅茶 冷泡茶包,紅茶;柳橙,,,
345,【上野物產】檸檬綠茶 冷泡茶包,綠茶抹茶;檸檬,,,
346,【上野物產】蘋橙伯爵紅茶 冷泡茶包,紅茶;蘋果;柳橙,,,
347,【大尖山】雲林華山古坑二合一咖啡,咖啡,,,
348,【大拇指】天然水,飲用水,,,
349,【大拇指】全脂牛乳,牛奶,,,
350,【大拇指】竹炭水,飲用水,,,
351,【大拇指】純水,飲用水,,,
352,【大拇指】梅子醋,醋;梅子,,,
353,【大拇指】細砂糖,其它類,,,
354,【大拇指】結晶冰糖,其它類,,,
355,【大拇指】黑糖,黑糖,,,
356,【大拇指】澳洲細燕麥片,燕麥,,,
357,【大拇指】激氣泡水Power,汽水,,,
358,【大拇指】糯米粉,全穀雜糧類,,,
359,【大拇指】蘋果醋,醋;蘋果,,,
360,【大拇指】鹼性離子水,飲用水,,,
361,【小人物】濃厚版燕麥奶,燕麥,,,
362,【小林煎餅】超值綜合包,零食餅乾,,,
363,【小林煎餅】蜂蜜檸檬餅,蜂蜜;檸檬;零食餅乾,,,
364,【小林煎餅】鮮奶薄餅,牛奶;零食餅乾,,,
365,【小林煎餅】雞蛋煎餅,蛋類;零食餅乾,,,
366,【小倉食宅】尋蜜趣百花蜂蜜隨身瓶,蜂蜜,,,
367,【小倉食宅】尋蜜趣龍眼蜂蜜隨身瓶,蜂蜜;龍眼,,,
368,【小嗡農】特級龍眼蜜,蜂蜜;龍眼,,,
369,【山本漢方】大麥若葉粉末,麥,,,
370,【川涌果園】純釀造柑橘果醋,醋;柑橘,,,
371,【工研】好醋多多葡萄多,葡萄;醋,,,
372,【工研】好醋多多蘋果多,蘋果;醋,,,
373,【工研】果酢日和百香果果酢,其他水果;醋,,,
374,【工研】果酢日和梅子果酢,梅子;醋,,,
375,【工研】果酢日和蘋果果酢,蘋果;醋,,,
376,【工研】梅子酢,梅子;醋,,,
377,【工研】綜合水果醋,水果類;醋,,,
378,【工研】鳳梨酢,鳳梨;醋,,,
379,【工研】蘋果酢,蘋果;醋,,,
380,【今川農場】蜂蜜黑木耳露,蜂蜜;木耳,,,
381,【午后時光】午后時光PREmIUm極奢系-紅蘊琥珀奶茶,奶茶,,,
382,【午后時光】王室阿薩姆奶茶,奶茶,,,
383,【午后時光】伯爵奶茶 ,奶茶,,,
384,【午后時光】阿薩姆奶茶,奶茶,,,
385,【午后時光】重乳奶茶,奶茶,,,
386,【午后時光】重乳咖啡拿鐵,拿鐵;牛奶,,,
387,【午后時光】重乳草莓奶茶,奶茶;草莓,,,
388,【午后時光】錫蘭紅茶,紅茶,,,
389,【午後時光】午后時光-伯爵奶茶,奶茶,,,
390,【午後時光】午后時光-錫蘭紅茶,紅茶,,,
391,【天仁】913茶王茶包,茶類,,,
392,【天仁】日月潭紅玉紅茶包,紅茶,,,
393,【天仁】冬賞茶,茶類,,,
394,【天仁】台灣茗品-金萱烏龍茶,烏龍青茶,,,
395,【天仁】台灣茗品-精焙烏龍茶,烏龍青茶,,,
396,【天仁】台灣茗品-翠玉烏龍茶,烏龍青茶,,,
397,【天仁】台灣茗品-鮮採綠茶,綠茶抹茶,,,
398,【天仁】台灣茗賞-凍頂烏龍茶,烏龍青茶,,,
399,【天仁】台灣茗賞-高山烏龍茶,烏龍青茶,,,
400,【天仁】台灣茗禮阿里山高山茶,茶類,,,
401,【天仁】台灣茗禮茶王,茶類,,,
402,【天仁】台灣靈芽-老茶王,茶類,,,
403,【天仁】台灣靈芽-凍頂烏龍茶,烏龍青茶,,,
404,【天仁】台灣靈芽-高山烏龍茶,烏龍青茶,,,
405,【天仁】四季春烏龍茶,烏龍青茶,,,
406,【天仁】杉林溪茶,茶類,,,
407,【天仁】防潮包茉莉花茶袋茶,茶類,,,
408,【天仁】防潮包茉莉綠茶,綠茶抹茶,,,
409,【天仁】防潮包高山烏龍茶袋茶,烏龍青茶,,,
410,【天仁】防潮包菊花普洱茶,茶類,,,
411,【天仁】防潮包綠茶,綠茶抹茶,,,
412,【天仁】咖啡香紅茶-古早味紅茶,紅茶;咖啡,,,
413,【天仁】東方美人茶,茶類,,,
414,【天仁】金萱茶小五斤,茶類,,,
415,【天仁】金讚新茶-高山烏龍,烏龍青茶,,,
416,【天仁】阿里山茶,茶類,,,
417,【天仁】阿薩姆紅茶,紅茶,,,
418,【天仁】急沏冷泡茶-阿薩姆紅茶,紅茶,,,
419,【天仁】急沏冷泡茶-茉香綠茶,綠茶抹茶,,,
420,【天仁】茉莉綠茶經濟包,綠茶抹茶,,,
421,【天仁】香片茶,茶類,,,
422,【天仁】原片高山烏龍茶,烏龍青茶,,,
423,【天仁】原片菊花普洱茶,茶類,,,
424,【天仁】原片黃金玄米茶,茶類;米飯類,,,
425,【天仁】原片鮮綠茶,綠茶抹茶,,,
426,【天仁】桂花金萱茶小巧罐,茶類,,,
427,【天仁】桂花綠茶包,綠茶抹茶,,,
428,【天仁】烏龍茶,烏龍青茶,,,
429,【天仁】烏龍袋茶,烏龍青茶,,,
430,【天仁】特選烏龍茶,烏龍青茶,,,
431,【天仁】特選綠茶粉,綠茶抹茶,,,
432,【天仁】特選鐵觀音茶,茶類,,,
433,【天仁】茗茶茉香綠茶,綠茶抹茶,,,
434,【天仁】茗選烏龍茶,烏龍青茶,,,
435,【天仁】高山烏龍茶,烏龍青茶,,,
436,【天仁】野生普洱茶王,茶類,,,
437,【天仁】黃金麥茶,麥;茶類,,,
438,【天仁】精焙烏龍茶小巧罐,烏龍青茶,,,
439,【天仁】綠茶,綠茶抹茶,,,
440,【天仁】優選烏龍茶,烏龍青茶,,,
441,【天仁】鮮綠茶,綠茶抹茶,,,
442,【天仁】嚴選高山烏龍茶,烏龍青茶,,,
443,【天仁】鐵觀音,茶類,,,
444,【天然谷】燕麥棒-黑巧克力口味,燕麥;可可,,,
445,【天然谷】燕麥棒-蔓越莓,燕麥;莓果,,,
446,【天然鎂】100%海洋深層水,飲用水,,,
447,【巴部農】天然鹼性礦泉水,飲用水,,,
448,【日本九鬼】黑芝麻粉 無加糖,芝麻,,,
449,【日安】細燕麥片,燕麥,,,
450,【日安】嚴選陽光高纖燕麥片,燕麥,,,
451,【水森活】怡漾鹼性離子水,飲用水,,,
452,【王品嚴選】美國嫩肩里肌原塊牛排,牛,,,
453,【王品嚴選】剝皮辣椒豬肉水餃,辣椒;豬;餃子,,,
454,【王品嚴選】高麗菜豬肉水餃,豬;高麗菜;餃子,,,
455,【王品嚴選】鮮肉大餛飩,肉類;餃子,,,
456,【加多寶】涼茶,茶類,,,
457,【加鹼喝】加鹼喝鹼性水離子水,飲用水,,,
458,【卡薩】沖繩黑糖風味奶茶,奶茶;黑糖,,,
459,【卡薩】阿拉比果香風味濾掛咖啡,咖啡;水果類,,,
460,【古道】百香綠茶,綠茶抹茶;其他水果,,,
461,【古道】梅子綠茶,綠茶抹茶;梅子,,,
462,【古道】綠茶,綠茶抹茶,,,
463,【古道】雙味果茶-蘋果蜜桃茶,茶類;蘋果;水蜜桃,,,
464,【可口可樂】ZERO,汽水,,,
465,【可口可樂】纖維+汽水,汽水,,,
466,【可爾必思】水語原味,飲品類,,,
467,【可爾必思】可爾必思發酵BLEND梅子酢乳酸菌飲,飲品類;梅子;發酵乳,,,
468,【可爾必思】乳酸菌發酵乳飲料,飲品類;發酵乳,,,
469,【可爾必思】開心成長乳酸菌飲料,飲品類,,,
470,【可爾必思】開心成長蘋果乳酸菌飲,飲品類;蘋果,,,
471,【可爾必思】贅澤濃味乳酸菌飲料,飲品類,,,
472,【台東初鹿】 原味保久乳,保久乳,,,
473,【台酒】紅麴蕃茄汁,番茄;蔬果汁,,,
474,【台琥庫】莊園濾掛咖啡-紅玉咖啡,咖啡,,,
475,【台琥庫】莊園濾掛咖啡-熟成果香咖啡,咖啡;水果類,,,
476,【台農】牛寶寶巧克力保久乳飲品,保久乳;可可;飲品類,,,
477,【台糖】三彩藜麥,麥,,,
478,【台糖】什穀大燕麥片,燕麥,,,
479,【台糖】什錦果麥片(可素食),麥;堅果種子類,,,
480,【台糖】台糖燕麥片,燕麥,,,
481,【台糖】本土甘蔗糖,其它類,,,
482,【台糖】米麥纖穀片,麥,,,
483,【台糖】豆漿燕麥,燕麥;豆漿豆奶,,,
484,【台糖】果乾纖穀片,全穀雜糧類;水果類,,,
485,【台糖】紅豆紫米藜麥,紅豆綠豆;米飯類;麥,,,
486,【台糖】高地小農濾掛式咖啡,咖啡,,,
487,【台糖】高地小農濾掛式咖啡-梅酒果香,咖啡;梅子;酒,,,
488,【台糖】晶冰糖,其它類,,,
489,【台糖】貳號砂糖,其它類,,,
490,【台糖】黑麥片,麥,,,
491,【台糖】黑穀堅果,堅果種子類,,,
492,【台糖】黑糖,黑糖,,,
493,【台糖】黑糖薑母茶,薑;茶類;黑糖,,,
494,【台糖】精製特砂,其它類,,,
495,【台糖】精製細砂,其它類,,,
496,【台糖】綠豆薏仁銀耳,紅豆綠豆;全穀雜糧類;木耳,,,
497,【台糖】薑母茶,薑;茶類,,,
498,【台糖】藜麥珍穀,麥,,,
499,【台鹽】海洋生成水,飲用水,,,
500,【台鹽】海洋鹼性離子水,飲用水,,,
501,【台灣好農】100%台灣產產銷履歷無糖黃豆奶,豆漿豆奶,,,
502,【台灣好農】100%台灣產產銷履歷無糖黑豆奶,豆漿豆奶,,,
503,【台灣好農】100%台灣產產銷履歷微糖黃豆奶,豆漿豆奶,,,
504,【台灣好農】100%台灣產產銷履歷微糖黑豆奶,豆漿豆奶,,,
505,【台灣茶人】熊鑽黑糖磚-濃厚老薑,黑糖;薑,,,
506,【生活】日月潭紅茶,紅茶,,,
507,【生活】日月潭無糖紅茶,紅茶,,,
508,【生活】日式無糖綠茶,綠茶抹茶,,,
509,【生活】生活日月潭無糖紅茶,紅茶,,,
510,【生活】生活泡沫奶茶,奶茶,,,
511,【生活】生活泡沫花茶,茶類,,,
512,【生活】生活泡沫綠茶,綠茶抹茶,,,
513,【生活】生活蘇格蘭紅茶,紅茶,,,
514,【生活】冰咖啡,咖啡,,,
515,【生活】芒果泥好果泥紅茶,紅茶;芒果,,,
516,【生活】泡沫奶茶,奶茶,,,
517,【生活】泡沫花茶,茶類,,,
518,【生活】泡沫紅茶,紅茶,,,
519,【生活】泡沫綠茶,綠茶抹茶,,,
520,【生活】珍珠奶茶,珍珠粉粿;奶茶,,,
521,【生活】職人慢焙青茶,烏龍青茶,,,
522,【生活】蘇格蘭紅茶,紅茶,,,
523,【生活】蘇格蘭綠茶,綠茶抹茶,,,
524,【生活良好】特調濾杯咖啡,咖啡,,,
525,【石二鍋】123烏龍麵,其他麵食,,,
526,【禾圃原】迷你蔥仔餅,蔥;麵餅,,,
527,【立頓】奶茶,奶茶,,,
528,【立頓】巧克力奶茶,奶茶;可可,,,
529,【立頓】立頓奶茶 ,奶茶,,,
530,【立頓】立頓英式奶茶,奶茶,,,
531,【立頓】立頓萃香奶綠,奶茶,,,
532,【立頓】沁香奶綠,奶茶,,,
533,【立頓】英式奶茶,奶茶,,,
534,【立頓】原味奶茶,奶茶,,,
535,【立頓】焙茶歐蕾,茶類;牛奶,,,
536,【立頓】琥珀紅茶,紅茶,,,
537,【立頓】絕品醇日式抹茶歐蕾,綠茶抹茶;牛奶,,,
538,【立頓】絕品醇英式皇家奶茶,奶茶,,,
539,【立頓】絕品醇焙香烏龍奶茶,烏龍青茶;奶茶,,,
540,【立頓】絕品醇翡翠茉香奶綠,綠茶抹茶;牛奶,,,
541,【立頓】絕品醇-臺式芋頭奶茶,芋頭;奶茶,,,
542,【立頓】萃香奶綠,茶類;牛奶,,,
543,【立頓】蜂蜜紅茶,紅茶;蜂蜜,,,
544,【立頓】醇奶茶歐蕾,奶茶;牛奶,,,
545,【立頓】檸檬紅茶,紅茶;檸檬,,,
546,【伊藤園】大罐焙煎茶,茶類,,,
547,【伊藤園】濃茶,茶類,,,
548,【光泉】OAT燕麥奶,燕麥,,,
549,【光泉】午后時光-重乳奶茶,奶茶,,,
550,【光泉】午后時光-重乳咖啡拿鐵,拿鐵;牛奶,,,
551,【光泉】午后時光-重乳金麥奶茶,奶茶;麥,,,
552,【光泉】午后時光-重乳草莓奶茶 ,奶茶;草莓,,,
553,【光泉】巧克力牛奶,牛奶;可可,,,
554,【光泉】巧克力牛乳,牛奶;可可,,,
555,【光泉】正庄-冬瓜茶,冬瓜;茶類,,,
556,【光泉】正庄蜂蜜菊花茶,茶類;蜂蜜,,,
557,【光泉】光泉巧克力牛奶,牛奶;可可,,,
558,【光泉】光泉正庄蜂蜜菊花茶,茶類;蜂蜜,,,
559,【光泉】光泉全脂保久乳,保久乳,,,
560,【光泉】光泉低脂高鈣牛奶,牛奶,,,
561,【光泉】光泉冷泡茶-冰釀烏龍,烏龍青茶,,,
562,【光泉】光泉冷泡茶-冷萃綠茶 ,綠茶抹茶,,,
563,【光泉】光泉果汁牛奶,牛奶;蔬果汁,,,
564,【光泉】光泉珍穀堅果牛乳,牛奶;堅果種子類,,,
565,【光泉】光泉茉莉茶園-蜜茶,茶類;蜂蜜,,,
566,【光泉】光泉高鈣牛奶,牛奶,,,
567,【光泉】光泉富維克礦泉水,飲用水,,,
568,【光泉】光泉雞蛋豆奶,豆漿豆奶;蛋類,,,
569,【光泉】全脂保久乳,保久乳,,,
570,【光泉】低脂保久乳,保久乳,,,
571,【光泉】低脂高鈣牛乳,牛奶,,,
572,【光泉】冷泡茶-冰釀紅茶,紅茶,,,
573,【光泉】冷泡茶-冷韻青茶,烏龍青茶,,,
574,【光泉】冷泡茶-春釀綠茶,綠茶抹茶,,,
575,【光泉】冷泡茶-茶王烏龍,烏龍青茶,,,
576,【光泉】冷泡茶-朝露紅茶.無糖,紅茶,,,
577,【光泉】冷泡茶-朝露綠茶,綠茶抹茶,,,
578,【光泉】果汁牛乳,牛奶;蔬果汁,,,
579,【光泉】珍穀堅果牛乳,牛奶;堅果種子類,,,
580,【光泉】茉莉茶園-茉香柚茶,茶類;柚子,,,
581,【光泉】茉莉茶園-茉莉蜜茶,茶類;蜂蜜,,,
582,【光泉】茉莉茶園-香檸琥珀紅,茶類;檸檬,,,
583,【光泉】茉莉茶園-富蘋熟成紅,茶類;蘋果,,,
584,【光泉】茉莉茶園-無糖茉莉清茶,茶類,,,
585,【光泉】茉莉茶園-蜜茶,茶類;蜂蜜,,,
586,【光泉】茉莉茶園-蘋果紅茶,紅茶;蘋果,,,
587,【光泉】純100%低脂牛乳  ,牛奶,,,
588,【光泉】純100%保久乳,保久乳,,,
589,【光泉】高鈣牛奶,牛奶,,,
590,【光泉】高鈣牛乳,牛奶,,,
591,【光泉】麥芽牛乳,牛奶;麥,,,
592,【光泉】富維他牛乳,牛奶,,,
593,【光泉】黑豆漿,豆漿豆奶,,,
594,【光泉】黑芝麻牛乳,牛奶;芝麻,,,
595,【光泉】濃可可,可可,,,
596,【光泉】優質蛋白牛乳-原味,牛奶,,,
597,【光泉】糙米漿,米飯類,,,
598,【光泉】薏仁糙米漿,米飯類,,,
599,【光泉】鮮豆漿,豆漿豆奶,,,
600,【光泉】雞蛋豆奶,豆漿豆奶;蛋類,,,
601,【光泉】蘋果牛乳,牛奶;蘋果,,,
602,【光隆生技】花蓮七星潭海洋深層水,飲用水,,,
603,【全國】巧克力牛乳,牛奶;可可,,,
604,【全國】草莓風味牛乳,牛奶;草莓,,,
605,【全國】麥芽風味牛乳,牛奶;麥,,,
606,【吃貨】防彈奶茶,奶茶,,,
607,【吃貨】防彈咖啡,咖啡;油脂類,,,
608,【地中海】地中海竹炭水,飲用水,,,
609,【多喝水】MORE+乳酸菌氣泡飲-乳酸風味,飲品類,,,
610,【多喝水】STAY COOL酷涼礦物質強氣泡水,汽水,,,
611,【多喝水】多喝水微鹼性竹炭離子水,飲用水,,,
612,【多喝水】百香果維他命氣泡水,汽水;其他水果,,,
613,【多喝水】乳酸菌氣泡飲-乳酸風味,汽水,,,
614,【多喝水】味丹多喝水,飲用水,,,
615,【多喝水】蜜桃氣泡水,汽水;水蜜桃,,,
616,【多喝水】檸檬風味氣泡水,汽水;檸檬,,,
617,【安怡】好眠芝麻素高鈣低脂奶粉 ,奶粉;芝麻,,,
618,【安怡】保護力長青高鈣低脂奶粉,奶粉,,,
619,【安怡】關鍵高鈣低脂奶粉  ,奶粉,,,
620,【安新】奶精,油脂類,,,
621,【百家珍】洛神蜂蜜醋,蜂蜜;醋,,,
622,【百家珍】紅葡萄醋,葡萄;醋,,,
623,【百家珍】桑椹醋,其他水果;醋,,,
624,【百家珍】健字號蔓越莓醋,莓果;醋,,,
625,【百家珍】梅子活性醋,梅子;醋,,,
626,【百家珍】梅子醋,梅子;醋,,,
627,【百家珍】蜂蜜蘋果醋,蜂蜜;蘋果;醋,,,
628,【百家珍】鳳梨醋,鳳梨;醋,,,
629,【百家珍】蔓越莓醋,莓果;醋,,,
630,【百家珍】檸檬醋,檸檬;醋,,,
631,【百家珍】嚴選精釀蘋果醋-無糖,蘋果;醋,,,
632,【百家珍】蘆薈醋,蔬菜類;醋,,,
633,【百家珍】蘋果醋,蘋果;醋,,,
634,【竹北市農會】 梅得冒泡有機黃梅氣泡飲,汽水;梅子,,,
635,【西井村】冰雞爪凍,雞,,,
636,【西井村】雞翅膀,雞,,,
637,【西雅圖】白咖啡二合一,咖啡,,,
638,【西雅圖】白咖啡三合一,咖啡,,,
639,【西雅圖】萃選大濾掛咖啡,咖啡,,,
640,【西雅圖】極品咖啡貝瑞斯塔2+1,咖啡,,,
641,【西雅圖】極品咖啡貝瑞斯塔3+1,咖啡,,,
642,【西雅圖】極品萃選拿鐵三合一,拿鐵,,,
643,【西雅圖】極品綜合濾掛咖啡-藝伎綜合,咖啡,,,
644,【西雅圖】極品濾掛咖啡-極品綜合,咖啡,,,
645,【西雅圖】極品濾掛咖啡-藍山綜合,咖啡,,,
646,【西雅圖】極品嚴焙大濾掛咖啡,咖啡,,,
647,【西雅圖】綜合濾掛咖啡-全天候,咖啡,,,
648,【西雅圖】濃黑冰咖啡,咖啡,,,
649,【西雅圖】藍山風味拿鐵,拿鐵,,,
650,【西雅圖】藍山風味拿鐵二合一,拿鐵,,,
651,【伯朗】EX雙倍濃烈咖啡,咖啡,,,
652,【伯朗】ONE BREW即溶-含糖咖啡,咖啡,,,
653,【伯朗】ONE BREW即溶-黑咖啡,黑咖啡,,,
654,【伯朗】Pure Brew 醇厚拿鐵,拿鐵,,,
655,【伯朗】PureBrew 精萃美式無糖,黑咖啡,,,
656,【伯朗】二合一咖啡-無糖,咖啡,,,
657,【伯朗】二合一曼特寧咖啡-無糖,咖啡,,,
658,【伯朗】三合一可可亞,可可,,,
659,【伯朗】三合一咖啡藍山風味,咖啡,,,
660,【伯朗】三合一曼特寧咖啡,咖啡,,,
661,【伯朗】千層風味拿鐵,拿鐵,,,
662,【伯朗】大濾掛咖啡-花柚晨曦風味,咖啡,,,
663,【伯朗】大濾掛咖啡-堅果蜜香風味,咖啡;堅果種子類,,,
664,【伯朗】大濾掛咖啡-義式中深焙,咖啡,,,
665,【伯朗】大濾掛咖啡-精選深烘焙,咖啡,,,
666,【伯朗】世界藏家五國特選拿鐵,拿鐵,,,
667,【伯朗】世界藏家五國頂級美式,黑咖啡,,,
668,【伯朗】白金頂級咖啡,咖啡,,,
669,【伯朗】伯朗絲絨奶茶_濃厚乳感,奶茶,,,
670,【伯朗】伯朗嚴選濾掛咖啡-焙郁醇香,咖啡,,,
671,【伯朗】冷萃濾泡咖啡-堅果醇香風味,咖啡;堅果種子類,,,
672,【伯朗】咖啡,咖啡,,,
673,【伯朗】咖啡曼特寧風味2合1,咖啡,,,
674,【伯朗】咖啡曼特寧風味3合1,咖啡,,,
675,【伯朗】咖啡-越式風味咖啡/三合一,咖啡,,,
676,【伯朗】重焙曼特寧風味,咖啡,,,
677,【伯朗】特濃湖鹽咖啡三合一,咖啡,,,
678,【伯朗】純萃無糖美式,黑咖啡,,,
679,【伯朗】曼特寧二合一咖啡,咖啡,,,
680,【伯朗】曼特寧咖啡,咖啡,,,
681,【伯朗】無糖醇香拿鐵二合一,拿鐵,,,
682,【伯朗】焦糖烤布蕾拿鐵,拿鐵;點心甜品類,,,
683,【伯朗】絲絨奶茶_濃厚乳感,奶茶,,,
684,【伯朗】雲朵卡布奇諾三合一,咖啡,,,
685,【伯朗】雲朵焦糖瑪琪朵三合一,咖啡,,,
686,【伯朗】醇香拿鐵,拿鐵,,,
687,【伯朗】醇黑咖啡無糖,黑咖啡,,,
688,【伯朗】嚐家濾掛咖啡-盛綻果宴,咖啡,,,
689,【伯朗】嚐家濾掛咖啡-榛曦,咖啡;榛果,,,
690,【伯朗】鮮萃奶茶,奶茶,,,
691,【伯朗】藍山咖啡,咖啡,,,
692,【伯朗】藍山極萃風味,咖啡,,,
693,【克寧】100%純生乳奶粉,奶粉,,,
694,【克寧】SuperKid 高鈣成長牛乳,牛奶,,,
695,【克寧】Superkid高鈣成長牛奶,牛奶,,,
696,【克寧】UC-II靈活高鈣奶粉,奶粉,,,
697,【克寧】全家三倍鈣奶粉,奶粉,,,
698,【克寧】克寧SuperKid高鈣成長牛乳,牛奶,,,
699,【克寧】克寧草莓優酪乳,優酪優格;草莓,,,
700,【克寧】克寧紫薯藜麥牛乳,牛奶;地瓜;麥,,,
701,【克寧】芭那那高纖牛乳,牛奶;香蕉,,,
702,【克寧】紅豆燕麥牛乳,燕麥;紅豆綠豆;牛奶,,,
703,【克寧】草莓優酪乳,草莓;優酪優格,,,
704,【克寧】晚安奶粉,奶粉,,,
705,【克寧】紫薯藜麥牛乳,牛奶;地瓜;麥,,,
706,【克寧】綜合莓果·漾牛乳,牛奶;莓果,,,
707,【克寧】銀養奶粉高鈣順暢配方,奶粉,,,
708,【克寧】銀養高鈣全方位奶粉,奶粉,,,
709,【克寧】銀養高鈣葉黃素奶粉,奶粉,,,
710,【克寧】銀養高鈣葡萄糖胺奶粉,奶粉,,,
711,【克寧】銀養高鈣雙效奶粉,奶粉,,,
712,【呂師傅】豬肉高麗菜水餃,豬;高麗菜;餃子,,,
713,【每朝】EX黑咖啡,黑咖啡,,,
714,【每朝健康】無糖熟藏紅茶,紅茶,,,
715,【每朝健康】綠茶,綠茶抹茶,,,
716,【每朝健康】雙纖綠茶,綠茶抹茶,,,
717,【究·選 SUAN】草莓紅茶氣泡飲,紅茶;草莓,,,
718,【貝納頌】二合一咖啡-拿鐵,拿鐵,,,
719,【貝納頌】二合一咖啡-曼特寧,咖啡,,,
720,【貝納頌】三合一咖啡-曼特寧,咖啡,,,
721,【貝納頌】咖啡-直火炭焙,咖啡,,,
722,【貝納頌】咖啡-經典黑咖啡,黑咖啡,,,
723,【貝納頌】咖啡-榛果風味拿鐵,拿鐵;榛果,,,
724,【貝納頌】黑咖啡,黑咖啡,,,
725,【貝納頌】經典拿鐵咖啡,拿鐵,,,
726,【貝納頌】經典曼特寧咖啡,咖啡,,,
727,【貝納頌】義式特濃拿鐵,拿鐵,,,
728,【貝納頌】義式特濃黑咖啡,黑咖啡,,,
729,【貝納頌】輕負擔機能黑咖啡,黑咖啡,,,
730,【貝納頌】濾泡式咖啡曼特寧,咖啡,,,
731,【貝納頌】濾泡經典咖啡哥倫比亞,咖啡,,,
732,【京都小川】濾掛式咖啡-淺焙,咖啡,,,
733,【初鹿牧場】巧克力牛乳/保久調味乳,可可;保久乳,,,
734,【初鹿牧場】原味牛乳 ,牛奶,,,
735,【初鹿牧場】草莓乳酸飲,草莓;飲品類,,,
736,【初嚐】紅烏龍茶,烏龍青茶,,,
737,【味丹】七喜檸檬汽水,汽水;檸檬,,,
738,【味丹】心茶道冬瓜茶,茶類;冬瓜,,,
739,【味丹】心茶道健康青草茶,茶類,,,
740,【味丹】心茶道鳳梨冬瓜茶,茶類;冬瓜;鳳梨,,,
741,【味丹】心茶道檸檬冬瓜茶,茶類;冬瓜;檸檬,,,
742,【味丹】冬瓜茶,茶類;冬瓜,,,
743,【味丹】多喝水,飲用水,,,
744,【味丹】多喝水MORE+維他命氣泡水-百香果風味,汽水;其他水果,,,
745,【味丹】多喝水-MORE氣泡水,汽水,,,
746,【味丹】多喝水MORE氣泡水-蜜桃風味,汽水;水蜜桃,,,
747,【味丹】多喝水MORE氣泡水-檸檬風味,汽水;檸檬,,,
748,【味丹】多喝水-百香果維他命氣泡水,汽水;其他水果,,,
749,【味丹】多喝水-純氣泡水,汽水,,,
750,【味丹】多喝水-微鹼性竹炭離子水,飲用水,,,
751,【味丹】多喝水-蜜桃氣泡水,汽水;水蜜桃,,,
752,【味丹】多喝水-檸檬風味氣泡水,汽水;檸檬,,,
753,【味丹】多喝水-檸檬氣泡水,汽水;檸檬,,,
754,【味丹】多喝水-礦泉水,飲用水,,,
755,【味丹】多喝水鹼性竹炭水,飲用水,,,
756,【味丹】竹炭水,飲用水,,,
757,【味丹】究·選SUAN草莓紅茶氣泡飲,紅茶;草莓,,,
758,【味丹】究·選SUAN草莓紅茶氣泡飲 ,汽水;草莓;紅茶,,,
759,【味丹】究選SUAN氣泡蜜桃紅茶,紅茶;水蜜桃,,,
760,【味丹】青草茶,茶類,,,
761,【味丹】鳳梨冬瓜茶,茶類;冬瓜;鳳梨,,,
762,【味全】牛乳,牛奶,,,
763,【味全】極品限定可可牛乳,牛奶;可可,,,
764,【味全】極品限定高鈣牛乳,牛奶,,,
765,【味全】極品限定蘋果牛乳,牛奶;蘋果,,,
766,【味全】睡前牛乳,牛奶,,,
767,【咖啡廣場】統一咖啡廣場-調合式冰咖啡,咖啡,,,
768,【旺日小舖】Pokka伊達麥茶,茶類;麥,,,
769,【旺旺】旺仔牛奶,牛奶,,,
770,【易而善】100% 純鮮奶粉,奶粉,,,
771,【易而善】金配方高鈣奶粉 ,奶粉,,,
772,【易而善】恆醣定補鉻營養素奶粉,奶粉,,,
773,【易而善】新女性膠原纖亮奶粉,奶粉,,,
774,【易而善】蜂膠成人羊奶粉,奶粉;羊,,,
775,【易而善】蜂膠營養強化奶粉-幼兒奶粉,奶粉,,,
776,【易而善】蜂膠營養強化羊奶粉-幼兒適用,奶粉;羊,,,
777,【易而善】德森蜜 Q10 珍珠鈣奶粉,奶粉,,,
778,【易而善】德森蜜運動配方奶粉,奶粉,,,
779,【易而善】龜鹿雙寶葡萄糖胺營養素奶粉,奶粉,,,
780,【易而善】優蛋白高纖高鈣營養素奶粉,奶粉,,,
781,【東方飲】草莓風味氣泡飲,汽水;草莓,,,
782,【東方飲】荔枝風味氣泡飲,汽水;荔枝,,,
783,【東方飲】韓味柚子茶,茶類;柚子,,,
784,【東海大學】巧克力保久乳,保久乳;可可,,,
785,【東海大學】原味保久乳,保久乳,,,
786,【東海大學】原味保久乳/巧克力保久乳,保久乳;可可,,,
787,【林銀杏】滿杏仁飲,杏仁;飲品類,,,
788,【林聰明】經典沙鍋菜,火鍋,,,
789,【法國evian依雲】天然礦泉水,飲用水,,,
790,【法國沛綠雅】氣泡天然礦泉水,汽水;飲用水,,,
791,【法國富維克】天然礦泉水,飲用水,,,
792,【波爾】天然水,飲用水,,,
793,【波爾】葡萄柚口味,柚子,,,
794,【波蜜】100%蔬果汁,蔬果汁,,,
795,【波蜜】100%蘋果葡萄汁,蔬果汁;蘋果;葡萄,,,
796,【波蜜】C+果菜汁,蔬果汁,,,
797,【波蜜】一日水果100%葡萄汁,蔬果汁;葡萄,,,
798,【波蜜】一日水果100%蘋果汁,蔬果汁;蘋果,,,
799,【波蜜】一日蔬果100%紫色蔬果汁,蔬果汁,,,
800,【波蜜】一日蔬果100%蘋果柳橙綜合蔬果汁,蔬果汁;蘋果;柳橙,,,
801,【波蜜】一日蔬果蜜桃蘋果蔬果汁,蔬果汁;水蜜桃;蘋果,,,
802,【波蜜】一日蔬果蘋果柳橙蔬果,蔬果汁;蘋果;柳橙,,,
803,【波蜜】元氣白桃煎茶,水蜜桃;茶類,,,
804,【波蜜】元氣皇家奶茶,奶茶,,,
805,【波蜜】元氣香橙果茶,柳橙;茶類,,,
806,【波蜜】水果豐味-特調嘉年華蔬果汁 ,蔬果汁,,,
807,【波蜜】冬瓜露,冬瓜,,,
808,【波蜜】冰釀菊花,茶類,,,
809,【波蜜】多果汁,蔬果汁,,,
810,【波蜜】自然植感杏仁果奶,杏仁,,,
811,【波蜜】自然植感核桃果奶,堅果種子類;牛奶,,,
812,【波蜜】低卡果菜汁,蔬果汁,,,
813,【波蜜】果菜汁,蔬果汁,,,
814,【波蜜】波蜜100%蘋果葡萄汁,蔬果汁;蘋果;葡萄,,,
815,【波蜜】波蜜哈密瓜牛乳,牛奶;其他水果,,,
816,【波蜜】芭樂汁,蔬果汁;芭樂,,,
817,【波蜜】哈密瓜牛乳,牛奶;其他水果,,,
818,【波蜜】紅番茄汁,蔬果汁;番茄,,,
819,【波蜜】香蕉牛乳 ,牛奶;香蕉,,,
820,【波蜜】葡萄汁,蔬果汁;葡萄,,,
821,【波蜜】漢宮冬瓜茶,茶類;冬瓜,,,
822,【波蜜】漢宮蘆筍汁,蔬果汁;筍子,,,
823,【波蜜】輕飲果菜汁飲料,蔬果汁,,,
824,【波蜜】蔬果牛乳,牛奶;蔬菜類;水果類,,,
825,【波蜜】靠茶四季青茶,烏龍青茶,,,
826,【波蜜】靠茶初茗紅茶,紅茶,,,
827,【波蜜】靠茶初茗綠茶,綠茶抹茶,,,
828,【芬達】芬達橘子汽水,汽水;柑橘,,,
829,【芬達】橘子汽水,汽水;柑橘,,,
830,【金車】Crystal Valley 礦沛氣泡水,汽水,,,
831,【金車】Vita Daily 每日活力牛奶蛋白飲,牛奶;飲品類,,,
832,【金車】冰淇淋口味汽水,汽水;冰淇淋,,,
833,【金車】波爾茶-葡萄柚口味,柚子;茶類,,,
834,【金車】茶韻-日曦紅茶,紅茶,,,
835,【金車】茶韻-雲沐烏龍,烏龍青茶,,,
836,【金車】健酪乳酸-原味,飲品類,,,
837,【金車】健酪乳酸氣泡飲-原味,汽水,,,
838,【金車】梅子汽水,汽水;梅子,,,
839,【金車】麥根沙士,汽水,,,
840,【金車】麥根沙士－鳳梨可樂達,汽水;鳳梨,,,
841,【金車】奧利多水FIBER IN纖維氣泡飲,汽水,,,
842,【金車】微舒打 微氣泡葡萄口味果汁飲料,汽水;葡萄;蔬果汁,,,
843,【金車】微舒打-葡萄果汁汽水,汽水;葡萄;蔬果汁,,,
844,【金車】噶瑪蘭麥汁,汽水;麥,,,
845,【金車】礦沛PLUS+ 纖維氣泡水,汽水,,,
846,【金車】蘋果汽水,汽水;蘋果,,,
847,【阿爸ㄟ土豆】香蔥花生,蔥;花生,,,
848,【阿爸ㄟ土豆】麻辣花生,辣椒;花生,,,
849,【阿爸ㄟ土豆】蔥辣花生,蔥;辣椒;花生,,,
850,【阿薩姆】奶茶,奶茶,,,
851,【阿薩姆】阿薩姆芋香奶茶,芋頭;奶茶,,,
852,【阿薩姆】阿薩姆草莓奶茶 ,草莓;奶茶,,,
853,【阿薩姆】阿薩姆蘋果奶茶 ,蘋果;奶茶,,,
854,【阿薩姆】紅茶,紅茶,,,
855,【阿薩姆】原味奶茶,奶茶,,,
856,【阿薩姆】雙茶會奶茶,奶茶,,,
857,【青森農協】日本APLS阿爾卑斯紅葡萄汁,蔬果汁;葡萄,,,
858,【青森農協】希望之雫蘋果汁 ,蔬果汁;蘋果,,,
859,【青森農協】林檎蘋果汁 ,蔬果汁;蘋果,,,
860,【青森農協】青森蘋果汁盒裝系列 ,蔬果汁;蘋果,,,
861,【非黑不可】蜂梨糖,點心甜品類,,,
862,【枸杞家園】All-in-1波森莓+鐵,莓果,,,
863,【枸杞家園】有機認證100%枸杞,中藥材,,,
864,【津津】蘆筍汁,蔬果汁;筍子,,,
865,【紅茶花伝】皇家奶茶,奶茶,,,
866,【紅茶花伝】皇家紅茶,紅茶,,,
867,【紅牌】速纖纖維飲料,飲品類,,,
868,【紅牌】蜂蜜奶茶,蜂蜜;奶茶,,,
869,【美粒果】白葡萄汁+蘆薈果粒,蔬果汁;葡萄;蔬菜類,,,
870,【美粒果】白葡萄汁-添加清新蘆薈粒,蔬果汁;葡萄;蔬菜類,,,
871,【美粒果】白葡萄果汁,蔬果汁;葡萄,,,
872,【美粒果】柳橙汁,蔬果汁;柳橙,,,
873,【美粒果】零加糖葡萄蘇打,汽水;葡萄,,,
874,【美粒果】零加糖蜜桃蘇打,汽水;水蜜桃,,,
875,【美粒果】零加糖蘋果蘇打,汽水;蘋果,,,
876,【美粒果】蘋果蘇打,汽水;蘋果,,,
877,【美祿】巧克力牛奶-麥芽飲品,牛奶;可可;飲品類;麥,,,
878,【美祿】美祿巧克力牛奶麥芽飲品,牛奶;可可;飲品類;麥,,,
879,【美祿】美祿巧克力飲品減糖配方,可可;飲品類,,,
880,【茉莉茶園】茉香柚茶  ,柚子;茶類,,,
881,【茉莉茶園】蜜茶  ,蜂蜜;茶類,,,
882,【茉莉茶園】檸檬紅茶,檸檬;紅茶,,,
883,【茉莉茶園】蘋果紅茶,蘋果;紅茶,,,
884,【飛燕】加糖全脂煉乳,其它乳製品,,,
885,【原味本舖】麥仔茶,茶類;麥,,,
886,【原味本舖】蜂蜜菊花茶,蜂蜜;茶類,,,
887,【原萃】日式焙香煎茶,茶類,,,
888,【原萃】日式綠茶,綠茶抹茶,,,
889,【原萃】玉露綠茶,綠茶抹茶,,,
890,【原萃】冷萃日式深蒸綠茶,綠茶抹茶,,,
891,【原萃】冷萃金萱烏龍茶,烏龍青茶,,,
892,【原萃】冷萃春笠青茶,烏龍青茶,,,
893,【原萃】冷萃蜜香紅茶,紅茶,,,
894,【原萃】烏龍茶,烏龍青茶,,,
895,【原萃】烏龍茶-文山包種,烏龍青茶,,,
896,【原萃】綠茶玉露-寶特,綠茶抹茶,,,
897,【原萃】蜜香台灣青茶,烏龍青茶,,,
898,【原萃】蜜香青茶,烏龍青茶,,,
899,【原萃】錫蘭無糖紅茶,紅茶,,,
900,【原萃】鐵觀音,茶類,,,
901,【悅氏】Light氣泡水-葡萄柚口味,汽水;柚子,,,
902,【悅氏】Light礦泉氣泡水,汽水;飲用水,,,
903,【悅氏】Light鹼性水,飲用水,,,
904,【悅氏】上質好茶-金萱烏龍茶,烏龍青茶,,,
905,【悅氏】上質好茶-琥珀高山青茶,烏龍青茶,,,
906,【悅氏】山苦瓜油切綠茶,綠茶抹茶;瓜果類蔬菜,,,
907,【悅氏】天然水,飲用水,,,
908,【悅氏】日式綠茶,綠茶抹茶,,,
909,【悅氏】四季春茶,烏龍青茶,,,
910,【悅氏】油切綠茶,綠茶抹茶,,,
911,【悅氏】金萱烏龍茶,烏龍青茶,,,
912,【悅氏】青草茶,茶類,,,
913,【悅氏】悅氏天然水,飲用水,,,
914,【悅氏】悅氏礦泉氣泡水,汽水;飲用水,,,
915,【悅氏】茶花綠茶,綠茶抹茶,,,
916,【悅氏】健茶到油切綠茶-無糖,綠茶抹茶,,,
917,【悅氏】御坊烏梅釀,梅子,,,
918,【悅氏】梅子綠茶,梅子;綠茶抹茶,,,
919,【悅氏】淡水酸梅湯,湯品;梅子,,,
920,【悅氏】麥茶,茶類;麥,,,
921,【悅氏】黃金蕎麥綠茶,綠茶抹茶;蕎麥,,,
922,【悅氏】黑烏龍茶,烏龍青茶,,,
923,【悅氏】蜜香紅茶,紅茶,,,
924,【悅氏】熟成無糖紅茶,紅茶,,,
925,【悅氏】蔬果吧-胡蘿蔔綜合果蔬汁,蔬果汁;蘿蔔,,,
926,【悅氏】蔬果吧-熱帶綜合果蔬汁,蔬果汁,,,
927,【悅氏】鎂日補給運動風味氣泡飲 ,汽水,,,
928,【悅氏】鎂日補給鎂30補給水,飲用水,,,
929,【悅氏】檸檬紅茶,檸檬;紅茶,,,
930,【悅氏】雙纖油切綠茶-無糖,綠茶抹茶,,,
931,【悅氏】礦泉水,飲用水,,,
932,【悅氏】礦泉茶品-梅子綠茶,梅子;綠茶抹茶,,,
933,【悅氏】礦泉茶品-綠茶,綠茶抹茶,,,
934,【悅氏】礦泉黃金烏龍茶-無糖,烏龍青茶,,,
935,【悅氏】礦泉綠茶,綠茶抹茶,,,
936,【悅氏】鹼性離子水,飲用水,,,
937,【悦氏】上質好茶-黃金蕎麥綠茶,綠茶抹茶;蕎麥,,,
938,【悦氏】上質好茶-熟成紅茶,紅茶,,,
939,【格力高】杏仁果效果-原味杏仁果飲,杏仁;飲品類,,,
940,【格力高】杏仁果效果-無糖杏仁果飲,杏仁;飲品類,,,
941,【桂格】成長奶粉健康三益菌配方 ,奶粉,,,
942,【桂格】特濃黑芝麻穀飲,芝麻;全穀雜糧類;飲品類,,,
943,【桂格】葡萄糖胺高鈣奶粉,奶粉,,,
944,【桂格】補氣養蔘蜂蜜飲,飲品類;蜂蜜,,,
945,【桂格】膠原蛋白高鐵高鈣奶粉 ,奶粉,,,
946,【桂格】營養全穀奶-好眠高鈣(黑芝麻風味),奶粉;芝麻,,,
947,【桂格】雙效健康益生菌高鈣奶粉,奶粉,,,
948,【桂格】藜麥燕麥飲,燕麥;飲品類,,,
949,【桂格】嚴選醇濃全脂奶粉,奶粉,,,
950,【泰山】 twist water 環保包裝水,飲用水,,,
951,【泰山】Cheers Lemon檸檬氣泡水,汽水;檸檬,,,
952,【泰山】Cheers Peach水蜜桃氣泡水,汽水;水蜜桃,,,
953,【泰山】Cheers Plum梅子氣泡水 ,汽水;梅子,,,
954,【泰山】Cheers氣泡水,汽水,,,
955,【泰山】Cheers蜂蜜氣泡水,汽水;蜂蜜,,,
956,【泰山】EX 強氣泡水,汽水,,,
957,【泰山】Sunkist香吉士芭樂果汁飲料,蔬果汁;芭樂,,,
958,【泰山】Sunkist香吉士柳橙果汁飲料,蔬果汁;柳橙,,,
959,【泰山】twist water環保包裝水,飲用水,,,
960,【泰山】純水,飲用水,,,
961,【海昌】5℃天然無氣泡蘇打水,汽水,,,
962,【馬玉山】好眠芝麻素高鈣奶粉,奶粉;芝麻,,,
963,【馬玉山】葡萄糖胺高鈣奶粉,奶粉,,,
964,【健酪】Yogo fresh 乳酸飲料-原味,飲品類,,,
965,【健酪】乳酸飲料-原味,飲品類,,,
966,【健酪】乳酸飲料-草莓酪酪,飲品類;草莓,,,
967,【啵樂樂】乳酸飲料-水蜜桃口味,飲品類;水蜜桃,,,
968,【啵樂樂】乳酸飲料-青葡萄口味,飲品類;葡萄,,,
969,【國姓鄉農會】梅子海苔,海苔;梅子,,,
970,【崇德發】津津蘆筍汁,蔬果汁;筍子,,,
971,【崇德發】黑麥汁易開罐,汽水;麥,,,
972,【御禾坊】京釀烏梅汁,蔬果汁;梅子,,,
973,【惜惜】康普茶氣泡飲-荔枝蘋果,汽水;蘋果;荔枝;茶類,,,
974,【清境】竹炭水,飲用水,,,
975,【清境】純水,飲用水,,,
976,【統一】H2O純水,飲用水,,,
977,【統一】PH9.0鹼性離子水,飲用水,,,
978,【統一】水事紀麥飯石礦泉水,飲用水,,,
979,【統一】蜜豆奶-牛奶,豆漿豆奶;牛奶,,,
980,【統一】蜜豆奶-草莓,豆漿豆奶;草莓,,,
981,【統一】蜜豆奶-雞蛋,豆漿豆奶;蛋類,,,
982,【統一】蕃茄汁,蔬果汁;番茄,,,
983,【莉古瑪里】夾心餅(可可口味),可可;零食餅乾,,,
984,【莉古瑪里】夾心餅(花生口味),花生;零食餅乾,,,
985,【莉古瑪里】夾心餅(香草口味),零食餅乾;香草,,,
986,【雀巢】100%紐西蘭乳源全脂奶粉,奶粉,,,
987,【雀巢】全脂牛奶,牛奶,,,
988,【雀巢】咖啡伴侶-瓶裝奶精,咖啡;油脂類,,,
989,【雀巢】咖啡伴侶-袋裝奶精,咖啡;油脂類,,,
990,【雀巢】厚美祿可可飲品,可可;飲品類,,,
991,【雀巢】鷹牌煉奶,其它乳製品,,,
992,【雪淨pure Drip】鹼性離子水,飲用水,,,
993,【雪碧】汽水,汽水,,,
994,【富維克】礦泉水,飲用水,,,
995,【晶晶】芒果棒,芒果,,,
996,【晶晶】葡萄果汁棒,蔬果汁;葡萄,,,
997,【晶晶】優格棒,優酪優格,,,
998,【舒味思】氣泡水,汽水,,,
999,【舒味思】氣泡水原味,汽水,,,
1000,【舒味思】氣泡水萊姆口味,汽水;檸檬,,,
1001,【舒味思】通寧汽水,汽水,,,
1002,【舒味思】萊姆口味氣泡水,汽水;檸檬,,,
1003,【舒味思】薑汁汽水,汽水;薑;蔬果汁,,,
1004,【舒味思】蘇打汽水,汽水,,,
1005,【舒跑】天然水,飲用水,,,
1006,【舒跑】舒跑天然水,飲用水,,,
1007,【舒跑】舒跑鹼性離子水,飲用水,,,
1008,【舒跑】鹼性離子水,飲用水,,,
1009,【黑松】C&C乳酸菌氣泡飲,汽水,,,
1010,【黑松】C&C氣泡飲-荔枝果茶口味,汽水;荔枝,,,
1011,【黑松】C&C氣泡飲-葡萄口味 ,汽水;葡萄,,,
1012,【黑松】C&C氣泡飲-檸檬口味 ,汽水;檸檬,,,
1013,【黑松】加鹽沙士,汽水,,,
1014,【黑松】百香果C,其他水果,,,
1015,【黑松】汽水,汽水,,,
1016,【黑松】汽水C&C氣泡飲-葡萄口味,汽水;葡萄,,,
1017,【黑松】汽水C&C氣泡飲-檸檬口味,汽水;檸檬,,,
1018,【黑松】汽水C&C氣泡飲-蘋果,汽水;蘋果,,,
1019,【黑松】沙士,汽水,,,
1020,【黑松】沙士-大人系啤酒花風味,汽水;酒,,,
1021,【黑松】乳酸菌蘋果汁,蘋果;蔬果汁,,,
1022,【黑松】桂花烏梅汁,蔬果汁;梅子,,,
1023,【黑松】清新紅柚風味沙士,汽水;柚子,,,
1024,【黑松】黑松汽水C&C氣泡飲,汽水,,,
1025,【黑松】黑松汽水C&C氣泡飲-王林蘋果,汽水;蘋果,,,
1026,【黑松】黑松鹼性離子水,飲用水,,,
1027,【黑松】葡萄C,葡萄,,,
1028,【黑松】蘋果C,蘋果,,,
1029,【黑面蔡】楊桃汁飲料,蔬果汁;其他水果,,,
1030,【奧利多】奧利多水FIBER IN纖維氣泡飲,汽水,,,
1031,【奧利多】碳酸飲料,汽水,,,
1032,【奧利多】碳酸飲料-萊姆風味,汽水;檸檬,,,
1033,【奧利多水】Fiber in纖維氣泡飲,汽水,,,
1034,【奧利多水】碳酸飲料-萊姆風味,汽水;檸檬,,,
1035,【愛之味】純濃燕麥,燕麥,,,
1036,【愛之味】純濃燕麥青春三效,燕麥,,,
1037,【愛之味】純濃燕麥活力雙效,燕麥,,,
1038,【愛之味】純濃燕麥舒眠三效,燕麥,,,
1039,【愛之味】純濃燕麥葉黃素配方,燕麥,,,
1040,【愛之味】純濃燕麥-葡萄糖胺活力雙效,燕麥,,,
1041,【愛之味】純濃燕麥-瑪卡鋅能量,燕麥,,,
1042,【愛之味】純濃燕麥-膠原蛋白青春三效 ,燕麥,,,
1043,【愛之味】莎莎亞椰奶,椰子,,,
1044,【愛之味】黑巧燕麥,燕麥;可可,,,
1045,【愛之味】愛之味純濃燕麥舒眠三效,燕麥,,,
1046,【愛之味】愛之味黑巧燕麥,燕麥;可可,,,
1047,【愛之味】愛健御白玉薏仁水,飲品類;全穀雜糧類,,,
1048,【愛之味】愛健黑豆水,飲品類;豆類,,,
1049,【愛之味】愛健萬丹紅紅豆水,飲品類;紅豆綠豆,,,
1050,【愛之味】蜂蜜燕麥,燕麥;蜂蜜,,,
1051,【愛之味】鮮採蕃茄汁OLIGO,蔬果汁;番茄,,,
1052,【愛之味】鮮採蕃茄綜合蔬菜汁,蔬果汁;番茄,,,
1053,【愛之味】鮮採蕃茄蔬菜汁,蔬果汁;番茄,,,
1054,【椰活】純椰子水,飲品類;椰子,,,
1055,【義皇寶】OceanBomb荔枝風味氣泡水,汽水;荔枝,,,
1056,【義皇寶】OceanBomb黃金柚風味氣泡水,汽水;柚子,,,
1057,【義美】牛乳-保久乳,保久乳,,,
1058,【義美】巧克力牛乳,牛奶;可可,,,
1059,【義美】低糖豆奶,豆漿豆奶,,,
1060,【義美】豆奶,豆漿豆奶,,,
1061,【義美】高鈣營養牛乳-保久乳,保久乳,,,
1062,【義美】麥芽牛乳-保久乳,保久乳;麥,,,
1063,【義美】無加糖元氣豆奶,豆漿豆奶,,,
1064,【義美】無加糖元氣黑豆奶,豆漿豆奶,,,
1065,【義美】黑豆奶,豆漿豆奶,,,
1066,【義美】酸梅湯,湯品;梅子,,,
1067,【義美】糙米奶,米飯類,,,
1068,【義美】寶吉純果汁-柳橙綜合,蔬果汁;柳橙,,,
1069,【義美】寶吉純果汁-葡萄綜合,蔬果汁;葡萄,,,
1070,【義美】寶吉純果汁-蘋果,蔬果汁;蘋果,,,
1071,【義美】寶吉蔬果汁-葡萄莓果,蔬果汁;葡萄;莓果,,,
1072,【義美】寶吉蔬果汁-蘋果柳橙,蔬果汁;蘋果;柳橙,,,
1073,【聖沛黎洛】聖沛黎洛天然氣泡礦泉水,汽水;飲用水,,,
1074,【萬丹】保久乳,保久乳,,,
1075,【農會牌】100%台灣產_產銷履歷農產品 黑豆奶、黃豆奶 ,豆漿豆奶,,,
1076,【福伯】鍋巴脆餅(香辣口味),辣椒;零食餅乾,,,
1077,【福伯】鍋巴脆餅(燒烤口味),零食餅乾,,,
1078,【福樂】100%生乳保久乳-全脂 ,保久乳,,,
1079,【福樂】一番鮮保久乳,保久乳,,,
1080,【福樂】全脂牛乳100%生乳,牛奶,,,
1081,【福樂】好眠高鈣營養牛乳,牛奶,,,
1082,【福樂】明亮寶貝金盞花萃取精華營養牛乳  ,牛奶,,,
1083,【福樂】金盞花保久乳,保久乳,,,
1084,【福樂】保久乳-巧克力牛乳 ,保久乳;可可,,,
1085,【福樂】保久乳-香蕉牛乳  ,保久乳;香蕉,,,
1086,【福樂】保久乳-高鈣低脂牛乳 ,保久乳,,,
1087,【福樂】保久乳-堅果牛乳 ,保久乳;堅果種子類,,,
1088,【福樂】保久乳-雙麥牛乳  ,保久乳;麥,,,
1089,【福樂】保久乳-蘋果牛乳 ,保久乳;蘋果,,,
1090,【福樂】香蕉牛乳,牛奶;香蕉,,,
1091,【福樂】堅果牛乳,牛奶;堅果種子類,,,
1092,【福樂】超能蛋白營養牛乳-奶茶口味,牛奶;奶茶,,,
1093,【福樂】鈣多多高鈣牛乳,牛奶,,,
1094,【福樂】福樂高鈣低脂牛乳,牛奶,,,
1095,【福樂】雙麥牛乳,牛奶;麥,,,
1096,【維大力】加鹽沙士,汽水,,,
1097,【維大力】白葡萄風味氣水,汽水;葡萄,,,
1098,【維大力】蘋果風味汽水,汽水;蘋果,,,
1099,【維他露】繽果大蘋果蘇打,汽水;蘋果,,,
1100,【維他露P】大蘋果蘇打,汽水;蘋果,,,
1101,【維他露P】汽水,汽水,,,
1102,【維他露P】海鹽沙士,汽水,,,
1103,【臺鹽】海洋生成水,飲用水,,,
1104,【臺鹽】海洋鹼性離子水,飲用水,,,
1105,【酷椰嶼】椰子俱樂部100%椰子水,飲品類;椰子,,,
1106,【廣吉】高級奶精,油脂類,,,
1107,【慶尚北道】韓式泡菜,葉菜類蔬菜,,,
1108,【慶尚北道】韓式結頭菜,葉菜類蔬菜,,,
1109,【澎湖明興】花枝漿,軟體海鮮,,,
1110,【澎湖明興】花枝蝦漿,蝦子;軟體海鮮,,,
1111,【養樂多】100%蘋果汁,蔬果汁;蘋果,,,
1112,【養樂多】鮮豆漿,豆漿豆奶,,,
1113,【樹頂】100%石榴莓綜合果汁,蔬果汁;莓果;其他水果,,,
1114,【樹頂】100%純柳橙汁,蔬果汁;柳橙,,,
1115,【樹頂】100%純蘋果汁,蔬果汁;蘋果,,,
1116,【樹頂】100%蜜桃綜合果汁,蔬果汁;水蜜桃,,,
1117,【樹頂】蘋果氣泡飲,汽水;蘋果,,,
1118,【激浪】汽水,汽水,,,
1119,【龜甲萬】龜甲萬豆乳-紅茶風味,紅茶;豆漿豆奶,,,
1120,【優鮮沛】100%蘋果蔓越莓綜合果汁,蔬果汁;蘋果;莓果,,,
1121,【優鮮沛】蔓越莓綜合果汁 ,蔬果汁;莓果,,,
1122,【總舖獅】大甲芋頭丸,芋頭,,,
1123,【總舖獅】頂級帶塊花枝丸,軟體海鮮,,,
1124,【總舖獅】爆漿雞腿肉捲,雞,,,
1125,【薄雪萊】竹炭水,飲用水,,,
1126,【韓國水協】波浪魚板串,魚類海鮮,,,
1127,【韓國樂天】草莓優格風味碳酸飲,汽水;草莓;優酪優格,,,
1128,【韓國樂天】葡萄優格風味碳酸飲,汽水;葡萄;優酪優格,,,
1129,【韓國樂天】優格風味碳酸飲,汽水;優酪優格,,,
1130,【韓國樂天】韓國樂天牛奶味飲料,汽水;飲品類,,,
1131,【韓國樂天】韓國樂天草莓味飲料,草莓;飲品類,,,
1132,【韓國樂天】韓國樂天經典汽水,汽水,,,
1133,【韓華】INTAKE水蜜桃風味氣泡水,汽水;水蜜桃,,,
1134,【韓華】INTAKE麝香葡萄風味氣泡水,汽水;葡萄,,,
1135,【鮮乳坊】巧克力保久調味乳 ,保久乳;可可,,,
1136,【鮮剖】100%純椰子汁,飲品類;椰子,,,
1137,【鮮剖】100%椰子水,飲品類;椰子,,,
1138,【檸檬大叔】半乳寡糖檸檬膠囊,檸檬,,,
1139,【檸檬大叔】金桔檸檬膠囊,檸檬,,,
1140,【檸檬大叔】海鹽檸檬膠囊,檸檬,,,
1141,【檸檬大叔】烏梅檸檬膠囊,檸檬;梅子,,,
1142,【檸檬大叔】純檸檬磚,檸檬,,,
1143,【檸檬大叔】蜂蜜檸檬膠囊,檸檬;蜂蜜,,,
1144,【檸檬啾】微笑檸檬檸檬原汁,蔬果汁;檸檬,,,
1145,【豐力富】Nature幼兒成長奶粉1-3歲,奶粉,,,
1146,【豐力富】全家人高鈣營養奶粉 ,奶粉,,,
1147,【豐力富】高優質純生乳奶粉,奶粉,,,
1148,【馥可 Fooko】椰子蘇打,椰子;汽水,,,
1149,【麒麟】KIRIN午後紅茶/無糖紅茶,紅茶,,,
1150,【蘋果西打】蘋果西打,汽水,,,
1151,【魔芋爽】香辣素毛肚,辣椒;內臟及血製品,,,
1152,【魔芋爽】麻辣素毛肚,辣椒;內臟及血製品,,,
1153,【魔芋爽】酸辣泡椒素毛肚,辣椒;內臟及血製品,,,
1154,【戀】奶精球,油脂類,,,
1155,【戀】職人牛奶球,油脂類,,,
1156,【囍瑞】100%純天然石榴果汁,蔬果汁;其他水果,,,
1157,【囍瑞】100%純天然芒果綜合原汁,蔬果汁;芒果,,,
1158,【囍瑞】100%純天然柳橙汁,蔬果汁;柳橙,,,
1159,【囍瑞】100%純天然紅葡萄原汁,蔬果汁;葡萄,,,
1160,【囍瑞】100%純天然蔓越莓綜合原汁,蔬果汁;莓果,,,
1161,【囍瑞】100%純天然藍莓綜合果汁,蔬果汁;藍莓,,,
1162,【囍瑞】100%純天然覆盆莓綜合汁,蔬果汁;莓果,,,
1163,【囍瑞】100%純天然蘋果汁,蔬果汁;蘋果,,,
1164,【囍瑞】BIOES 100%純天然蘋果汁,蔬果汁;蘋果,,,
1165,【囍瑞】BIOES 純天然純葡萄果汁,蔬果汁;葡萄,,,
1166,【囍瑞】BIOES純蔓越莓綜合果汁,蔬果汁;莓果,,,
1167,21 Plus義式烤雞堅果沙拉,雞;沙拉;堅果種子類,,,
1168,21Plus主廚烤雞時蔬餐,雞;蔬菜類,,,
1169,21Plus玉米雞肉熟水餃,餃子;雞;玉米,,,
1170,21Plus炙烤香草雞胸條,雞;香草,,,
1171,21Plus剝皮辣椒雞胸肉,辣椒;雞,,,
1172,21Plus秘製炭火雞肉串,雞,,,
1173,21Plus綜合鹽水雞,雞,,,
1174,21Plus蒜香鹽酥雞,蒜;雞,,,
1175,21xBEING Fit桃木燻雞胸,雞,,,
1176,31BR 白桃鮮奶酪口味冰淇淋,冰淇淋;水蜜桃;其它乳製品,,,
1177,31BR 棉花糖口味冰淇淋,冰淇淋;點心甜品類,,,
1178,31BR 跳跳糖口味冰淇淋,冰淇淋;點心甜品類,,,
1179,31BR 薄荷巧克力口味冰淇淋,冰淇淋;可可,,,
1180,77乳加霜淇淋,點心甜品類;霜淇淋,,,
1181,913 茶王蜂蜜風味布朗尼雪糕,茶類;蜂蜜;蛋糕;冰棒雪糕,,,
1182,Binggrae香蕉牛奶霜淇淋,香蕉;牛奶;霜淇淋,,,
1183,Ｃ＆Ｃ荔枝果茶氣泡飲,荔枝;汽水,,,
1184,Carebears跳跳棉花糖,點心甜品類,,,
1185,Cheers 水蜜桃氣泡水,水蜜桃;汽水,,,
1186,Cheers 蜂蜜檸檬氣泡水,蜂蜜;檸檬;汽水,,,
1187,Ｃｈｅｅｒｓ草莓氣泡水,草莓;汽水,,,
1188,Chill嗨酷繽沙 (葡萄柚風味),柚子;冰沙,,,
1189,CHITATO 洋芋片- 炒麵口味,馬鈴薯;其他麵食;零食餅乾,,,
1190,CHITATO 洋芋片- 蒜香雞肉,馬鈴薯;蒜;雞;零食餅乾,,,
1191,CHOYA梅子酷繽沙(白桃),水蜜桃;梅子;冰沙,,,
1192,CITY水果冰沙-多肉葡萄,葡萄;冰沙,,,
1193,CITY蜜桃果粒冰茶,水蜜桃;茶類,,,
1194,Cona's草莓白巧可可,草莓;可可,,,
1195,cota 檸檬片雪酪,檸檬;冰品,,,
1196,CP-香Q白米飯,米飯類,,,
1197,Dr.meat南洋風味雞肉熱狗,雞;加工肉品,,,
1198,FMC 天然水,飲用水,,,
1199,FMC 台灣藍鵲茶,茶類,,,
1200,FMC 竹炭天然鹼性水,飲用水,,,
1201,FMC 西芹綜合蔬果汁,蔬果汁,,,
1202,FMC 芒果綜合冰茶,芒果;茶類,,,
1203,FMC 玫瑰銀耳露,木耳,,,
1204,FMC 南非國寶茶,茶類,,,
1205,FMC 紅柚翡翠茶,柚子;茶類,,,
1206,FMC 紅茶牛乳,牛奶;紅茶,,,
1207,FMC 桂花蜂蜜水,蜂蜜;飲品類,,,
1208,FMC 桑椹石榴果茶,其他水果;茶類,,,
1209,FMC 海鹽楊桃飲,其他水果;飲品類,,,
1210,FMC 梔香烏龍茶,烏龍青茶,,,
1211,FMC 雀語金萱茶,茶類,,,
1212,FMC 紫蘇芒果吧啵調酒,蔬菜類;芒果;酒,,,
1213,FMC 菊花柚香果茶,柚子;茶類,,,
1214,FMC 黃金醇麥奶茶,麥;奶茶,,,
1215,FMC 黃金蕎麥茶,茶類;蕎麥,,,
1216,FMC 葡萄沁蜜紅茶,葡萄;紅茶;蜂蜜,,,
1217,FMC 葡萄柚綠茶,柚子;綠茶抹茶,,,
1218,FMC 翡翠檸檬茶,檸檬;茶類,,,
1219,FMC 蜜香紅烏龍茶,烏龍青茶,,,
1220,FMC 樂多綠茶,綠茶抹茶;發酵乳,,,
1221,FMC 濃醇馥列白,咖啡,,,
1222,FMC 薰衣草蜂蜜水,蜂蜜;飲品類,,,
1223,FMC 贅澤黑可可,可可,,,
1224,ＦＭＣ白拿鐵,拿鐵,,,
1225,ＦＭＣ哈密瓜雪酪冰棒,其他水果;冰棒雪糕,,,
1226,ＦＭＣ草莓甘露,草莓,,,
1227,ＦＭＣ楊枝甘露,點心甜品類,,,
1228,ＦＭＣ蜂蜜柚子雪酪冰棒,蜂蜜;柚子;冰棒雪糕,,,
1229,ＦＭＣ蜂蜜黑木耳露,蜂蜜;木耳,,,
1230,ＦＭＣ蜜桃雪酪冰棒,水蜜桃;冰棒雪糕,,,
1231,ＦＭＣ鮮榨西瓜汁,其他水果;蔬果汁,,,
1232,GODIVA醇濃熱巧克力,可可,,,
1233,HERSHEY’S巧克冰沙,可可;冰沙,,,
1234,HERSHEY’S好時經典可可,可可,,,
1235,Homeal x 日式牛丼,米飯類;牛,,,
1236,Homeal x 石二鍋 辛香辣姐鍋,火鍋;辣椒,,,
1237,Homeal x 石二鍋 爆香石頭鍋,火鍋,,,
1238,Homeal x 壹番屋 奶油咖哩雞肉飯,米飯類;雞;咖哩;奶油,,,
1239,Homeal x 富錦樹-剝皮辣蝦滑蛋,蝦子;蛋類;辣椒,,,
1240,Homeal x 富錦樹-蟹黃風味獅子頭,甲殼類海鮮;加工肉品,,,
1241,Homeal x 貳樓蒜辣海鮮義大利麵,海鮮類;義大利麵;蒜;辣椒,,,
1242,Homeal x富錦樹蟹肉風味麻婆豆腐,甲殼類海鮮;豆腐,,,
1243,Homeal x貳樓烤雞佐青醬義大利麵,雞;義大利麵,,,
1244,Homeal x貳樓雙起司肉醬義大利麵,起司;肉類;義大利麵,,,
1245,Homeal x鄧師傅-客家小炒,其它類,,,
1246,Homeal x鄧師傅-塔香風味炒花蛤,貝類海鮮;葉菜類蔬菜,,,
1247,Homeal x鄧師傅-鳳梨糖醋肉,鳳梨;肉類;醋,,,
1248,Homeal 重量級日式牛丼,牛;米飯類,,,
1249,Homeal 泰式綠咖哩雞肉飯,咖哩;米飯類;雞,,,
1250,Homeal牛肉歐姆蛋咖哩飯,牛;蛋類;咖哩;米飯類,,,
1251,ＩＣＣ可可風味脆餅冰淇淋,可可;冰淇淋;零食餅乾,,,
1252,ＩＣＣ香草脆餅冰淇淋,香草;冰淇淋;零食餅乾,,,
1253,ＩＣＣ開心果脆餅冰淇淋,堅果種子類;冰淇淋;零食餅乾,,,
1254,ＩＣＥＢＲＥＡＫ草莓口味薄荷錠,點心甜品類;草莓,,,
1255,ＩＣＥＢＲＥＡＫ酸味水果薄荷錠,點心甜品類;水果類,,,
1256,if椰子水,飲品類;椰子,,,
1257,JUONO草莓優格,草莓;優酪優格,,,
1258,KitKat巧克力酷繽沙,可可;冰沙,,,
1259,KitKat薄荷巧克力酷繽沙,可可;冰沙,,,
1260,ＫｉｔＫａｔ爆米花酥脆威化,玉米;點心甜品類,,,
1261,KTV美式雞柳條,雞,,,
1262,LADEARS 開心果可麗露,堅果種子類;點心甜品類,,,
1263,LADEARS北海道生乳捲,點心甜品類;其它乳製品,,,
1264,LADEARS巧克力生乳捲,可可;點心甜品類;其它乳製品,,,
1265,LADEARS芋泥生乳捲,芋頭;點心甜品類;其它乳製品,,,
1266,LADEARS原味法式千層,點心甜品類,,,
1267,LADEARS草莓法式千層蛋糕,草莓;蛋糕,,,
1268,LADEARS提拉米蘇蛋糕杯,蛋糕;點心甜品類,,,
1269,LADEARS焦糖德式布丁,布丁,,,
1270,Lavelee 水蜜桃口味冰棒,水蜜桃;冰棒雪糕,,,
1271,Lavelee 玉蜀黍牛奶冰棒,玉米;牛奶;冰棒雪糕,,,
1272,Ｌｏｏｋ四種草莓風味可可,可可;草莓,,,
1273,M&M'S巧克力酷繽沙,可可;冰沙,,,
1274,Marinfood煙燻乾酪,起司,,,
1275,Ｍｉｌｋａ草莓夾心牛奶巧克力,草莓;牛奶;可可,,,
1276,MONBANA巧克力霜淇淋,可可;霜淇淋,,,
1277,Mr.WISH 光果茶,茶類;水果類,,,
1278,OH~嚕嚕串糰子(米血糕風味),米飯類;內臟及血製品;全穀雜糧類,,,
1279,OiOcha 香橙風味焙茶,柳橙;茶類,,,
1280,OK choice日式咖哩牛腩,牛;咖哩,,,
1281,OK choice東坡肉,豬,,,
1282,OK choice宮保雞丁,雞,,,
1283,OK choice筍香燜肉,肉類;筍子,,,
1284,OK choice黑胡椒牛腩,牛,,,
1285,OMAR威士忌巧克力塔,酒;可可,,,
1286,OPEN!蜂蜜檸檬吸凍飲PP220,蜂蜜;檸檬;點心甜品類;飲品類,,,
1287,OPEN!雙葡萄吸凍飲PP220,葡萄;點心甜品類;飲品類,,,
1288,OPEN!蘋果吸凍飲PP220,蘋果;飲品類;點心甜品類,,,
1289,OPEN將-芭樂切片,芭樂,,,
1290,OPEN將-富士蘋果袋,蘋果,,,
1291,PABLO 草莓乳酸飲,草莓;飲品類,,,
1292,PABLO 蘋果草莓紅茶,蘋果;草莓;紅茶,,,
1293,PABLO蜜桃酷奶昔,水蜜桃;其它乳製品,,,
1294,Ｐｉｎｋｙ野莓派對薄荷錠,莓果;點心甜品類,,,
1295,PLUS起司雞球,起司;雞,,,
1296,Plus經典主廚醉雞腿,雞,,,
1297,Ｐｏｒｏｒｏ　綜合水果造型軟糖,點心甜品類;水果類,,,
1298,QQ卡士達半月燒,其它乳製品;點心甜品類,,,
1299,QQ麻糬泡芙,點心甜品類,,,
1300,QQ麻糬蛋糕捲,蛋糕,,,
1301,Q肉丁德國香腸(香蒜口味),加工肉品;蒜,,,
1302,Q肉丁德國香腸(原味),加工肉品,,,
1303,Relax 茉莉花茶,茶類,,,
1304,SAKImoto 起司布丁雪糕,起司;布丁;冰棒雪糕,,,
1305,Samlip 蛋糕冰淇淋牛奶風味,蛋糕;冰淇淋;牛奶,,,
1306,SAYCHEESE培根筆管麵,加工肉品;其他麵食,,,
1307,Seasons法式香草烤雞翅,雞;香草,,,
1308,Semeur聖娜芋白映月,芋頭,,,
1309,Semeur聖娜草莓雙起司蛋糕,草莓;起司;蛋糕,,,
1310,Semeur聖娜提拉米蘇,點心甜品類,,,
1311,Semeur聖娜黑森林,點心甜品類,,,
1312,SEOJU 冰心芒果煉乳雪糕,芒果;其它乳製品;冰棒雪糕,,,
1313,SNOOPY 牛肉口味杯麵,牛;其他麵食,,,
1314,SNOOPY 泡菜口味杯麵,葉菜類蔬菜;其他麵食,,,
1315,SNOOPY 紅豆夾心牛奶雪糕,紅豆綠豆;牛奶;冰棒雪糕,,,
1316,SOMA 經典茶歐蕾,茶類;牛奶,,,
1317,Tank Boy 奇異果風味冰棒,其他水果;冰棒雪糕,,,
1318,Tank Boy 蘋果風味冰棒,蘋果;冰棒雪糕,,,
1319,TOMMI青花椒雞腿排米漢堡,米飯類;雞;辣椒,,,
1320,TOPPO 香草草莓口味夾心餅乾,香草;草莓;零食餅乾,,,
1321,ＴＷＩＺＥＬ覆盆子螺旋造型軟糖,點心甜品類;其他水果,,,
1322,ＴＷＩＺ螺旋造型軟糖可樂口味,點心甜品類;汽水,,,
1323,Will 低脂發酵乳飲料,發酵乳;飲品類,,,
1324,Will 原味發酵乳飲料,發酵乳;飲品類,,,
1325,Ｗｉｌｌ草莓發酵乳飲料,發酵乳;草莓;飲品類,,,
1326,Yogo 乳酸風味冰棒,冰棒雪糕,,,
1327,ㄉㄨㄞㄉㄨㄞ布丁蜂蜜蛋糕,蛋糕;蜂蜜;布丁,,,
1328,一口鮮肉餡餅,肉類;麵餅,,,
1329,一日野菜-活力彩蔬,蔬菜類,,,
1330,一日野菜-海藻沙拉,蔬菜類;沙拉,,,
1331,一本有機百香芒果康普茶,其他水果;芒果;茶類,,,
1332,一本有機完熟蘋果康普茶,蘋果;茶類,,,
1333,一甲子梅干焢肉刈包,豬;葉菜類蔬菜;包子饅頭,,,
1334,一鍋燒-滑蛋嫩雞親子丼,蛋類;雞;米飯類,,,
1335,一顆檸檬青茶,檸檬;烏龍青茶,,,
1336,一顆檸檬紅茶,檸檬;紅茶,,,
1337,七里香-玫瑰鹽溏心蛋,蛋類,,,
1338,七里香-茶葉溏心蛋,茶類;蛋類,,,
1339,七里香-舒食雞胸肉-泰式檸檬,雞;檸檬,,,
1340,七里香-舒食雞胸肉-普羅旺斯,雞,,,
1341,七里香-黃金煎餃,餃子,,,
1342,七里香-韓式泡菜,葉菜類蔬菜,,,
1343,七顆愛的巧克力捲,可可;點心甜品類,,,
1344,人蔘雞湯,雞;湯品;中藥材,,,
1345,八棟圓仔湯 花生薏仁湯,全穀雜糧類;湯品;花生,,,
1346,十三香風味炸雞,雞,,,
1347,十三香烤雞翅,雞,,,
1348,十三香爆漿椒香貢丸,加工肉品;辣椒,,,
1349,十月甜超濃可可波士頓派,點心甜品類;可可,,,
1350,十利抹茶芝芝茶凍雪糕,綠茶抹茶;堅果種子類;點心甜品類;冰棒雪糕,,,
1351,十利海鹽蜂蜜抹茶雪糕,蜂蜜;綠茶抹茶;冰棒雪糕,,,
1352,卜蜂黑胡椒沙拉雞胸,雞;沙拉,,,
1353,卜蜂義式輕食沙拉雞胸,雞;沙拉,,,
1354,卜蜂蒸蛋湯,蛋類;湯品,,,
1355,三矢究極綜合果汁蘇打,蔬果汁;汽水,,,
1356,三明治造型魚板,魚類海鮮,,,
1357,三杯辣海瓜子飯糰,辣椒;貝類海鮮;米飯類,,,
1358,三起司熱狗,加工肉品;起司,,,
1359,三起司燻腸完熟番茄義大利麵,義大利麵;加工肉品;起司;番茄,,,
1360,三福濃厚鮮乳布丁,牛奶;布丁,,,
1361,三福鮮奶烤布丁,牛奶;布丁,,,
1362,三麗鷗造型可可棒,可可,,,
1363,上口美食干貝參燉烏雞,貝類海鮮;雞,,,
1364,上口美食筒仔米糕,米飯類,,,
1365,上口美食極緻干貝海鮮羹,貝類海鮮;羹,,,
1366,上好佳米果分享包- 椰子口味,零食餅乾;椰子,,,
1367,上海火腿蜜汁金華火腿,加工肉品;蜂蜜,,,
1368,上海風味生煎包,包子饅頭,,,
1369,上海鄉村東坡肉,豬,,,
1370,千味海鮮台式封雞,海鮮類;雞,,,
1371,千味海鮮蒜苗白鯧炊粉,魚類海鮮;蒜;其他麵食,,,
1372,大口法式蕈菇起司雞排飯糰,菌菇;起司;雞;米飯類,,,
1373,大口花椒香麻雞飯糰,辣椒;雞;米飯類,,,
1374,大口花雕雞飯糰,雞;米飯類;酒,,,
1375,大口金黃薯牛堡飯糰,地瓜;牛;米飯類,,,
1376,大口宮保雞丁飯糰,雞;米飯類,,,
1377,大口義式香草烤雞飯糰,香草;雞;米飯類,,,
1378,大口蒜味香腸燒肉雙拼飯糰,蒜;加工肉品;米飯類,,,
1379,大口歐風漢堡排佐焙煎咖哩飯糰,加工肉品;咖哩;米飯類,,,
1380,大份量麻醬涼麵(升級版),其他麵食,,,
1381,大成椒鹽炸雞柳,雞,,,
1382,大亨堡麵包,麵包吐司,,,
1383,大納言紅豆鬆餅,全穀雜糧類;紅豆綠豆,,,
1384,大飯糰春川風味辣炒雞,辣椒;雞;米飯類,,,
1385,大飯糰鮪魚昆布,鮪魚;蔬菜類;米飯類,,,
1386,大溪地檸檬冰磚精品美式,黑咖啡;檸檬,,,
1387,大溪老街現做手工拿破崙派,點心甜品類,,,
1388,大溪豆干- 沙茶,豆類,,,
1389,大腸肉羹麵線,內臟及血製品;其他麵食;羹,,,
1390,子龍點鴨鴨肉酸菜魚,鴨;魚類海鮮;葉菜類蔬菜,,,
1391,小小樹食繽紛時蔬青醬筆管麵,其他麵食;蔬菜類,,,
1392,小麥胚芽土司,麵包吐司;麥,,,
1393,小腸豬血湯,內臟及血製品;湯品;豬,,,
1394,小滷青蔬,蔬菜類,,,
1395,小滿漢佛跳牆,其它類,,,
1396,小龍蝦沙拉三明治,蝦子;沙拉;麵包吐司,,,
1397,山內雞肉甘蔗燻雞,雞;其他水果,,,
1398,山內雞肉油雞腿排,雞,,,
1399,山內雞肉雞汁香筍,雞;筍子,,,
1400,山內雞肉雞油蔥拌飯,油脂類;蔥;米飯類;雞,,,
1401,山丘藍 台灣藍莓PLUS+霜淇淋,藍莓;霜淇淋,,,
1402,山丘藍 台灣藍莓霜淇淋,藍莓;霜淇淋,,,
1403,山羊城紅燒羊肋團聚組,羊,,,
1404,山形西洋梨霜淇淋,其他水果;霜淇淋,,,
1405,山嵐紫蘇金萱,茶類;蔬菜類,,,
1406,川味紅油辣子麵風點心麵,零食餅乾;辣椒,,,
1407,川味麻婆燒豆腐燴飯,豆腐;米飯類,,,
1408,川味椒麻煎餃,辣椒;餃子,,,
1409,不可思議冠軍美式,黑咖啡,,,
1410,不可思議冠軍拿鐵,拿鐵,,,
1411,不可思議茶拿鐵,拿鐵,,,
1412,不含貘芝麻牛奶,芝麻;牛奶,,,
1413,不知火橘霜淇淋,霜淇淋;柑橘,,,
1414,中一排骨 經典香蒜排骨,豬;蒜,,,
1415,中華豆花(水果風味),豆類;水果類,,,
1416,中華油豆腐,豆腐,,,
1417,丹麥紅豆土司,麵包吐司;紅豆綠豆;丹麥可頌,,,
1418,丹麥起司火腿,丹麥可頌;起司;加工肉品,,,
1419,五星水果拼盤,水果類,,,
1420,井村屋板栗麻糬冰淇淋,點心甜品類;冰淇淋;堅果種子類,,,
1421,元本山脆烤海苔8 切香辣風味,海苔;辣椒,,,
1422,元氣水煮蛋厚片,麵包吐司;蛋類,,,
1423,元氣蛋沙拉厚片,麵包吐司;蛋類;沙拉,,,
1424,元氣滿滿野蔬沙拉,蔬菜類;沙拉,,,
1425,及第植物肉水餃,餃子;豆類,,,
1426,及第豬肉熟水餃,豬;餃子,,,
1427,反烤焦糖布丁蛋糕,布丁;蛋糕,,,
1428,天下三絕藤椒牛肉水餃,辣椒;牛;餃子,,,
1429,天祥榨菜朝天辣醬,葉菜類蔬菜;辣椒,,,
1430,太妃焦糖風味瑪奇朵,咖啡,,,
1431,太陽有機山菠菜,葉菜類蔬菜,,,
1432,太陽有機空心菜,葉菜類蔬菜,,,
1433,巴薩米克醋佐煙燻鴨義大利麵,鴨;義大利麵;醋,,,
1434,心潮飯店-醬燒豬肉飯,豬;米飯類,,,
1435,心鑽物語巧克力鐵盒,可可,,,
1436,文元街紅油抄手麵,其他麵食;油脂類,,,
1437,方蘭川布丁,布丁,,,
1438,日日蜜柑霜淇淋,柑橘;霜淇淋,,,
1439,日世霜淇淋-香菜風味(奶素),葉菜類蔬菜;霜淇淋,,,
1440,日世霜淇淋-起司蛋糕風味(蛋奶素),起司;蛋糕;霜淇淋,,,
1441,日世霜淇淋-莊園牛奶(奶素),牛奶;霜淇淋,,,
1442,日本山梨麝香葡萄杯,葡萄;其他水果,,,
1443,日本全家泡芙起司球,起司;點心甜品類,,,
1444,日本全家起司風味玉米點心,起司;玉米,,,
1445,日本全家迷你可頌餅乾,丹麥可頌;零食餅乾,,,
1446,日本全家葡萄乾夾心餅乾,葡萄;零食餅乾,,,
1447,日本全家濃厚咖哩風味仙貝,咖哩;零食餅乾,,,
1448,日本全家雞汁風味厚切洋芋片,馬鈴薯;零食餅乾,,,
1449,日本全家鹽味爆米花,玉米;點心甜品類,,,
1450,日本豆皮壽司,豆類;米飯類,,,
1451,日本黃金腿排,肉類,,,
1452,日安紅濃茶歐蕾霜淇淋,牛奶;茶類;霜淇淋,,,
1453,日式半熟蛋,蛋類,,,
1454,日式佛蒙特咖哩雞肉飯,咖哩;雞;米飯類,,,
1455,日式豆皮蕎麥風味冷麵,豆類;其他麵食;蕎麥,,,
1456,日式咖哩雞燴飯,雞;咖哩;米飯類,,,
1457,日式唐揚雞,雞,,,
1458,日式海鮮炒烏龍麵,海鮮類;其他麵食,,,
1459,日式雪花牛丼,牛;米飯類,,,
1460,日式溫泉蛋,蛋類,,,
1461,日式煎茶霜淇淋,茶類;霜淇淋,,,
1462,日式壽喜燒,其它類,,,
1463,日式蕎麥沾麵,蕎麥;其他麵食,,,
1464,日式薑燒豬肉,豬;薑,,,
1465,日式雞肉串,雞,,,
1466,日式雞蛋沙拉三明治,蛋類;麵包吐司;沙拉,,,
1467,日東紅茶皇家奶茶霜淇淋,紅茶;奶茶;霜淇淋,,,
1468,日芳珍饌鮮蝦海鮮卷,蝦子,,,
1469,日芳珍饌醬煮鮑魚,貝類海鮮,,,
1470,月見醬油冷烏龍麵,其他麵食,,,
1471,木瓜牛奶酷繽沙,其他水果;牛奶;冰沙,,,
1472,木瓜牛奶霜淇淋,其他水果;牛奶;霜淇淋,,,
1473,木曜-香辣炸雞腿,雞;辣椒,,,
1474,比利時巧克力霜淇淋,可可;霜淇淋,,,
1475,水水灶咖 泰式蛤蜊酸辣寬粉,貝類海鮮;辣椒;其他麵食,,,
1476,水水灶咖 泰式辣炒豬肉飯,豬;辣椒;米飯類,,,
1477,水水很芒酷繽沙,芒果;冰沙,,,
1478,水果玉米棒,玉米,,,
1479,水梨袋,其他水果,,,
1480,水蜜桃牛奶霜淇淋,水蜜桃;牛奶;霜淇淋,,,
1481,水蜜桃霜淇淋,水蜜桃;霜淇淋,,,
1482,火腿蛋沙拉夾心土司,加工肉品;蛋類;麵包吐司,,,
1483,火腿蛋炒飯,加工肉品;蛋類;米飯類,,,
1484,火腿醬香炒飯,米飯類;加工肉品,,,
1485,牛奶糖酷繽沙,點心甜品類;冰沙,,,
1486,牛肉起司可頌,牛;起司;丹麥可頌,,,
1487,牛肝菌菇濃湯,菌菇;湯品,,,
1488,牛角-牛豚大盛燒肉丼飯,牛;豬;米飯類,,,
1489,牛角-炙燒雙拼便當,便當,,,
1490,牛角-炭烤牛燒肉便當,牛;便當,,,
1491,牛角燒肉米漢堡,米飯類;肉類,,,
1492,牛店紅燒牛肉麵,牛;其他麵食,,,
1493,王品嚴選元氣人參燉雞湯,根莖類蔬菜;雞;湯品,,,
1494,王品嚴選金饌平安團圓宴,其它類,,,
1495,王品嚴選特製醬煨牛小排佐松露醬,牛;菌菇,,,
1496,王品嚴選鮑魚海味佛跳牆,其它類,,,
1497,王品嚴選霸氣外肉紅白鍋王套組,肉類;火鍋,,,
1498,主廚麻油雞飯,雞;米飯類;麻油,,,
1499,仙女紅茶,紅茶,,,
1500,仙女紅茶霜淇淋,紅茶;霜淇淋,,,
1501,仙女醇奶茶,奶茶,,,
1502,仙仙仙草霜淇淋,仙草;霜淇淋,,,
1503,仙草牛奶綜合霜淇淋,仙草;牛奶;霜淇淋,,,
1504,冬瓜QQ撞奶,冬瓜;牛奶,,,
1505,北投老爺酒店糖醋排骨,豬;醋,,,
1506,北海道玉米濃湯風味洋芋片,玉米;湯品;馬鈴薯;零食餅乾,,,
1507,北海道哈密瓜霜淇淋,其他水果;霜淇淋,,,
1508,北海道秋鮭親子飯糰,鮭魚;米飯類,,,
1509,北海道秋鮭鮪魚雙手卷,鮭魚;米飯類;鮪魚,,,
1510,北海道風燉馬鈴薯,馬鈴薯,,,
1511,北海道起司風味洋芋片,起司;馬鈴薯;零食餅乾,,,
1512,北海道蕎麥風味沾麵,其他麵食;蕎麥,,,
1513,北海道鮮乳拿鐵（四葉）,拿鐵;牛奶,,,
1514,北海道鮮乳拿鐵（函館）,拿鐵;牛奶,,,
1515,半熟玉子卡波納拉義大利麵,蛋類;義大利麵,,,
1516,半熟起司酷繽沙,起司;冰沙,,,
1517,卡士達麻糬泡芙,其它乳製品;點心甜品類,,,
1518,卡布奇諾,咖啡,,,
1519,卡曼橘青茶,柑橘;烏龍青茶,,,
1520,卡曼橘美式,柑橘;黑咖啡,,,
1521,卡辣姆久厚切洋芋勁辣唐辛子口味,馬鈴薯;辣椒;零食餅乾,,,
1522,去骨鳳爪,雞,,,
1523,古早味金瓜炊粉,瓜果類蔬菜;其他麵食,,,
1524,古早味甜甜圈,點心甜品類,,,
1525,古道梅子綠茶奶蓋雪糕,梅子;綠茶抹茶;牛奶;冰棒雪糕,,,
1526,可口牛肉麵椒香牛雙寶,牛;其他麵食;辣椒,,,
1527,可口可樂水蜜桃口味,汽水;水蜜桃,,,
1528,可口紅燒牛肉麵,牛;其他麵食,,,
1529,可可脆皮泡芙,可可;點心甜品類,,,
1530,可爾必思水蜜桃霜淇淋,水蜜桃;霜淇淋,,,
1531,可爾必思牛奶霜淇淋,牛奶;霜淇淋,,,
1532,可樂餅,馬鈴薯,,,
1533,台式馬卡龍,點心甜品類,,,
1534,台式綜合甜不辣,魚類海鮮,,,
1535,台南邱家小卷米粉,軟體海鮮;其他麵食,,,
1536,台南香格里拉鮑魚佛跳牆,其它類,,,
1537,台南晶英富貴金龍宴,其它類,,,
1538,台南潮蝦餅柚香檸檬,蝦子;柚子;檸檬;麵餅,,,
1539,台畜煙燻豬肝,內臟及血製品;豬,,,
1540,台塑有機小松菜,葉菜類蔬菜,,,
1541,台塑有機小黃瓜,瓜果類蔬菜,,,
1542,台塑有機山菠菜,葉菜類蔬菜,,,
1543,台塑有機牛蕃茄,番茄,,,
1544,台塑有機玉米筍,筍子,,,
1545,台塑有機白菜,白菜,,,
1546,台塑有機地瓜葉,葉菜類蔬菜,,,
1547,台塑有機羽衣甘藍,葉菜類蔬菜,,,
1548,台塑有機空心菜,葉菜類蔬菜,,,
1549,台塑有機芝麻葉,葉菜類蔬菜;芝麻,,,
1550,台塑有機金針菇,菌菇,,,
1551,台塑有機青江菜 ,葉菜類蔬菜,,,
1552,台塑有機青椒,辣椒,,,
1553,台塑有機苦瓜,瓜果類蔬菜,,,
1554,台塑有機香菜,葉菜類蔬菜,,,
1555,台塑有機粉蔥,蔥,,,
1556,台塑有機高冷高麗菜,高麗菜,,,
1557,台塑有機黑葉白菜,白菜,,,
1558,台塑有機蒜頭,蒜,,,
1559,台塑有機櫛瓜,瓜果類蔬菜,,,
1560,台塑有機薑,薑,,,
1561,台塑有機鮮切南瓜,瓜果類蔬菜,,,
1562,台塑鮮蒜仁,蒜,,,
1563,台塑嚴選台灣乾香菇,菌菇,,,
1564,台農全脂保久乳( 溫罐),保久乳,,,
1565,台灣上等蕉(裸賣),香蕉,,,
1566,台灣香蕉重量分享包,香蕉,,,
1567,台灣黑輪,魚類海鮮,,,
1568,四川吳抄手酸辣雙耳,木耳;辣椒,,,
1569,四季金萱霜淇淋,茶類;霜淇淋,,,
1570,四季春青茶,烏龍青茶,,,
1571,夯吉薯薯酷繽沙,地瓜;冰沙,,,
1572,夯番薯霜淇淋,地瓜;霜淇淋,,,
1573,奶油手撕餐包,奶油;麵包吐司,,,
1574,奶油起司蝦仁通心粉,奶油;起司;蝦子;其他麵食,,,
1575,奶油培根義大利麵,義大利麵;加工肉品;奶油,,,
1576,奶油蛋黃醬培根義大利麵,義大利麵;加工肉品;奶油,,,
1577,奶油蒜香雞義大利麵,義大利麵;雞;蒜;奶油,,,
1578,奶蓋茶王焙火烏龍,烏龍青茶;牛奶,,,
1579,奶蓋梔子花青茶,烏龍青茶;牛奶,,,
1580,奶蓋琥珀小葉紅茶,牛奶;紅茶,,,
1581,奶蓋輕烏龍,烏龍青茶;牛奶,,,
1582,巧米多焦糖爆米花,玉米;點心甜品類,,,
1583,巧克力甜甜圈,可可;點心甜品類,,,
1584,巧克力餅乾冰淇淋( 香草風味),零食餅乾;冰淇淋;香草;可可,,,
1585,巧克力霜淇淋,可可;霜淇淋,,,
1586,巧酥餅乾泡芙,點心甜品類;零食餅乾,,,
1587,巨大扁可頌-青檸口味,丹麥可頌;檸檬,,,
1588,巨峰葡萄霜淇淋,葡萄;霜淇淋,,,
1589,布丁霜淇淋,霜淇淋;布丁,,,
1590,弘揚植物肉青花椒熟水餃,餃子;豆類;辣椒,,,
1591,弘陽-東山風味滷味,其它類,,,
1592,弘陽-植物肉玉米熟水餃,餃子;豆類;玉米,,,
1593,必勝客-抹茶紅豆起司塔,綠茶抹茶;紅豆綠豆;起司,,,
1594,本日精選咖啡,咖啡,,,
1595,永心鳳茶剝皮辣椒,辣椒,,,
1596,永心鳳茶剝皮辣椒燉雞盅,辣椒;雞,,,
1597,永豐餘羽衣甘藍風味果汁飲,葉菜類蔬菜;蔬果汁,,,
1598,玄米抹茶酷繽沙,米飯類;綠茶抹茶;冰沙,,,
1599,玉米脆片- 勁辣口味,玉米;辣椒;零食餅乾,,,
1600,玉米豬肉手工水餃,玉米;豬;餃子,,,
1601,玉米濃湯風味棒,玉米;湯品;點心甜品類,,,
1602,玉米濃湯霜淇淋,玉米;湯品;霜淇淋,,,
1603,玉米蘿蔔排骨湯,玉米;蘿蔔;豬;湯品,,,
1604,瓜地馬拉精品美式咖啡,黑咖啡,,,
1605,瓜地馬拉精品拿鐵咖啡,拿鐵,,,
1606,甘草芭樂,芭樂,,,
1607,生巧克力風味牛奶糖,可可;點心甜品類,,,
1608,生乳布丁,其它乳製品;布丁,,,
1609,生果粒草莓滿餡麵包,麵包吐司;草莓,,,
1610,生青森蘋果滿餡麵包,蘋果;麵包吐司,,,
1611,生香濃花生滿餡麵包,麵包吐司;花生,,,
1612,生凍海灣貝柱,貝類海鮮,,,
1613,生榛果濃可可滿餡麵包,麵包吐司;可可;榛果,,,
1614,田園蔬菜沙拉,蔬菜類;沙拉,,,
1615,白玉抹茶紅豆酷繽沙,紅豆綠豆;綠茶抹茶;冰沙,,,
1616,白肉火龍果切片,其他水果,,,
1617,白酒蛤蜊義大利麵,義大利麵;貝類海鮮;酒,,,
1618,白葡萄霜淇淋,葡萄;霜淇淋,,,
1619,白蘭地葡萄餅乾夾心,葡萄;零食餅乾,,,
1620,白蘿蔔,蘿蔔,,,
1621,皮蛋辣拌麵,蛋類;辣椒;其他麵食,,,
1622,石安牧場香滷蛋白丁,蛋類,,,
1623,石安牧場剝皮辣椒茶碗蒸,辣椒;蛋類,,,
1624,石安牧場溏心蛋飯糰,米飯類;蛋類,,,
1625,石安牧場溫泉蛋,蛋類,,,
1626,石安牧場蔬食茶碗蒸,蔬菜類;蛋類,,,
1627,立頓水果茶氣泡酷繽沙,水果類;茶類;冰沙,,,
1628,立頓琥珀紅茶,紅茶,,,
1629,立頓蜂蜜紅茶,蜂蜜;紅茶,,,
1630,伊索比亞精品美式咖啡,黑咖啡,,,
1631,伊索比亞精品拿鐵咖啡,拿鐵,,,
1632,伊藤園抹茶霜淇淋,綠茶抹茶;霜淇淋,,,
1633,光泉正庄杏仁豆腐,杏仁;豆腐,,,
1634,光泉麥芽牛奶酷繽沙,牛奶;冰沙;麥,,,
1635,全鴨坊X頂園燜筍,筍子,,,
1636,冰一顆檸檬金烏龍茶王,烏龍青茶;檸檬,,,
1637,冰一顆檸檬英曙格雷紅茶,紅茶;檸檬,,,
1638,冰心地瓜,地瓜,,,
1639,冰心乳酪條,起司;冰品,,,
1640,冰米麻糬金烏龍茶拿鐵,烏龍青茶;拿鐵;點心甜品類,,,
1641,冰米麻糬英曙格雷茶拿鐵,拿鐵;點心甜品類,,,
1642,冰荔枝寒天青茶,荔枝;烏龍青茶,,,
1643,冰荔枝寒天輕烏龍,荔枝;烏龍青茶,,,
1644,冰淇淋,冰淇淋,,,
1645,冰淇淋小葉紅茶,紅茶;冰淇淋,,,
1646,冰淇淋紅茶,紅茶;冰淇淋,,,
1647,冰淇淋格雷紅茶,紅茶;冰淇淋,,,
1648,冰甜杏凍金烏龍,烏龍青茶;點心甜品類;堅果種子類,,,
1649,冰蜂蜜金烏龍茶王,烏龍青茶;蜂蜜,,,
1650,冰滴咖啡,咖啡,,,
1651,冰綿綿金烏龍茶王,烏龍青茶,,,
1652,冰綿綿英曙格雷紅茶,紅茶,,,
1653,冰鮮爽蜜蘋果風味紅茶,紅茶;蘋果,,,
1654,冰鎮水果泡泡果茶,水果類;茶類,,,
1655,冰鑲花茶凍金烏龍,烏龍青茶;點心甜品類,,,
1656,匈牙利風味香草烤雞腿,雞;香草,,,
1657,匈牙利香草烤雞翅,雞;香草,,,
1658,吉士火腿蛋堡,起司;加工肉品;蛋類;麵包吐司,,,
1659,吉士香雞蛋堡,雞;蛋類;麵包吐司;起司,,,
1660,吉士豬肉堡加蛋,起司;豬;蛋類;麵包吐司,,,
1661,吉比花生酷繽沙,花生;冰沙,,,
1662,吉可頌-蔥可頌,蔥;丹麥可頌,,,
1663,吉伊卡哇卡士達銅鑼燒(楓糖口味),點心甜品類;其它乳製品,,,
1664,吉伊-雙餡奶霜麵包,麵包吐司;牛奶,,,
1665,吉依卡哇卡士達麻糬泡芙,其它乳製品;點心甜品類,,,
1666,地瓜瓜握沙拉,地瓜;沙拉,,,
1667,地瓜雞胸肉沙拉,地瓜;雞;沙拉,,,
1668,多穀紫米飯,米飯類,,,
1669,好多菜三明治,麵包吐司;蔬菜類,,,
1670,好時-可可雙餡鬆餅,全穀雜糧類;可可,,,
1671,好時-巧克力牛奶棒,可可;牛奶,,,
1672,好時巧克力派,可可;點心甜品類,,,
1673,好時-莓果風味巧克力軟餅乾,莓果;零食餅乾;可可,,,
1674,好時-愛餡大亨可可雙餡軟法,麵包吐司;可可,,,
1675,好喝奶茶,奶茶,,,
1676,好喝蕎麥奶茶,蕎麥;奶茶,,,
1677,好菇道雪白菇(免洗),菌菇,,,
1678,好菇道舞菇(免洗),菌菇,,,
1679,好菇道鴻喜菇(免洗),菌菇,,,
1680,好麗友好多龍餅乾( 燒烤味),零食餅乾,,,
1681,好釋成霜霜淇淋,其他水果;霜淇淋,,,
1682,如記真空玉米筍,筍子,,,
1683,如記真空綠竹筍,筍子,,,
1684,安昕有機小白菜,白菜,,,
1685,安昕有機小松菜,葉菜類蔬菜,,,
1686,安昕有機青江菜,葉菜類蔬菜,,,
1687,安昕有機黑葉白菜,白菜,,,
1688,托斯卡尼雙餡土司,麵包吐司,,,
1689,有機小白菜,白菜,,,
1690,有機青江菜,葉菜類蔬菜,,,
1691,有機高麗菜,高麗菜,,,
1692,朴大哥-韓式辣白菜,白菜,,,
1693,灰潮香草霜淇淋,香草;霜淇淋,,,
1694,百事可樂無糖( 黑神話聯名),汽水,,,
1695,百奇玫瑰風味棒,點心甜品類,,,
1696,百香QQ綠,其他水果;茶類,,,
1697,百香軟Q酷繽沙,其他水果;冰沙,,,
1698,竹南懷舊肉粽桂圓小米甜糕,米飯類;肉類;龍眼;點心甜品類,,,
1699,竹輪,魚類海鮮,,,
1700,米米花- 牛奶巧克力口味,牛奶;可可,,,
1701,米血糕,內臟及血製品;米飯類,,,
1702,米香-蟹黃蝦仁豆腐煲燴飯,米飯類;豆腐;蝦子,,,
1703,米香-鹹酥蝦飯糰,米飯類;蝦子,,,
1704,老奶奶檸檬蛋糕,檸檬;蛋糕,,,
1705,老協珍人蔘精麥蘆卡,麥;中藥材,,,
1706,老協珍五福宴年菜套組,其它類;蔬菜類,,,
1707,老協珍佛跳牆精靈球甕,其它類,,,
1708,老協珍佛跳牆寶可夢甕,其它類,,,
1709,老協珍烏參牛腩煲,海鮮類;牛,,,
1710,老協珍無加糖人蔘精,中藥材,,,
1711,老協珍酷洛米烏參佛跳牆,其它類,,,
1712,老協珍熬雞精,雞;飲品類,,,
1713,老協珍鮑魚干貝佛跳牆,其它類;貝類海鮮,,,
1714,老板娘甜不辣脆片-鹹酥雞口味,魚類海鮮;零食餅乾;雞,,,
1715,老虎堂五行紅棗桂圓小湯圓,其他水果;全穀雜糧類;龍眼,,,
1716,老虎堂黑糖薑母紅茶,薑;紅茶;黑糖,,,
1717,老曾羊肉羊小排湯,羊;湯品,,,
1718,老薑麻油片豬燴飯,豬;米飯類;薑;麻油,,,
1719,老薑煸麻油杏鮑菇,菌菇;薑;麻油,,,
1720,肉之間石頭火鍋,火鍋,,,
1721,肉香燴豆腐,肉類;豆腐,,,
1722,肉絲炒飯,肉類;米飯類,,,
1723,肉絲黃金蛋炒飯,米飯類;蛋類;肉類,,,
1724,衣索比亞耶加雪菲美式,黑咖啡,,,
1725,衣索比亞耶加雪菲拿鐵,拿鐵,,,
1726,衣索比亞耶加雪菲氣泡美式,黑咖啡,,,
1727,西瓜牛奶酷繽沙,其他水果;冰沙;牛奶,,,
1728,西西里咖啡,咖啡,,,
1729,西西里風檸檬咖啡,咖啡;檸檬,,,
1730,西西里風檸檬氣泡咖啡,咖啡;檸檬,,,
1731,西西里氣泡咖啡,咖啡,,,
1732,西班牙【GIGNAC奇納格】經典紅葡萄酒,葡萄;酒,,,
1733,辻利抹茶霜淇淋,綠茶抹茶;霜淇淋,,,
1734,辻利紅豆抹茶酷繽沙,紅豆綠豆;綠茶抹茶;冰沙,,,
1735,伯爵可可奶蓋雪糕,可可;牛奶;冰棒雪糕,,,
1736,免剝殼菱角,全穀雜糧類,,,
1737,冷凍巨峰葡萄,葡萄,,,
1738,冷凍愛文芒果,芒果,,,
1739,冷凍鳳梨釋迦,其他水果,,,
1740,吳一無二-奶油費南雪,奶油;點心甜品類,,,
1741,吳一無二-伯爵風味蘋果丹麥,蘋果;丹麥可頌,,,
1742,吳一無二-迷你香榭麵包,麵包吐司,,,
1743,吳一無二開心果馬卡龍,堅果種子類;點心甜品類,,,
1744,吳一無二-檸檬奶霜可頌,檸檬;丹麥可頌;牛奶,,,
1745,吳一無二-藍莓丹麥,藍莓;丹麥可頌,,,
1746,吳寶春-芋香紫米歐式麵包,麵包吐司;芋頭;米飯類,,,
1747,吳寶春芒果奶酪,芒果;其它乳製品,,,
1748,吳寶春鳳黃酥,點心甜品類;蛋類;其他水果,,,
1749,吳寶春雞蛋布丁,蛋類;布丁,,,
1750,吹風滷味,其它類,,,
1751,我家牛排香蒜奶油吐司,蒜;奶油;麵包吐司;牛,,,
1752,杏仁豆腐冰沙（含杏仁豆腐塊）,杏仁;冰沙;豆腐,,,
1753,杏仁豆腐聖代霜淇淋,杏仁;霜淇淋;豆腐,,,
1754,杏鮑菇,菌菇,,,
1755,杜老爺百香蜜檸啵啵脆冰棒,檸檬;蜂蜜;冰棒雪糕;其他水果,,,
1756,沁園春無錫排骨,豬,,,
1757,沐月柚香金萱茶,茶類;柚子,,,
1758,沙茶牛肉,牛,,,
1759,沙茶牛肉炒麵,牛;其他麵食,,,
1760,沙茶牛肉爐,牛;火鍋,,,
1761,沙茶香辣雞胗,內臟及血製品;辣椒;雞,,,
1762,沙茶菇菇時蔬,菌菇;蔬菜類,,,
1763,沙茶豬肉燴飯,豬;米飯類,,,
1764,沛綠雅蜜桃貝里尼氣泡雞尾酒風味,水蜜桃;酒,,,
1765,沛綠檸檬莫西多氣泡雞尾酒風味飲,檸檬;酒,,,
1766,究極味付蛋,蛋類,,,
1767,芋角牛奶雪糕,芋頭;牛奶;冰棒雪糕,,,
1768,芋泥蛋糕捲,蛋糕;芋頭,,,
1769,芋香牛奶霜淇淋,牛奶;霜淇淋;芋頭,,,
1770,芋香酥餅,芋頭;點心甜品類,,,
1771,芋賣尬酷繽沙,芋頭;冰沙,,,
1772,芋頭排骨酥湯,芋頭;豬;湯品,,,
1773,芒好喝芒果酷繽沙,芒果;冰沙,,,
1774,芒果牛奶酷繽沙,芒果;牛奶;冰沙,,,
1775,芒果果昔,芒果,,,
1776,芒果椰奶霜淇淋,芒果;椰子;霜淇淋,,,
1777,芒果霜淇淋,芒果;霜淇淋,,,
1778,豆乳紅茶,紅茶;豆漿豆奶,,,
1779,豆乳雞,雞;豆漿豆奶,,,
1780,豆乾,豆類,,,
1781,豆酥烤魚鮮蔬餐盒,魚類海鮮;豆類;蔬菜類,,,
1782,豆腐蛋白棒,豆腐,,,
1783,豆穌朋原味泡芙,點心甜品類,,,
1784,貝禮詩草莓奶酒酷繽沙,草莓;牛奶;酒;冰沙,,,
1785,辛柚子胡椒湯麵,湯品;其他麵食;柚子;辣椒,,,
1786,辰園花生豬腳,豬;花生,,,
1787,里肌火腿可頌,丹麥可頌;肉類;加工肉品,,,
1788,里肌可頌早午餐,丹麥可頌;肉類,,,
1789,乖乖Home Run 應援袋,零食餅乾,,,
1790,乖乖玉米脆條特醇巧克力,玉米;可可;零食餅乾,,,
1791,乖乖玉米脆條蝦乖乖辣味,零食餅乾;玉米;蝦子;辣椒,,,
1792,乖乖食堂米果- 南洋叻沙麵,零食餅乾;其他麵食,,,
1793,乖乖食堂米果沙嗲串燒飯,零食餅乾;米飯類,,,
1794,乳酪核桃軟歐,起司;麵包吐司;堅果種子類,,,
1795,乳酸風味軟糖（水蜜桃風味）,點心甜品類;水蜜桃,,,
1796,乳酸風味軟糖（原味）,點心甜品類,,,
1797,亞尼克生乳捲-橙光橘香,點心甜品類;其它乳製品;柑橘;柳橙,,,
1798,亞尼克原味生乳捲,點心甜品類;其它乳製品,,,
1799,佳興冰果室-黃金檸檬汁,檸檬;蔬果汁,,,
1800,佳興冰果室-檸檬汁,檸檬;蔬果汁,,,
1801,依蕾特莓好滋味禮盒,莓果;其它類,,,
1802,兩粒飯糰( 鮪魚. 焦糖鮭魚),鮭魚;米飯類;鮪魚,,,
1803,典藏比利時巧克力霜淇淋,可可;霜淇淋,,,
1804,初瓜瓜節瓜脆片海苔,零食餅乾;海苔,,,
1805,初瓜瓜節瓜脆片椒鹽,零食餅乾,,,
1806,初鹿厚伯爵紅茶牛乳,紅茶;牛奶,,,
1807,協發行泡菜偷心貢菜,葉菜類蔬菜;根莖類蔬菜,,,
1808,叁酒弍沏玉湯金饌迎春盅,湯品,,,
1809,味丹春梅冬瓜茶,冬瓜;茶類;梅子,,,
1810,味全高鈣高蛋白雙效營養牛乳,牛奶,,,
1811,味噌豆乳泡麵,豆漿豆奶;其他麵食,,,
1812,味覺糖特濃牛奶味軟糖（條糖）,點心甜品類;牛奶,,,
1813,呷七碗林聰明沙茶炒炊粉,其他麵食,,,
1814,呷七碗爭鮮鮭貝雙鮮米糕,鮭魚;貝類海鮮;米飯類,,,
1815,呷七碗虱目魚粥,魚類海鮮;米飯類,,,
1816,呷七碗麻油雞湯,麻油;雞;湯品,,,
1817,呷七碗麻辣臭豆腐,豆腐;辣椒,,,
1818,呷七碗黃金蟲草燉烏雞,雞,,,
1819,呷七碗碗粿,其它類,,,
1820,呷七碗鴻運雙囍米糕組,米飯類,,,
1821,呷七碗藥燉排骨湯,豬;湯品,,,
1822,呷七碗櫻花蝦炒炊粉,蝦子;其他麵食,,,
1823,和風生鮭繽紛時蔬沙拉餐,鮭魚;沙拉;蔬菜類,,,
1824,和風匠製胡麻涼麵,其他麵食,,,
1825,和風彩椒雞柳,雞;辣椒,,,
1826,和風蛋沙拉(使用新纖麥土司),麵包吐司;蛋類;沙拉;麥,,,
1827,和風溫泉蛋,蛋類,,,
1828,咖姆咖姆蘇打味軟糖,點心甜品類,,,
1829,咖哩口味可樂餅,馬鈴薯;咖哩,,,
1830,咖哩湯麵,咖哩;其他麵食;湯品,,,
1831,咖啡抹茶拿鐵,綠茶抹茶;拿鐵,,,
1832,咖啡珍珠歐蕾,咖啡;珍珠粉粿;牛奶,,,
1833,咖啡起司歐蕾霜淇淋,牛奶;起司;咖啡;霜淇淋,,,
1834,咚兵衛天婦羅烏龍杯麵,其他麵食;甲殼類海鮮,,,
1835,咚兵衛日式腐皮烏龍麵杯,其他麵食;豆類,,,
1836,奇異果果實口感軟糖,點心甜品類;其他水果,,,
1837,奇異果霜淇淋,其他水果;霜淇淋,,,
1838,宗家府泡菜 ,葉菜類蔬菜,,,
1839,宗家府泡菜冬粉,葉菜類蔬菜;其他麵食,,,
1840,尚野家-鱈魚香片燒,魚類海鮮;點心甜品類,,,
1841,岩漿起司燻培根厚土司,起司;加工肉品;麵包吐司,,,
1842,帕泰家-沙嗲雞肉烤飯糰,米飯類;雞,,,
1843,帕泰家-泰式海鮮青木瓜沙拉,沙拉;海鮮類;其他水果,,,
1844,帕泰家-泰式椒麻雞飯,米飯類;雞;辣椒,,,
1845,帕泰家-椰香綠咖哩嫩雞飯,米飯類;雞;咖哩;椰子,,,
1846,帕瑪森奶油烤年糕,奶油;全穀雜糧類,,,
1847,府城鹽水風味意麵,其他麵食,,,
1848,延齡堂酸梅湯,梅子;湯品,,,
1849,忠青商行滷排骨,豬,,,
1850,忠青商行蝦仁飯捲,蝦子;米飯類,,,
1851,抹茶生巧克力生乳捲,綠茶抹茶;可可;點心甜品類;其它乳製品,,,
1852,抹茶杏仁果酷繽沙,綠茶抹茶;杏仁;冰沙,,,
1853,抹茶咖啡奶霜,綠茶抹茶;咖啡;牛奶,,,
1854,抹茶歐蕾,綠茶抹茶;牛奶,,,
1855,抹茶霜淇淋,綠茶抹茶;霜淇淋,,,
1856,拔絲起司法式三明治,起司;麵包吐司,,,
1857,招牌鮮肉鍋貼,肉類;餃子,,,
1858,昂舒巴黎卡士達小泡芙,點心甜品類;其它乳製品,,,
1859,昂舒巴黎好時巧克力雙餡泡芙,可可;點心甜品類,,,
1860,明太子玉子脆卷,魚類海鮮;蛋類,,,
1861,明太子龍蝦風味沙拉飯糰,魚類海鮮;蝦子;米飯類;沙拉,,,
1862,明太子鮭魚炙燒烤飯糰,鮭魚;米飯類,,,
1863,明水食堂麻油松阪豬米糕,豬;麻油;米飯類,,,
1864,明治香草沖繩海鹽夏威夷豆可可粒,香草;可可,,,
1865,東山綜合滷味,其它類,,,
1866,東方美人茶霜淇淋,茶類;霜淇淋,,,
1867,東香台菜招牌蝦捲,蝦子,,,
1868,東香魷魚螺肉蒜,軟體海鮮;蒜;其它類,,,
1869,松珍素沙嗲醬爆蝦,蝦子,,,
1870,松珍素花枝丸,軟體海鮮,,,
1871,松珍素鮮嫩炸雞塊,雞,,,
1872,松稜糖燻雞翅,雞,,,
1873,松露風味腰果,菌菇;堅果種子類,,,
1874,松露風味蔬菜烘蛋捲餅,麵餅;蛋類;蔬菜類;菌菇,,,
1875,松露菇菇燉飯,米飯類;菌菇,,,
1876,松露嫩雞風味濃湯,菌菇;雞;湯品,,,
1877,板巧克力夾心土司,麵包吐司;可可,,,
1878,林明燦總舖師辦桌宴,其它類,,,
1879,林聰明沙鍋菜,火鍋,,,
1880,林聰明香魚片,魚類海鮮,,,
1881,林聰明-雞肉飯飯糰,米飯類;雞,,,
1882,林聰明鰱魚頭沙鍋菜,魚類海鮮;火鍋,,,
1883,果汁牛乳酷繽沙,蔬果汁;牛奶;冰沙,,,
1884,果汁牛乳霜淇淋,蔬果汁;牛奶;霜淇淋,,,
1885,果貿吳媽-鮮蝦水餃,蝦子;餃子,,,
1886,河小田清蒸雪花魚,魚類海鮮,,,
1887,油香椒麻蒟蒻(全素),油脂類;辣椒;蔬菜類,,,
1888,油蔥G絲飯糰,油脂類;蔥;米飯類;雞,,,
1889,油蔥雞汁飯糰（區）,油脂類;蔥;米飯類,,,
1890,法式千層蛋糕,蛋糕,,,
1891,法式香草霜淇淋,香草;霜淇淋,,,
1892,法式香濃奶醬海鮮飯,海鮮類;米飯類,,,
1893,法式烤雞佐時蔬,蔬菜類;雞,,,
1894,法式檸檬塔,檸檬,,,
1895,法式蘋果風味牛奶糖,點心甜品類;蘋果,,,
1896,法式蘋果塔,蘋果,,,
1897,泡菜燒肉三角飯糰,葉菜類蔬菜;肉類;米飯類,,,
1898,波樂奶焗香蔥口味洋芋片,馬鈴薯;蔥;零食餅乾,,,
1899,炒作伙炸年糕,全穀雜糧類,,,
1900,炒蕎麥麵附角色貼紙( 隨機),其他麵食;蕎麥,,,
1901,炙烤燻腸飯糰,米飯類;加工肉品,,,
1902,炙烤鹽蔥燒肉飯糰,米飯類;肉類;蔥,,,
1903,炙燒明太子鮭魚飯糰,米飯類;鮭魚,,,
1904,牧場直送4.0 海鹽焦糖牛奶雪糕,冰棒雪糕;牛奶,,,
1905,玫瑰風味椰棗,其他水果,,,
1906,玫瑰起司霜淇淋,起司;霜淇淋,,,
1907,玫瑰鹽濃焦糖霜淇淋,霜淇淋,,,
1908,芝士乳酪火腿貝果,麵包吐司;起司;加工肉品,,,
1909,芝士葡萄酷繽沙,起司;葡萄;冰沙,,,
1910,芝麻香鬆蛋三明治,麵包吐司;蛋類;芝麻;加工肉品,,,
1911,芝麻香鬆飯糰,米飯類;芝麻;加工肉品,,,
1912,芝麻葉海鮮佐義式油醋沙拉,海鮮類;葉菜類蔬菜;油脂類;沙拉;醋;芝麻,,,
1913,芬達橘子汽水,柑橘;汽水,,,
1914,芭樂檸檬綠,芭樂;檸檬;綠茶抹茶,,,
1915,花生夾心土司,麵包吐司;花生,,,
1916,花生炸彈奶酥麵包,花生;奶油;麵包吐司,,,
1917,花生熔岩辣雞腿堡,雞;花生;麵包吐司;辣椒,,,
1918,花生霜淇淋,花生;霜淇淋,,,
1919,花東名廚阿翔師圓滿獅子翠玉腩,加工肉品;葉菜類蔬菜,,,
1920,花枝大阪燒,軟體海鮮,,,
1921,花蓮藍車炸彈蔥油餅,蛋類;蔥;麵餅,,,
1922,花雕風味溫泉蛋,蛋類;酒,,,
1923,花雕麻油雞湯麵,雞;麻油;湯品;其他麵食;酒,,,
1924,虎皮蛋糕,蛋糕,,,
1925,虱目魚丸,魚類海鮮,,,
1926,金1紫薯霜淇淋,地瓜;霜淇淋,,,
1927,金山藷童瑤地瓜片-微甜,地瓜,,,
1928,金必士動物造型汽水糖,點心甜品類;汽水,,,
1929,金必士動物造型優格風味汽水糖,點心甜品類;優酪優格;汽水,,,
1930,金目鱸魚涮魚片,魚類海鮮,,,
1931,金色三麥-椒麻香雞排,雞;辣椒,,,
1932,金色三麥-酥皮濃湯麵包,麵包吐司;湯品,,,
1933,金色三麥辣雞翅,雞;辣椒,,,
1934,金沙豆腐,豆腐;蛋類,,,
1935,金沙烤豆腐義大利麵,義大利麵;豆腐;蛋類,,,
1936,金門高粱酒香凍檸美式,檸檬;黑咖啡;酒,,,
1937,金烏龍茶王,烏龍青茶,,,
1938,金烏龍茶布奇諾,烏龍青茶;咖啡,,,
1939,金烏龍茶拿鐵,烏龍青茶;拿鐵,,,
1940,金黃炸魚爪哇咖哩飯,魚類海鮮;咖哩;米飯類,,,
1941,金黃起司火腿蛋三明治,起司;加工肉品;蛋類;麵包吐司,,,
1942,長野稻荷壽司,米飯類,,,
1943,阜杭豆漿-經典飯糰,米飯類;豆漿豆奶,,,
1944,阿里山高冷烏龍,烏龍青茶,,,
1945,阿奇儂乳酸脆樂冰,冰品,,,
1946,阿奇儂青梅脆樂冰,梅子;冰品,,,
1947,阿奇濃X法朋茶韻甜品冰淇淋雙饗組,冰淇淋,,,
1948,阿罔姨土地公造型麻糬,點心甜品類,,,
1949,阿星嬤古早味虱目魚肚,魚類海鮮,,,
1950,阿秋師三杯海陸總匯,肉類;海鮮類,,,
1951,阿秋師麻油雞,麻油;雞,,,
1952,阿桐阿寶四神湯,湯品,,,
1953,阿基師御膳皇品佛跳牆,其它類,,,
1954,阿基師豬棒腿,豬,,,
1955,阿發師極品佛跳牆,其它類,,,
1956,阿發師薑母鴨,鴨;薑,,,
1957,阿鏡師佃煮香魚,魚類海鮮,,,
1958,青花椒牛奶霜淇淋,辣椒;牛奶;霜淇淋,,,
1959,青花椒巧克力霜淇淋,辣椒;可可;霜淇淋,,,
1960,青花椒香麻辣寬粉,辣椒;其他麵食,,,
1961,青花椒麻香川香醬拌麵,辣椒;其他麵食,,,
1962,青花椒麻香烤雞翅,辣椒;雞,,,
1963,青花椒麻香雞排,辣椒;雞,,,
1964,青花椒麻霸王炸雞腿,辣椒;雞,,,
1965,青花驕青花椒麻辣鍋套組,辣椒;火鍋,,,
1966,青花驕藏椒爆漿貢丸mini包,辣椒;加工肉品,,,
1967,青梅冰茶,梅子;茶類,,,
1968,青麻椒雪花牛肉麵,辣椒;牛;其他麵食,,,
1969,青麻椒麻翅包飯,辣椒;雞;米飯類,,,
1970,青森土岐蘋果（截切盒）,蘋果,,,
1971,青森蘋果奶油夾心土司,蘋果;奶油;麵包吐司,,,
1972,青森蘋果乳酪丹麥,蘋果;起司;丹麥可頌,,,
1973,青森蘋果霜淇淋,蘋果;霜淇淋,,,
1974,青蔥燒餅,蔥;麵餅,,,
1975,青龍炒小魚乾,魚類海鮮,,,
1976,青檸烤雞握沙拉,檸檬;雞;沙拉,,,
1977,青醬蛤蜊義大利麵,貝類海鮮;義大利麵,,,
1978,青醬蛤蠣義大利麵,貝類海鮮;義大利麵,,,
1979,青醬優格雞肉握沙拉,雞;優酪優格;沙拉,,,
1980,冒煙的喬美式即拿棒,點心甜品類,,,
1981,冠軍蛋黃酥,點心甜品類;蛋類,,,
1982,勁辣口味洋芋片,馬鈴薯;辣椒;零食餅乾,,,
1983,勁辣雞腿堡,雞;麵包吐司;辣椒,,,
1984,南投履歷福柑( 常溫原果),柑橘,,,
1985,南洋ABC酷繽沙,冰沙,,,
1986,南部古早味辦桌宴,其它類,,,
1987,厚切醇乳香土司,麵包吐司,,,
1988,厚豆乳霜淇淋,豆漿豆奶;霜淇淋,,,
1989,厚豆腐蛋白蕈菇豬肉堡,豆腐;菌菇;豬;麵包吐司,,,
1990,厚乳拿鐵,拿鐵;牛奶,,,
1991,厚花生奶酥吐司,花生;麵包吐司;奶油,,,
1992,厚蛋時蔬握沙拉,蔬菜類;沙拉,,,
1993,厚濃靜岡抹茶拿鐵,拿鐵;綠茶抹茶,,,
1994,厚燒玉子,蛋類,,,
1995,哇沙米魚卵沙拉飯糰,魚類海鮮;沙拉;米飯類,,,
1996,哈尼午茉綠霜淇淋,茶類;霜淇淋,,,
1997,哈根達斯 日式卡士達布丁冰淇淋迷你杯,布丁;冰淇淋;其它乳製品,,,
1998,哈根達斯 珈琲物語冰淇淋迷你杯,咖啡;冰淇淋,,,
1999,哈根達斯 濃厚牛乳冰淇淋迷你杯,牛奶;冰淇淋,,,
2000,哈密瓜風味雪糕,其他水果;冰棒雪糕,,,
2001,哈瑞寶怪獸積木Ｑ軟糖,點心甜品類,,,
2002,哈瑞寶酸甜童趣Ｑ軟糖,點心甜品類,,,
2003,哈蜜瓜風味菠蘿麵包,麵包吐司;其他水果,,,
2004,哞熹哞熹黑糖QQ芋香甜湯,芋頭;湯品;黑糖,,,
2005,威金森綜合果汁碳酸水,汽水;蔬果汁,,,
2006,威金森薑汁蘋果風味碳酸水,薑;蘋果;汽水;蔬果汁,,,
2007,威金森檸檬風味碳酸水,檸檬;汽水,,,
2008,拾壹號花生仙草酷繽沙,花生;冰沙;仙草,,,
2009,星宇航空美式爆汁熱狗堡(微辣),加工肉品;辣椒;麵包吐司,,,
2010,星宇航空黑糖麻糬千層塔,點心甜品類;黑糖,,,
2011,星宇航空-雙醬雞排咖哩飯,雞;咖哩;米飯類,,,
2012,星宇-起飛吧奶油餐包,奶油;麵包吐司,,,
2013,星宇握便當-明太子火腿厚蛋,便當;魚類海鮮;加工肉品;蛋類,,,
2014,星宇新極上-胡同炭火厚切牛小排,牛,,,
2015,星胡同X胡董番茄牛肉麵,番茄;牛;其他麵食,,,
2016,星胡同美式肋排,豬,,,
2017,星級饗宴x晶華法式牛肉丸焗烤飯,牛;起司;米飯類,,,
2018,星級饗宴X晶華-碧玉鮮蝦餃,蝦子;餃子,,,
2019,春上方塊戚風杯(蜂蜜檸檬風味),點心甜品類;蜂蜜;檸檬,,,
2020,春上布丁蛋糕法式千層派,布丁;蛋糕,,,
2021,春日抹茶霜淇淋,綠茶抹茶;霜淇淋,,,
2022,春水良品功夫湯圓,全穀雜糧類,,,
2023,春水良品白桃芒芒鮮果茶,水蜜桃;芒果;茶類,,,
2024,春水良品奇異果孅鮮果茶,其他水果;茶類,,,
2025,春水良品青梅冰茶吸凍飲,梅子;茶類;飲品類;點心甜品類,,,
2026,春暉暖心套餐,其它類,,,
2027,是芭樂系霜淇淋,芭樂;霜淇淋,,,
2028,柑橘汽水酷繽沙,柑橘;汽水;冰沙,,,
2029,柑橘哆哆酷繽沙,柑橘;冰沙,,,
2030,柚子金萱茶酷繽沙,柚子;茶類;冰沙,,,
2031,柚香豆皮冷烏龍麵,豆類;其他麵食;柚子,,,
2032,柚醋貝比生菜沙拉（區）,葉菜類蔬菜;柚子;沙拉;醋,,,
2033,柳橙香柚綠茶,柳橙;綠茶抹茶;柚子,,,
2034,段純貞手工水餃,餃子,,,
2035,洪廚外燴台灣味滷煮鹹水鴨,鴨,,,
2036,活力亞補芝麻素牛樟飲,芝麻;飲品類,,,
2037,活力嫩雞沙拉,沙拉;雞,,,
2038,炭火燒肉炒麵,肉類;其他麵食,,,
2039,炭火燒肉飯糰,肉類;米飯類,,,
2040,炭焙烏龍霜淇淋,烏龍青茶;霜淇淋,,,
2041,炭燒咖啡霜淇淋,咖啡;霜淇淋,,,
2042,炸彈菠蘿葡萄奶酥,麵包吐司;葡萄;奶油,,,
2043,炸醬起司火腿三明治,起司;加工肉品;麵包吐司,,,
2044,珍珠奶茶,珍珠粉粿;奶茶,,,
2045,珍珠金烏龍茶王,烏龍青茶;珍珠粉粿,,,
2046,珍珠格雷紅茶拿鐵,珍珠粉粿;紅茶;拿鐵,,,
2047,珍珠焙火烏龍奶茶,珍珠粉粿;奶茶;烏龍青茶,,,
2048,皇家伯爵紅茶拿鐵,拿鐵;紅茶,,,
2049,紅心芭樂牛奶,芭樂;牛奶,,,
2050,紅豆牛奶霜淇淋,紅豆綠豆;牛奶;霜淇淋,,,
2051,紅豆食府_紅燒獅子頭,加工肉品,,,
2052,紅豆霜淇淋,紅豆綠豆;霜淇淋,,,
2053,紅茶牛奶焦糖奶蓋雪糕,紅茶;牛奶;冰棒雪糕,,,
2054,紅茶花伝皇家奶茶,奶茶,,,
2055,紅茶花傳皇家紅茶,紅茶,,,
2056,紅酒潘妮朵尼蛋糕,酒;蛋糕,,,
2057,紅燒牛肉燴飯,牛;米飯類,,,
2058,紅燒牛肉爐,牛;火鍋,,,
2059,紅燒羊肉爐,羊;火鍋,,,
2060,紅鮭蛋炒飯,鮭魚;蛋類;米飯類,,,
2061,紅麴麻油豚飯糰,豬;米飯類;麻油,,,
2062,紅寶石葡萄柚冰磚精品美式,黑咖啡;柚子,,,
2063,美式ＢＢＱ烤雞腿,雞,,,
2064,美式咖啡,黑咖啡,,,
2065,美式肯瓊烤雞翅,雞,,,
2066,美式香辣素雞米花,雞;辣椒,,,
2067,美式原味熱狗,加工肉品,,,
2068,美式雞丁餐盒,雞,,,
2069,美威湖鹽鮭魚棒,鮭魚,,,
2070,美國紅寶石無籽葡萄袋,葡萄,,,
2071,美國綠肉洋香瓜切片,其他水果,,,
2072,胡同秘製五花燒肉,肉類,,,
2073,胡麻鮮蔬雞絲飯糰(區),蔬菜類;雞;米飯類,,,
2074,胡椒蘑菇味魚板,菌菇;魚類海鮮,,,
2075,英式奶茶霜淇淋,奶茶;霜淇淋,,,
2076,英曙格雷紅茶,紅茶,,,
2077,英曙格雷茶拿鐵,拿鐵,,,
2078,重乳草莓霜淇淋,草莓;牛奶;霜淇淋,,,
2079,飛燕煉乳炸銀絲卷,包子饅頭;牛奶;其它乳製品,,,
2080,香芋牛奶霜淇淋,芋頭;牛奶;霜淇淋,,,
2081,香拌海鮮醬肉絲蛋炒飯,海鮮類;肉類;蛋類;米飯類,,,
2082,香拌海鮮醬蝦仁炒麵,蝦子;其他麵食,,,
2083,香帥芋泥金沙大福,點心甜品類;芋頭;蛋類,,,
2084,香帥芋泥麻糬泡芙,點心甜品類;芋頭,,,
2085,香帥芋頭肉鬆嫩蛋捲餅,芋頭;加工肉品;蛋類;麵餅,,,
2086,香帥-芋頭肉鬆麵包,芋頭;加工肉品;麵包吐司,,,
2087,香炸魚排培根白醬焗飯,魚類海鮮;加工肉品;米飯類;起司,,,
2088,香炸豬排歐姆蛋咖哩飯,豬;蛋類;咖哩;米飯類,,,
2089,香香菜菜霜淇淋,葉菜類蔬菜;霜淇淋,,,
2090,香烤骨腿,肉類,,,
2091,香烤腿排奶油義大利麵,義大利麵;肉類;奶油,,,
2092,香烤腿排早午餐,肉類,,,
2093,香烤腿排沙拉,沙拉;肉類,,,
2094,香烤鮭魚排早午餐,鮭魚,,,
2095,香烤鮭魚排沙拉,沙拉;鮭魚,,,
2096,香烤雞腿條,雞,,,
2097,香草卡士達生甜甜圈,香草;其它乳製品;點心甜品類,,,
2098,香草卡士達泡芙,點心甜品類;香草;其它乳製品,,,
2099,香草奶蓋,香草;牛奶,,,
2100,香草烤雞口味( 洋芋捲),香草;雞;馬鈴薯,,,
2101,香草酷奶昔,香草;其它乳製品,,,
2102,香甜玉米,玉米,,,
2103,香菇雞燉湯,菌菇;雞;湯品,,,
2104,香酥芋泥鴨,芋頭;鴨,,,
2105,香腸炒飯,加工肉品;米飯類,,,
2106,香腸腿排雙拼便當,加工肉品;便當,,,
2107,香滷翅小腿,雞,,,
2108,香蒜奶油雙拼義大利麵,義大利麵;蒜;奶油,,,
2109,香蒜白酒蛤蠣義大利麵,義大利麵;貝類海鮮;蒜;酒,,,
2110,香蒜金磚2.0,蒜;麵包吐司,,,
2111,香蒜烤雞鮮蔬餐盒,蒜;雞;蔬菜類,,,
2112,香蒜排骨酥,豬;蒜,,,
2113,香辣堅果蛋炒飯,米飯類;蛋類;堅果種子類;辣椒,,,
2114,香辣醬冰糖滷味,辣椒;其它類,,,
2115,香辣醬香腸蛋炒飯,辣椒;加工肉品;蛋類;米飯類,,,
2116,香辣醬粉絲煲,辣椒;其他麵食,,,
2117,香辣醬雞肉炒麵,辣椒;雞;其他麵食,,,
2118,香辣鹹水雞(區),雞;辣椒,,,
2119,香辣霸王雞球,雞;辣椒,,,
2120,香濃起司里肌,起司;肉類,,,
2121,香濃起司馬鈴薯,起司;馬鈴薯,,,
2122,香濃起司嫩雞,起司;雞,,,
2123,香蕉火龍果牛奶,香蕉;其他水果;牛奶,,,
2124,香蕉牛奶布朗尼酷繽沙,香蕉;牛奶;點心甜品類;冰沙,,,
2125,香蕉牛奶酷繽沙,香蕉;牛奶;冰沙,,,
2126,香蕉巧克力酷繽沙,香蕉;可可;冰沙,,,
2127,香蕉風味咖啡拿鐵,香蕉;拿鐵,,,
2128,香蕉霜淇淋,香蕉;霜淇淋,,,
2129,香檳葡萄霜淇淋,葡萄;霜淇淋,,,
2130,香雞城小肉豆,加工肉品,,,
2131,香鬆起司蛋三明治,加工肉品;起司;蛋類;麵包吐司,,,
2132,香鑽水果茶,水果類;茶類,,,
2133,凍乾台灣愛文芒果,芒果,,,
2134,剝皮小蜜柑盒,柑橘,,,
2135,剝皮麻豆文旦盒,柚子,,,
2136,剝皮辣椒冬瓜雞湯,辣椒;冬瓜;雞;湯品,,,
2137,剝皮辣椒嫩蒸肉餅,肉類;辣椒;麵餅,,,
2138,剝皮辣椒鮮肉包,辣椒;肉類;包子饅頭,,,
2139,剝皮辣椒雞奶油細扁麵,其他麵食;雞;辣椒;奶油,,,
2140,剝皮辣椒雞肉燥,雞;辣椒,,,
2141,剝皮辣椒雞湯,辣椒;雞;湯品,,,
2142,原之果實小蜜柑鮮果凍,柑橘;點心甜品類,,,
2143,原味黑珍珠,珍珠粉粿,,,
2144,原味雞蛋香鐵蛋,蛋類,,,
2145,原味覺土司,麵包吐司,,,
2146,原萃台灣青茶,烏龍青茶,,,
2147,唐寧伯爵醇奶茶,奶茶,,,
2148,唐寧經典伯爵茶,茶類,,,
2149,夏日西瓜冰美式(季節限定),其他水果;黑咖啡,,,
2150,夏日西瓜酷繽沙,其他水果;冰沙,,,
2151,夏日芒芒芒果風味霜淇淋,霜淇淋;芒果,,,
2152,夏芒粉角青茶,芒果;點心甜品類;烏龍青茶,,,
2153,恩美萊手撕起司棒,起司,,,
2154,扇雀飴肉球造型軟糖葡萄口味,點心甜品類;葡萄,,,
2155,拿坡里蕃茄纖脆片刻,番茄;零食餅乾,,,
2156,拿破崙先生生乳鹿鹿捲,點心甜品類;其它乳製品,,,
2157,拿破崙先生芋見生乳可頌,芋頭;其它乳製品;丹麥可頌,,,
2158,拿脆滋輕焙穀物雞肉麵沙拉,沙拉;全穀雜糧類;雞;其他麵食,,,
2159,拿鐵咖啡,拿鐵,,,
2160,格力高巨人可可棒,可可,,,
2161,桂花小麥啤酒霜淇淋,麥;酒;霜淇淋,,,
2162,桂冠小沙拉,沙拉,,,
2163,桂冠全素沙拉,沙拉,,,
2164,桂冠素三杯炒飯,米飯類,,,
2165,桂冠素青醬野菇義大利麵,義大利麵;菌菇,,,
2166,桂冠黃金魚蛋,魚類海鮮,,,
2167,桃粿仙女紅茶,紅茶,,,
2168,桔子花青茶,其他水果;烏龍青茶,,,
2169,氣冷雞-花雕醉雞腿,雞;酒,,,
2170,氣冷雞-剝皮辣椒腿,雞;辣椒,,,
2171,氣冷雞-嘉義雞肉三角飯糰,雞;米飯類,,,
2172,氣冷雞-蔥油雞腿,雞;蔥,,,
2173,泰式打拋豬肉飯,豬;米飯類,,,
2174,泰式酥炸軟殼蟹玉米片,玉米;甲殼類海鮮,,,
2175,泰式椰奶拿鐵,椰子;拿鐵,,,
2176,泰式椰汁綠咖哩雞肉飯(辣),咖哩;米飯類;雞;椰子;辣椒,,,
2177,泰式綠咖哩雞,咖哩;雞,,,
2178,泰式酸辣鮮蝦冷麵,蝦子;其他麵食;辣椒,,,
2179,泰式檸檬蝦洋芋片,馬鈴薯;檸檬;蝦子;零食餅乾,,,
2180,泰泰厚奶霜淇淋,牛奶;霜淇淋,,,
2181,泰國【Atori】香脆卡啦薯條-日式海苔,海苔;馬鈴薯;零食餅乾,,,
2182,泰國【Atori】香脆卡啦薯條-原味,馬鈴薯;零食餅乾,,,
2183,泰國【Atori】香脆卡啦薯條-韓式燒烤,馬鈴薯;零食餅乾,,,
2184,泰濃郁！奶茶風味霜淇淋,奶茶;霜淇淋,,,
2185,海味本丸錦繡雙珠佐玉羹,海鮮類;羹,,,
2186,海味本丸鮮蝦韭菜水晶煎餅,蝦子;葉菜類蔬菜;麵餅,,,
2187,海底撈豬肚雞火鍋套餐,雞;火鍋;豬;內臟及血製品,,,
2188,海底撈鴛鴦鍋套餐,火鍋,,,
2189,海苔豆腐味噌湯,海苔;豆腐;湯品,,,
2190,海苔魚板棒,海苔;魚類海鮮,,,
2191,海苔雞排捲便當,海苔;雞;便當,,,
2192,海帶脆筍肉,筍子;肉類,,,
2193,海陸雙手捲,海鮮類;肉類;米飯類,,,
2194,海陸雙拼肉肉餐盒,肉類;海鮮類,,,
2195,海陸雙鮮燒賣,海鮮類;肉類;餃子,,,
2196,海龍珠脆皮肥腸,內臟及血製品,,,
2197,海鮮大醬新極大飯糰,米飯類;海鮮類,,,
2198,海鮮豆腐煲,海鮮類;豆腐,,,
2199,海鮮披薩,其它類;海鮮類,,,
2200,海鮮魚板,魚類海鮮,,,
2201,海鮮鼎棒,海鮮類,,,
2202,海鴻-萬巒豬腳,豬,,,
2203,海藻野菜沙拉,蔬菜類;沙拉,,,
2204,海霸王天馬賜福年菜套組,其它類;蔬菜類,,,
2205,海鹽牛奶霜淇淋,牛奶;霜淇淋,,,
2206,海鹽蜂蜜牛奶霜淇淋,蜂蜜;牛奶;霜淇淋,,,
2207,海鹽檸檬霜淇淋,檸檬;霜淇淋,,,
2208,烏梅蕃茄綠酷繽沙,梅子;番茄;冰沙,,,
2209,烏嬤嬤黑木耳露,木耳,,,
2210,烘烤榛果風味拿鐵,拿鐵;榛果,,,
2211,烤雞燻腸白醬焗飯,米飯類;雞;加工肉品;起司,,,
2212,烤雞纖穀時蔬沙拉餐,雞;全穀雜糧類;沙拉;蔬菜類,,,
2213,特濃美式,黑咖啡,,,
2214,特濃拿鐵,拿鐵,,,
2215,特選美式咖啡,黑咖啡,,,
2216,特選拿鐵,拿鐵,,,
2217,真心台菜干貝白菜滷,貝類海鮮;白菜,,,
2218,祕魯藍莓盒,藍莓,,,
2219,祝肌力營養牛乳,牛奶,,,
2220,粉紅草莓可可,草莓;可可,,,
2221,粉紅蜜桃蘋果酷繽沙,水蜜桃;蘋果;冰沙,,,
2222,紐西蘭星空蘋果切片,蘋果,,,
2223,紐西蘭黃金奇異果切片,其他水果,,,
2224,紐西蘭黃金奇異果單入盒,其他水果,,,
2225,紐西蘭雙色奇異果切片,其他水果,,,
2226,紐奧良嫩汁棒腿,雞,,,
2227,紐澳良烤雞三角飯糰,雞;米飯類,,,
2228,紐澳良辣味烤翅,雞;辣椒,,,
2229,能量仙女紅巨峰葡萄,葡萄,,,
2230,脆片焦糖布丁霜淇淋,布丁;霜淇淋;零食餅乾,,,
2231,脆皮蛋糕- 巧克力夾心餅口味,蛋糕;可可;零食餅乾,,,
2232,茶王焙火烏龍,烏龍青茶,,,
2233,茶王焙火烏龍拿鐵,拿鐵;烏龍青茶,,,
2234,茶湯會翡翠檸檬,茶類;檸檬,,,
2235,茶湯會觀音拿鐵,拿鐵,,,
2236,茶葉蛋白丁,蛋類;茶類,,,
2237,草莓牛奶酷繽沙,草莓;牛奶;冰沙,,,
2238,草莓牛奶霜淇淋,草莓;牛奶;霜淇淋,,,
2239,草莓可可風味棉花糖,草莓;點心甜品類;可可,,,
2240,草莓奶酪風味乳加,草莓;其它乳製品,,,
2241,草莓夾心土司,麵包吐司;草莓,,,
2242,草莓乳酪三明治,草莓;起司;麵包吐司,,,
2243,草莓果泥麵包,草莓;麵包吐司,,,
2244,草莓起士蛋糕酷繽沙,草莓;起司;蛋糕;冰沙,,,
2245,草莓開運霜饗霜淇淋,草莓;霜淇淋,,,
2246,草莓煉乳風味牛奶糖,草莓;點心甜品類;其它乳製品,,,
2247,草莓酷奶昔,草莓;其它乳製品,,,
2248,草莓優格霜淇淋,草莓;優酪優格;霜淇淋,,,
2249,草莓霜淇淋,草莓;霜淇淋,,,
2250,草莓戀奶酷繽沙,草莓;牛奶;冰沙,,,
2251,草蝦,蝦子,,,
2252,草蝦仁,蝦子,,,
2253,荔枝果實口感軟糖,點心甜品類;荔枝,,,
2254,荔枝烏龍霜淇淋,荔枝;烏龍青茶;霜淇淋,,,
2255,荔枝貴妃紅茶,荔枝;紅茶,,,
2256,起司四重奏熱狗堡,加工肉品;起司;麵包吐司,,,
2257,起司披薩包2.0,起司;其它類,,,
2258,起司派對三明治,起司;麵包吐司,,,
2259,起司海鮮魚板,起司;魚類海鮮,,,
2260,起司蛋糕霜淇淋,起司;霜淇淋;蛋糕,,,
2261,起司舒芙蕾布丁,起司;布丁,,,
2262,起司塔霜淇淋,起司;霜淇淋,,,
2263,起司雞肉義大利麵,起司;雞;義大利麵,,,
2264,迷你雪蟹味魚板,甲殼類海鮮;魚類海鮮,,,
2265,迷你葡萄罐（糖果）,點心甜品類;葡萄,,,
2266,馬上有福七星宴,其它類,,,
2267,馬修嚴選 紅心芭樂優格塔,芭樂;優酪優格,,,
2268,馬修嚴選 綜合莓優格百匯,莓果;優酪優格,,,
2269,馬修嚴選原味鮮乳優格,優酪優格;牛奶,,,
2270,馬修嚴選藍莓鮮乳優格,藍莓;牛奶;優酪優格,,,
2271,馬辣麻辣鴨血寬粉,鴨;內臟及血製品;其他麵食;辣椒,,,
2272,高麗菜豬肉熟水餃,高麗菜;豬;餃子,,,
2273,高鐵-迷你巧克力捲,可可,,,
2274,乾杯炭火燒肉包,肉類;包子饅頭,,,
2275,乾杯炭火燒肉握便當,肉類;便當,,,
2276,健身G肉餐盒,雞,,,
2277,健康志向紅豆薏仁水,紅豆綠豆;飲品類;全穀雜糧類,,,
2278,健康志向桂圓紅棗水,其他水果;飲品類;龍眼,,,
2279,健康志向黑豆決明子,豆類,,,
2280,國宴主廚山海御珍佛跳牆,其它類,,,
2281,培根鮮菇花椰菜,加工肉品;菌菇;蔬菜類,,,
2282,堅果蘑菇青醬義大利麵,義大利麵;菌菇;堅果種子類,,,
2283,崎本荔枝柚香果茶,荔枝;柚子;茶類,,,
2284,崎本莓果乳酸飲,莓果;飲品類,,,
2285,崎本莓果飲,莓果;飲品類,,,
2286,崎本鹽之花焦糖奶茶,奶茶,,,
2287,御料小館x21Plus 美式烤雞腿,雞,,,
2288,御料小館x世界的山將夢幻唐揚雞,雞,,,
2289,御料小館X世界的山將夢幻雞翅,雞,,,
2290,御料小館X貳樓德州風味BBQ烤雞翅,雞,,,
2291,御料小館x膳馨 無骨秘製排骨酥,豬,,,
2292,御料小館x膳馨 蜜汁醬燒雞排,雞;蜂蜜,,,
2293,御料小館火腿肉絲黃金蛋炒飯,米飯類;加工肉品;肉類;蛋類,,,
2294,御料小館奶油培根義大利麵,義大利麵;加工肉品;奶油,,,
2295,御料小館沙茶豬肉蛋炒飯,豬;米飯類;蛋類,,,
2296,御料小館招牌水煎包,包子饅頭,,,
2297,御料小館招牌水餃,餃子,,,
2298,御料小館美式香辣雞丁,雞;辣椒,,,
2299,御料小館美式紐奧良風味烤雞翅,雞,,,
2300,御料小館美式經典紐奧良烤雞翅,雞,,,
2301,御料小館香辣炸雞球,辣椒;雞,,,
2302,御料小館原味嫩雞塊,雞,,,
2303,御料小館泰式打拋豬炒飯,豬;米飯類,,,
2304,御料小館秘製滷雞翅,雞,,,
2305,御料小館富麗米白米飯,米飯類,,,
2306,御料小館椒鹽鹽酥雞,雞,,,
2307,御料小館紫米飯,米飯類,,,
2308,御料小館越光米白米飯,米飯類,,,
2309,御料小館辣味雞柳條,辣椒;雞,,,
2310,御料小館韓式泡菜鍋貼,葉菜類蔬菜;餃子,,,
2311,御料小館韓風拌拌炸雞,雞,,,
2312,御料小館韓風洋釀炸雞,雞,,,
2313,御料小館韓風甜辣醬炸雞,雞,,,
2314,御料小館鮮肉鍋貼,肉類;餃子,,,
2315,御料小館爆炒滷雞胗,內臟及血製品;雞,,,
2316,御選什錦海鮮燴麵,海鮮類;其他麵食,,,
2317,御選肉鬆飯糰,加工肉品;米飯類,,,
2318,情人果椰果金烏龍,烏龍青茶;芒果;點心甜品類,,,
2319,情人果椰果青茶,烏龍青茶;芒果;點心甜品類,,,
2320,排骨酥湯麵,豬;湯品;其他麵食,,,
2321,排骨雞起司炒麵麵包,雞;起司;其他麵食;麵包吐司,,,
2322,排骨雞醬香嫩雞胸,雞,,,
2323,曼陀珠黑醋栗薄荷口味隨享罐,點心甜品類;莓果,,,
2324,曼哈頓風味辣熱狗,加工肉品;辣椒,,,
2325,梔子花奶青,茶類;牛奶,,,
2326,梔子花青茶,烏龍青茶,,,
2327,梧堂無咖啡因仙草茶,茶類;仙草,,,
2328,淡水【德裕】原味魚酥,魚類海鮮;零食餅乾,,,
2329,淡水【德裕】原味蝦酥,蝦子;零食餅乾,,,
2330,淡水【德裕】辣味魚酥,辣椒;魚類海鮮;零食餅乾,,,
2331,淡水【德裕】辣味蝦酥,辣椒;蝦子;零食餅乾,,,
2332,淡麗淸酒蒸蛤蜊烤飯糰,貝類海鮮;米飯類;酒,,,
2333,清甜蒜香味花生,蒜;花生,,,
2334,焗烤奶油蝦仁通心粉,其他麵食;蝦子;奶油;起司,,,
2335,焗烤明太子筆尖麵,魚類海鮮;其他麵食;起司,,,
2336,焗烤起司雙饗筆尖麵,其他麵食;起司,,,
2337,焗烤蕃茄起司四方麵,番茄;起司;其他麵食,,,
2338,焗烤雙起司鮪魚三明治,起司;鮪魚;麵包吐司,,,
2339,現打果昔/乳飲,水果類;乳品類;飲品類,,,
2340,現蒸地瓜,地瓜,,,
2341,甜豆蝦仁,豆類;蝦子,,,
2342,甜鹽蜜語牛奶霜淇淋,牛奶;霜淇淋;蜂蜜,,,
2343,盛香珍完熟芒果鮮果凍,芒果;點心甜品類,,,
2344,盛香珍零卡寒天果凍(荔枝風味),點心甜品類;荔枝,,,
2345,祥和蔬食五馬送喜年菜組,其它類;蔬菜類,,,
2346,粗飽系雞排炒飯,雞;米飯類,,,
2347,紹興薑母鴨冬粉,薑;鴨;其他麵食,,,
2348,統一木瓜牛乳霜淇淋,其他水果;牛奶;霜淇淋,,,
2349,統一布丁冰沙,冰沙;布丁,,,
2350,莊園牛奶霜淇淋,牛奶;霜淇淋,,,
2351,莎莎烤雞麵沙拉,雞;沙拉;其他麵食,,,
2352,莓好果粒冰茶,莓果;茶類,,,
2353,莓果紅茶,紅茶;莓果,,,
2354,莫宰羊紅燒羊肉爐,羊;火鍋,,,
2355,蛋白力量飯卷-紐奧良烤雞風味,米飯類;雞,,,
2356,蛋皮花生,蛋類;花生,,,
2357,蛋黃奶香麵包,蛋類;麵包吐司,,,
2358,蛋塔可頌,點心甜品類;蛋類;丹麥可頌,,,
2359,軟Q乾酪球,起司,,,
2360,這一鍋馬上幸福-皇室老火年菜鍋物組,其它類;蔬菜類;火鍋,,,
2361,連珍芋泥雪露奶凍蛋糕,芋頭;牛奶;蛋糕,,,
2362,野人起司牛肉捲,起司;牛;麵餅,,,
2363,野菌芙蓉湯,菌菇;湯品,,,
2364,野菜豆腐棒,蔬菜類;豆腐,,,
2365,野燒竹輪麵包,魚類海鮮;麵包吐司,,,
2366,陳嘉謨百燴扣珍寶,其它類,,,
2367,陳嘉謨翡翠鴻圖海鮮羹,海鮮類;羹,,,
2368,雀巢檸檬茶霜淇淋,檸檬;茶類;霜淇淋,,,
2369,雪白魚豆腐,魚類海鮮;豆腐,,,
2370,魚の甦沾醬脆片,魚類海鮮;零食餅乾,,,
2371,魚卵龍蝦風味沙拉飯糰,魚類海鮮;蝦子;米飯類;沙拉,,,
2372,魚豆腐味小魚造型魚板,豆腐;魚類海鮮,,,
2373,魚板辣炒年糕,魚類海鮮;辣椒;全穀雜糧類,,,
2374,鹿兒島濃焙茶拿鐵,拿鐵;茶類,,,
2375,麥比客消化餅家庭號-綜合,零食餅乾,,,
2376,麻油米血,麻油;內臟及血製品;米飯類,,,
2377,麻油菇菇拌飯,米飯類;菌菇;麻油,,,
2378,麻油燒酒土雞冬粉,麻油;雞;酒;其他麵食,,,
2379,麻油雞湯,雞;湯品;麻油,,,
2380,麻油雞飯糰,雞;米飯類;麻油,,,
2381,麻油鹽炙烤豬肉飯卷,米飯類;麻油;豬,,,
2382,麻咪瘦肉湯,肉類;湯品,,,
2383,麻婆豆腐燴飯(增量版),豆腐;米飯類,,,
2384,麻辣小龍蝦口味,蝦子;辣椒,,,
2385,麻辣牛肉爐,牛;辣椒;火鍋,,,
2386,麻辣椒香豬血煲,內臟及血製品;辣椒;豬,,,
2387,麻辣鍋牛肉麵(泡麵),火鍋;辣椒;牛;其他麵食,,,
2388,凱薩沙拉,沙拉,,,
2389,凱薩風味嫩雞鮮蔬捲餅,麵餅;雞;蔬菜類,,,
2390,凱薩雞肉沙拉,雞;沙拉,,,
2391,博多明太子奶油飯糰,魚類海鮮;米飯類;奶油,,,
2392,博客海鹽嫩雞胸,雞,,,
2393,喜來登-花菇紅蟳米糕,菌菇;甲殼類海鮮;米飯類,,,
2394,單一純賣小卷米粉,軟體海鮮;其他麵食,,,
2395,單品咖啡,咖啡,,,
2396,單品美式,黑咖啡,,,
2397,單品拿鐵,拿鐵,,,
2398,壹番屋-炸雞排起司咖哩焗飯,雞;起司;咖哩;米飯類,,,
2399,壹號醬炙烤牛飯糰,牛;米飯類,,,
2400,富士山天然水,飲用水,,,
2401,富有甜柿（截切—盒）,其他水果,,,
2402,富錦樹味噌貢丸蛋花湯,湯品;加工肉品;蛋類;豆類,,,
2403,富錦樹-剝皮辣蝦滑蛋燴飯,蝦子;蛋類;米飯類;辣椒,,,
2404,寒舍牛三寶拼盤,牛;內臟及血製品,,,
2405,彭園本味龍馬年菜9件組,其它類;蔬菜類,,,
2406,提拉米蘇,點心甜品類,,,
2407,提拉米蘇霜淇淋,霜淇淋;點心甜品類,,,
2408,握便當-黑胡椒烤雞,便當;雞,,,
2409,握便當-豪華秘製雙拼,便當,,,
2410,揪嗨派黑森林芋泥寶盒,芋頭;點心甜品類,,,
2411,普羅旺斯風味乾酪火腿沙拉,沙拉;起司;加工肉品,,,
2412,晶典小品-咖啡凍,咖啡;點心甜品類,,,
2413,晶典小品-茉莉茶凍,茶類;點心甜品類,,,
2414,晶英府城肉燥米糕飯糰,米飯類;豬;米飯類,,,
2415,晶英-南蠻炸雞雙享壽司,雞;米飯類,,,
2416,晶英-起司火腿小土司,起司;加工肉品;麵包吐司,,,
2417,晶英-港式醬燜牛肉燴飯,牛;米飯類,,,
2418,晶宴會館上品無錫排骨,豬,,,
2419,晶華-北菇滑雞燴飯,米飯類;雞;菌菇,,,
2420,晶華私廚宴,其它類,,,
2421,晶華-府城肉燥厚切排骨飯,米飯類;豬,,,
2422,晶華東坡肉,豬,,,
2423,晶華-松露烤雞義大利麵,菌菇;雞;義大利麵,,,
2424,晶華-松露起司烤雞義大利麵,菌菇;起司;雞;義大利麵,,,
2425,晶華厚牛肉起司漢堡,牛;起司;麵包吐司,,,
2426,晶華紅燒牛肉麵,牛;其他麵食,,,
2427,晶華-香烤魚排青醬燉飯,魚類海鮮;米飯類,,,
2428,晶華栢麗廳BBQ烤肋排佐時蔬,豬;蔬菜類,,,
2429,晶華-海鮮奶油貝殼麵,其他麵食;奶油;海鮮類,,,
2430,晶華酒店紅心芭樂起司蛋糕,芭樂;起司;蛋糕,,,
2431,晶華馬上吉祥拼盤,其它類,,,
2432,晶華清燉牛肉麵,牛;其他麵食,,,
2433,晶華握便當-黑松露野菇雞腿,便當;菌菇;雞,,,
2434,晶華嫩雞鮮蔬貝果,雞;麵包吐司;蔬菜類,,,
2435,晶華藍莓起司蛋糕,藍莓;起司;蛋糕,,,
2436,棉花糖可可粉( 沖泡飲) ,點心甜品類;可可;飲品類,,,
2437,棉被午茉綠霜淇淋,茶類;霜淇淋,,,
2438,棒棒糖—ＤＩＮＯＴＡＥＮＧ款,點心甜品類,,,
2439,森永牛奶糖霜淇淋,點心甜品類;霜淇淋,,,
2440,森永可可脆皮香草風味冰淇淋雪派,可可;香草;冰淇淋,,,
2441,森永紅豆抹茶風味冰淇淋雪派,紅豆綠豆;綠茶抹茶;冰淇淋,,,
2442,植物的優芒果蜜桃優格,優酪優格;水蜜桃;芒果,,,
2443,椒香溫泉蛋,蛋類;辣椒,,,
2444,椒鹽檸檬鯖魚飯糰,檸檬;魚類海鮮;米飯類,,,
2445,椒鹽鹽酥雞,雞,,,
2446,椪糖拿鐵,拿鐵,,,
2447,港式海陸綜合燒賣,海鮮類;肉類;餃子,,,
2448,港式酒香臘腸飯,加工肉品;米飯類;酒,,,
2449,焙火烏龍珍珠奶茶,珍珠粉粿;奶茶;烏龍青茶,,,
2450,焙火烏龍拿鐵珍珠,拿鐵;珍珠粉粿;烏龍青茶,,,
2451,焙茶奶蓋拿鐵,茶類;牛奶;拿鐵,,,
2452,焙茶拿鐵,拿鐵;茶類,,,
2453,焙茶麥麥霜淇淋,茶類;麥;霜淇淋,,,
2454,焦糖布蕾,點心甜品類,,,
2455,焦糖肉桂捲,點心甜品類,,,
2456,焦糖核桃咖啡捲,點心甜品類;堅果種子類;咖啡,,,
2457,焦糖琥珀博士茶(HOT),茶類,,,
2458,焦糖瑪奇朵,咖啡,,,
2459,焰火西瓜霜淇淋,其他水果;霜淇淋,,,
2460,琥珀小葉奶茶,奶茶,,,
2461,琥珀小葉珍珠奶茶,珍珠粉粿;奶茶,,,
2462,琥珀小葉紅茶,紅茶,,,
2463,琥珀小葉紅茶拿鐵,拿鐵;紅茶,,,
2464,琥珀小葉拿鐵珍珠,拿鐵;珍珠粉粿,,,
2465,番茄肉醬義大利麵,義大利麵;肉類;番茄,,,
2466,番茄蛋花湯,番茄;蛋類;湯品,,,
2467,發發牧場玫瑰風味奶茶,奶茶,,,
2468,筊白筍,筍子,,,
2469,筋子銀鮭飯糰,鮭魚;米飯類,,,
2470,筒仔米糕,米飯類,,,
2471,粥天子-阿發師香菇雞肉粥,米飯類;雞;菌菇,,,
2472,粥天子-廣式皮蛋瘦肉煲粥,米飯類;豬;蛋類,,,
2473,紫桑果粒小葉紅茶,其他水果;紅茶,,,
2474,紫桑果粒梔子花青茶,其他水果;烏龍青茶,,,
2475,紫菜蛋花湯,蔬菜類;蛋類;湯品,,,
2476,紫薯甘栗口味可樂餅,馬鈴薯;地瓜;堅果種子類,,,
2477,絲絨奶蓋抹茶,綠茶抹茶;牛奶,,,
2478,絲絨奶蓋冠軍美式,牛奶;黑咖啡,,,
2479,絲絨奶蓋提拉米蘇,點心甜品類;牛奶,,,
2480,舒芙蕾布丁,布丁,,,
2481,舒植漢堡排沙拉(植物肉),沙拉;加工肉品,,,
2482,菠菜蛋花湯,葉菜類蔬菜;蛋類;湯品,,,
2483,華昇飛魚卵海鮮卷,魚類海鮮,,,
2484,菲律賓火山鳳梨切片,鳳梨,,,
2485,萄跑星球酷繽沙,葡萄;冰沙,,,
2486,超秦肉品鹹酥雞,雞,,,
2487,超級曠世奇派蘭姆葡萄雪糕,葡萄;冰棒雪糕,,,
2488,越式酸辣雞絲冷麵,雞;其他麵食;辣椒,,,
2489,酥烤脆皮德國豬腳,豬,,,
2490,開心果Q皮半月燒,堅果種子類;點心甜品類,,,
2491,開心果千層蛋糕,堅果種子類;蛋糕,,,
2492,開心果霜淇淋,堅果種子類;霜淇淋,,,
2493,開陽白菜,白菜,,,
2494,陽光葡萄土司,麵包吐司;葡萄,,,
2495,陽明春天日式咖哩獅子頭,加工肉品;咖哩,,,
2496,陽明春天古早味香菇竹筍粥,米飯類;菌菇;筍子,,,
2497,陽明春天野菇炊飯飯糰,米飯類;菌菇,,,
2498,陽明春天塔香G丁燴飯,米飯類;雞;葉菜類蔬菜,,,
2499,順天本草輕點龜苓膏-蜂蜜,點心甜品類;蜂蜜,,,
2500,黃金玉米棒,玉米,,,
2501,黃金炸豬排玉子丼,豬;蛋類;米飯類,,,
2502,黃金香酥雞腿排,雞,,,
2503,黃金翅包飯,雞;米飯類,,,
2504,黃金起司香雞塊 （重組）,起司;雞,,,
2505,黃金腿排沙拉,沙拉;肉類,,,
2506,黃金蝦排堡,蝦子;麵包吐司,,,
2507,黃金豬排三明治,豬;麵包吐司,,,
2508,黃金蕎麥茶(HOT),茶類;蕎麥,,,
2509,黃金霸王腿條,肉類,,,
2510,黃燜雞,雞,,,
2511,黑丸七龍珠Z造型嫩仙草凍,仙草,,,
2512,黑丸冬瓜檸檬吸凍飲,冬瓜;檸檬;飲品類;點心甜品類,,,
2513,黑丸招牌仙草吸凍飲,飲品類;仙草;點心甜品類,,,
2514,黑松沙士酷繽沙,汽水;冰沙,,,
2515,黑松露口味洋芋片,馬鈴薯;菌菇;零食餅乾,,,
2516,黑芝麻牛奶霜淇淋,芝麻;牛奶;霜淇淋,,,
2517,黑胡椒素雞塊,雞,,,
2518,黑胡椒起司火腿巨飽包,起司;加工肉品,,,
2519,黑胡椒豬柳蛋堡,豬;蛋類;麵包吐司,,,
2520,黑胡椒豬柳蓋飯,豬;米飯類,,,
2521,黑種草籽椰棗,其他水果,,,
2522,黑糖珍奶酷繽沙,珍珠粉粿;奶茶;冰沙;黑糖,,,
2523,黑糖珍珠撞奶,珍珠粉粿;牛奶;黑糖,,,
2524,黑糖粉粿剉冰,冰品;黑糖;珍珠粉粿,,,
2525,黑爵土黑醋栗冰磚精品美式,黑咖啡;莓果,,,
2526,傳香滷肉飯飯糰(區),豬;米飯類,,,
2527,傳情香蕉,香蕉,,,
2528,嗨啾蜜桃乳酸軟糖,點心甜品類;水蜜桃,,,
2529,圓山-水果百匯麵包,水果類;麵包吐司,,,
2530,圓山-御岩可可麵包,可可;麵包吐司,,,
2531,圓圓紅豆湯,紅豆綠豆;湯品,,,
2532,塔吉特遇見花開綜合千層蛋糕,蛋糕,,,
2533,塔香鹹蔬雞球（全素）,蔬菜類;雞,,,
2534,塩烤豚三角飯糰,豬;米飯類,,,
2535,愛恨椒芝炒雞丁,雞;辣椒;堅果種子類,,,
2536,愛恨椒芝麵,辣椒;其他麵食,,,
2537,愛恨蔥蔥麵,蔥;其他麵食,,,
2538,愛餡大亨-巧克力爆漿菠蘿,可可;麵包吐司,,,
2539,愛餡大亨-煉乳牛奶,牛奶;其它乳製品,,,
2540,愛餡大亨-爆漿菠蘿,麵包吐司,,,
2541,愛麵族-什錦海鮮,海鮮類;其他麵食,,,
2542,愛麵族-香菇肉燥,菌菇;豬;其他麵食,,,
2543,搖搖沙拉-明太子蝦蝦,沙拉;魚類海鮮;蝦子,,,
2544,搖搖沙拉-溏心蛋鮪魚,沙拉;蛋類;鮪魚,,,
2545,新及第小籠湯包,包子饅頭,,,
2546,新及第豬肉熟水餃,豬;餃子,,,
2547,新馬辣經典麻辣鍋組,火鍋;辣椒,,,
2548,新馬辣膠原蛋白鍋組,火鍋,,,
2549,新貴派威化棒草莓起司蛋糕風味,草莓;起司;蛋糕,,,
2550,新貴派風味雙餡泡芙,點心甜品類,,,
2551,新極上飯糰-御選蒲燒鰻,米飯類;魚類海鮮,,,
2552,新極上飯糰-煙燻銀鮭,米飯類;鮭魚,,,
2553,新極上飯糰-熟成明太子鮭魚,米飯類;鮭魚,,,
2554,新極上飯糰-蔥鹽生鮭,米飯類;鮭魚;蔥,,,
2555,新極上飯糰-鮭魚鮭魚卵,米飯類;鮭魚,,,
2556,新極大-海陸卷壽司,米飯類;肉類;海鮮類,,,
2557,新鮮族洋蔥,根莖類蔬菜,,,
2558,新鮮族產銷小白菜,白菜,,,
2559,新鮮族產銷油菜,葉菜類蔬菜,,,
2560,新鮮族產銷青江菜,葉菜類蔬菜,,,
2561,新纖麥土司,麵包吐司;麥,,,
2562,暖心燒仙草,仙草,,,
2563,椰子風味咖啡拿鐵,椰子;拿鐵,,,
2564,椰子脆餅,零食餅乾;椰子,,,
2565,椰果拉茶( 沖泡飲),點心甜品類;茶類,,,
2566,椰香冰美式(季節限定),黑咖啡;椰子,,,
2567,椰香冠軍拿鐵,拿鐵;椰子,,,
2568,椰棗蜜牛奶,其他水果;牛奶;蜂蜜,,,
2569,椰棗蜜拿鐵,其他水果;拿鐵;蜂蜜,,,
2570,椰椰奶奶霜淇淋,椰子;牛奶;霜淇淋,,,
2571,楊枝甘露冰沙,冰沙;點心甜品類,,,
2572,楊枝甘露酷繽沙,冰沙;點心甜品類,,,
2573,楓糖小可頌,丹麥可頌,,,
2574,極饗-加油添醋拌拌麵,其他麵食;醋,,,
2575,極饗-台中風味焢肉飯便當,便當;豬,,,
2576,極饗-四川風味麻辣豆腐飯,豆腐;辣椒;米飯類,,,
2577,極饗-沙茶豬肉燴飯,豬;米飯類,,,
2578,極饗-林聰明雞肉飯,米飯類;雞,,,
2579,極饗-客家小炒燴飯,米飯類,,,
2580,極饗-紅油口水雞冷麵,雞;其他麵食;油脂類,,,
2581,極饗-香腸雙拼便當,加工肉品;便當,,,
2582,極饗-香辣麻醬涼麵,其他麵食;辣椒,,,
2583,極饗-海陸雙饗便當,肉類;海鮮類;便當,,,
2584,極饗-真飽燒肉拌麵,肉類;其他麵食,,,
2585,極饗-椒鹽大雞排便當,雞;便當,,,
2586,極饗-滑蛋牛肉燴飯,蛋類;米飯類;牛,,,
2587,極饗-經典麻醬涼麵,其他麵食,,,
2588,極饗-豪華川辣火腿涼麵,加工肉品;其他麵食;辣椒,,,
2589,極饗-豪華雞絲涼麵,雞;其他麵食,,,
2590,極饗-奮起湖秘製滷排,豬,,,
2591,極饗-奮起湖軟燒肉便當,肉類;便當,,,
2592,極饗-醬香烘蛋便當,蛋類;便當,,,
2593,溏心蛋洋芋,蛋類;馬鈴薯,,,
2594,溏心蛋紐奧良風味烤雞三明治,雞;蛋類;麵包吐司,,,
2595,滑爆可樂霜淇淋,汽水;霜淇淋,,,
2596,煉乳牛奶霜淇淋,牛奶;霜淇淋;其它乳製品,,,
2597,煙燻火腿起司凱薩堡,加工肉品;起司;麵包吐司,,,
2598,煙燻起司,起司,,,
2599,煙燻鮭魚、帆立貝沙拉,沙拉;鮭魚;貝類海鮮,,,
2600,煙燻鮭魚風味捲,鮭魚,,,
2601,照燒風味軟骨雞肉丸,雞,,,
2602,照燒豬排纖食餐盒,豬,,,
2603,照燒雞腿肉串,雞,,,
2604,照燒鰤魚大根飯糰,魚類海鮮;米飯類;根莖類蔬菜,,,
2605,當歸湯,湯品;中藥材,,,
2606,經典117咖啡霜淇淋,咖啡;霜淇淋,,,
2607,經典三明治,麵包吐司,,,
2608,經典小籠湯包,包子饅頭,,,
2609,經典巧克力飲,可可;飲品類,,,
2610,經典冰磚拿鐵,拿鐵,,,
2611,經典肉鬆飯糰,加工肉品;米飯類,,,
2612,經典美式,黑咖啡,,,
2613,經典美式起司巨牛堡,起司;牛;麵包吐司,,,
2614,經典美式雞球,雞,,,
2615,經典原味霜淇淋,霜淇淋,,,
2616,經典拿鐵,拿鐵,,,
2617,經典拿鐵霜淇淋,拿鐵;霜淇淋,,,
2618,經典氣泡美式,黑咖啡,,,
2619,經典番茄肉醬義大利麵,番茄;肉類;義大利麵,,,
2620,經典黃金腿條,雞,,,
2621,經典黑炫酷繽沙(牛奶),牛奶;冰沙,,,
2622,經典黑炫酷繽沙(咖啡),咖啡;冰沙,,,
2623,經典蜂蜜鬆餅,全穀雜糧類;蜂蜜,,,
2624,經典滷肉飯,豬;米飯類,,,
2625,經典摩卡拿鐵,拿鐵;可可,,,
2626,經典雙色小泡芙,點心甜品類,,,
2627,義大利麵,義大利麵,,,
2628,義式冷麵(季節限定),其他麵食,,,
2629,義式咖啡,咖啡,,,
2630,義式香草烤雞風味棒,香草;雞;點心甜品類,,,
2631,義式香草雞肉,雞;香草,,,
2632,義式烤番茄雞胸時蔬沙拉餐,番茄;雞;沙拉,,,
2633,義式莫札瑞拉香濃起士棒,起司;零食餅乾,,,
2634,義式嫩雞,雞,,,
2635,義式嫩雞可頌,丹麥可頌;雞,,,
2636,義式濃縮,咖啡,,,
2637,義式蕃茄肉醬義大利麵,義大利麵;番茄;肉類,,,
2638,義式蕃茄肉醬歐姆蛋包飯,番茄;蛋類;米飯類;肉類,,,
2639,義式蕃茄蕈菇義大利麵,義大利麵;番茄;菌菇,,,
2640,義美牛奶霜淇淋,牛奶;霜淇淋,,,
2641,義美仙草奶茶,仙草;奶茶,,,
2642,義美桂圓紅棗茶,其他水果;茶類;龍眼,,,
2643,義美草莓可可雪糕,草莓;可可;冰棒雪糕,,,
2644,義美無加糖高鈣豆奶,豆漿豆奶,,,
2645,義美黃金無糖麥茶,茶類;麥,,,
2646,義美黑餅乾鮮乳銅鑼燒冰淇淋,冰淇淋;點心甜品類;牛奶;零食餅乾,,,
2647,義美綠豆沙牛奶冰棒,紅豆綠豆;牛奶;冰棒雪糕,,,
2648,義豐-蔥油派,蔥;麵餅,,,
2649,聖德雞肉蛋白棒-義式風味,雞,,,
2650,萬丹紅豆霜淇淋,紅豆綠豆;霜淇淋,,,
2651,葡式千層蛋塔,點心甜品類;蛋類,,,
2652,葵花籽可可,可可,,,
2653,蜂蜜芥末里肌火腿,蜂蜜;加工肉品,,,
2654,蜂蜜柚橘霜淇淋,蜂蜜;柑橘;霜淇淋;柚子,,,
2655,蜂蜜紅茶,蜂蜜;紅茶,,,
2656,蜂蜜紅茶鮮奶茶,蜂蜜;奶茶;牛奶,,,
2657,蜂蜜氣泡美式,蜂蜜;黑咖啡,,,
2658,蜂蜜海鹽檸檬喉糖,蜂蜜;檸檬;點心甜品類,,,
2659,蜂蜜琥珀青茶,蜂蜜;烏龍青茶,,,
2660,蜂蜜琥珀鮮奶茶,蜂蜜;奶茶;牛奶,,,
2661,蜂蜜霜淇淋,蜂蜜;霜淇淋,,,
2662,蜂蜜鮮奶(Iced/Hot),蜂蜜;牛奶,,,
2663,蜂蜜檸檬霜淇淋,蜂蜜;檸檬;霜淇淋,,,
2664,誠仔虎咬豬十三香梅干脆刈包,豬;葉菜類蔬菜;包子饅頭,,,
2665,農心超巨辛杯麵分享組,其他麵食,,,
2666,酪梨牛奶果昔,其他水果;牛奶,,,
2667,酪梨鮮蝦早午餐,其他水果;蝦子,,,
2668,酪梨鮮蝦沙拉,其他水果;蝦子;沙拉,,,
2669,鈺善閣XO猴菇蘿蔔糕,菌菇;蘿蔔,,,
2670,鈺善閣富貴五福蔬食套餐,蔬菜類,,,
2671,鈺善閣豐收白松露油飯,菌菇;米飯類,,,
2672,頌丹樂-泰式打拋豬肉飯,米飯類;豬,,,
2673,頌丹樂-泰式打拋豬飯糰,米飯類;豬,,,
2674,頌丹樂-泰式烤雞冷麵,雞;其他麵食,,,
2675,頌丹樂-遇見泰式打拋雞拌麵,其他麵食;雞,,,
2676,夢甜屋卡士達雙餡鯛魚燒,其它乳製品;點心甜品類,,,
2677,夢甜屋卡斯特拉蛋糕(焦糖卡士達),蛋糕;其它乳製品,,,
2678,夢甜屋紅豆鮮奶油雙餡銅鑼燒,紅豆綠豆;奶油;點心甜品類,,,
2679,夢甜屋黑糖卡士達QQ鯛魚燒,點心甜品類;其它乳製品;黑糖,,,
2680,嫩烤香料雞胸排蔬滿盒,雞;蔬菜類,,,
2681,嫩雞胸青醬義大利麵,雞;義大利麵,,,
2682,慢煮焦糖拿鐵,拿鐵,,,
2683,慢煮焦糖霜淇淋,霜淇淋,,,
2684,旗魚黑輪,魚類海鮮,,,
2685,榛果巧克力捲心酥禮盒,榛果;可可;零食餅乾,,,
2686,榛果風味燕麥拿鐵,拿鐵;榛果;燕麥,,,
2687,歌舞伎揚米果,零食餅乾,,,
2688,滷味香蔥肉丸,蔥;肉類,,,
2689,滷鼎記香滷鵪鶉蛋,蛋類,,,
2690,滷鼎記麻辣雞胗,內臟及血製品;辣椒;雞,,,
2691,滷豬血,內臟及血製品;豬,,,
2692,滿滿海鮮沙拉脆卷,海鮮類;沙拉,,,
2693,滿滿蛋沙拉可頌,丹麥可頌;蛋類;沙拉,,,
2694,滿漢大餐酸菜牛肉拌麵,牛;其他麵食;葉菜類蔬菜,,,
2695,滿漢小香腸_青花椒,加工肉品;辣椒,,,
2696,滿漢嘟嘟好小香腸,加工肉品,,,
2697,滿漢蒜味烤香腸,蒜;加工肉品,,,
2698,滿鮮-切仔麵風味油麵,其他麵食,,,
2699,滿鮮-沙茶魷魚風味油麵,軟體海鮮;其他麵食,,,
2700,滿鮮-酸菜牛肉風味家常麵,葉菜類蔬菜;牛;其他麵食,,,
2701,漂浮冰咖啡(限內用),咖啡,,,
2702,熊本不知火橘霜淇淋,柑橘;霜淇淋,,,
2703,瑪格麗特披薩,其它類,,,
2704,瑪格麗特筆管麵,其他麵食,,,
2705,碳烤燒肉飯飯糰(區),肉類;米飯類,,,
2706,福岡八女濃抹茶拿鐵,拿鐵;綠茶抹茶,,,
2707,福記椒麻溫泉蛋,蛋類;辣椒,,,
2708,福樂Q果草莓覆盆莓優酪,草莓;優酪優格,,,
2709,福樂Q果葡萄奇異果優酪,優酪優格;葡萄;其他水果,,,
2710,福樂自然零原味優酪,優酪優格,,,
2711,福樂超能蛋白百香果優酪,其他水果;優酪優格,,,
2712,福樂超能蛋白無加糖優酪,優酪優格,,,
2713,福樂燕麥草莓優酪,燕麥;草莓;優酪優格,,,
2714,精品生椰厚拿鐵,拿鐵;椰子,,,
2715,精品美式,黑咖啡,,,
2716,精品拿鐵,拿鐵,,,
2717,精品義式濃縮,咖啡,,,
2718,精品燕麥拿鐵,拿鐵;燕麥,,,
2719,綜合莓果霜淇淋,莓果;霜淇淋,,,
2720,綠竹筍,筍子,,,
2721,綠肉洋香瓜（截切—盒）,其他水果,,,
2722,綠豆蒜牛奶酷繽沙,紅豆綠豆;牛奶;冰沙,,,
2723,綠拿鐵果昔,拿鐵;水果類,,,
2724,綠寶石無籽葡萄杯,葡萄,,,
2725,維也納奶油餐包,奶油;麵包吐司,,,
2726,維也納咖啡,咖啡,,,
2727,維多麗亞皇家乳酪蛋糕,起司;蛋糕,,,
2728,綿柔鮮奶土司,麵包吐司;牛奶,,,
2729,翠玉娃娃菜,葉菜類蔬菜,,,
2730,蒜米狠雞腿,雞;蒜,,,
2731,蒜味肉羹,蒜;羹;肉類,,,
2732,蒜泥狠台味三拼,蒜;其它類,,,
2733,蒜香奶油爐烤蔬菜,蒜;奶油;蔬菜類,,,
2734,蒜香油封蝦義大利麵,蒜;油脂類;蝦子;義大利麵,,,
2735,蒜香綜合滷味,蒜;其它類,,,
2736,蒜蒜辣烤腿排,肉類;蒜;辣椒,,,
2737,蒟蒻果凍飲-草莓奇異果風味,草莓;其他水果;飲品類;蔬菜類;點心甜品類,,,
2738,蒟蒻果凍飲-優格風味,優酪優格;飲品類;蔬菜類;點心甜品類,,,
2739,蒸荐康梅花肉圓,豬;全穀雜糧類,,,
2740,蒸蛋湯,蛋類;湯品,,,
2741,蜜汁叉燒包,包子饅頭;蜂蜜;豬,,,
2742,蜜汁雞丁三角飯糰,雞;米飯類;蜂蜜,,,
2743,蜜香伯爵拿鐵,拿鐵,,,
2744,蜜桃風味霜淇淋,水蜜桃;霜淇淋,,,
2745,蜜蜜開心果霜淇淋,堅果種子類;霜淇淋;蜂蜜,,,
2746,蜜醋雞肉野菜,雞;蔬菜類;醋,,,
2747,裸麥雙乳酪核桃歐式麵包,麵包吐司;起司;堅果種子類;麥,,,
2748,輕烏龍拿鐵,拿鐵;烏龍青茶,,,
2749,輕烏龍茶凍,烏龍青茶;點心甜品類,,,
2750,輕滷時蔬,蔬菜類,,,
2751,辣子雞丁炒飯,雞;米飯類,,,
2752,辣味炸棒腿,肉類;辣椒,,,
2753,辣味翅腿雙享,雞;辣椒,,,
2754,辣腐乳麻醬豬肉拌麵,辣椒;豆類;豬;其他麵食,,,
2755,酷夏野莓酷繽沙,莓果;冰沙,,,
2756,酷黑岩鹽牛奶糖風味霜淇淋,霜淇淋;點心甜品類,,,
2757,酸白菜炒豬五花,白菜;豬,,,
2758,鳳梨火龍果果昔,其他水果;鳳梨,,,
2759,增量日式蛋沙拉三明治,蛋類;麵包吐司;沙拉,,,
2760,增雞蛋白餐,雞,,,
2761,墨魚風味捲,軟體海鮮,,,
2762,寬心園蔬食幸福套餐,蔬菜類,,,
2763,廣達香-肉鬆飯糰,加工肉品;米飯類,,,
2764,彈珠汽水霜淇淋,汽水;霜淇淋,,,
2765,德式布丁塔,布丁,,,
2766,德式香腸早午餐,加工肉品,,,
2767,德式香腸蛋沙拉,加工肉品;蛋類;沙拉,,,
2768,德腸沙沙醬番茄冷麵,加工肉品;番茄;其他麵食,,,
2769,樂淇蘋果幸運罐(含籤詩),蘋果,,,
2770,歐巴炸雞泡菜炒飯,雞;葉菜類蔬菜;米飯類,,,
2771,歐姆蛋牛肉咖哩飯,牛;蛋類;咖哩;米飯類,,,
2772,歐拉夫陶瓷杯巧克力沖泡飲,可可;飲品類,,,
2773,澎湖仙人掌霜淇淋,霜淇淋,,,
2774,熟成紅鮭飯糰,鮭魚;米飯類,,,
2775,熱炒沙茶牛肉燴飯,牛;米飯類,,,
2776,熱帶水果霜淇淋,水果類;霜淇淋,,,
2777,蔥抓餅,蔥;麵餅,,,
2778,蔥爆沙茶牛肉炒麵,牛;其他麵食;蔥,,,
2779,蔥鹽手撕雞沙拉,雞;蔥;沙拉,,,
2780,蔥鹽雞肉麵沙拉,雞;蔥;沙拉;其他麵食,,,
2781,蔬享主義麻油猴頭菇煲,麻油;菌菇,,,
2782,蔬活腿排補力餐盒,蔬菜類;肉類,,,
2783,蔬食鮪魚飯糰,鮪魚;米飯類;蔬菜類,,,
2784,蔻蔻那椰香優格(芒果椰椰),優酪優格;芒果;椰子,,,
2785,蝦仁白醬焗烤飯,蝦子;起司;米飯類,,,
2786,蝦仁蛋炒飯,蝦子;蛋類;米飯類,,,
2787,蝦醬高麗菜,蝦子;高麗菜,,,
2788,豬肉起司蛋鬆餅堡,豬;起司;蛋類;全穀雜糧類,,,
2789,豬蹄花,豬,,,
2790,鄧師傅紅燒肉,豬,,,
2791,鄧師傅酸白菜豬腳鍋,白菜;豬;火鍋,,,
2792,鄧師傅鮑魚海皇羹,貝類海鮮;羹,,,
2793,醇可可生土司,可可;麵包吐司,,,
2794,醇乳香土司,麵包吐司,,,
2795,醇厚焙茶霜淇淋,茶類;霜淇淋,,,
2796,醇黑厚可可,可可,,,
2797,醇濃黑巧鬆餅,全穀雜糧類;可可,,,
2798,戰酒黑金龍高粱醉蝦,蝦子;酒,,,
2799,橋村炸雞新極大飯糰,米飯類;雞,,,
2800,橋村辣醬熱狗,加工肉品;辣椒,,,
2801,橙香巧克力霜淇淋,可可;柳橙;霜淇淋,,,
2802,濃可可蛋糕捲,可可;蛋糕,,,
2803,濃拿坡里義大利麵,義大利麵,,,
2804,濃泰式奶茶奶蓋雪糕,奶茶;牛奶;冰棒雪糕,,,
2805,濃萃美式咖啡,黑咖啡,,,
2806,濃萃拿鐵咖啡,拿鐵,,,
2807,濃黑巧克力霜淇淋,可可;霜淇淋,,,
2808,燒燒仙草,仙草,,,
2809,燕麥奶拿鐵(OATLY/愛之味),拿鐵;燕麥,,,
2810,燕麥拿鐵,拿鐵;燕麥,,,
2811,獨饗厚蛋培根蛋餅,蛋類;加工肉品;麵餅,,,
2812,獨饗薄皮黃金煎餃,餃子,,,
2813,獨饗雙起司蔥抓餅,起司;蔥;麵餅,,,
2814,築間香麻奶鍋,火鍋;牛奶,,,
2815,糖炒栗子霜淇淋,堅果種子類;霜淇淋,,,
2816,糖醋炸雞,雞;醋,,,
2817,糖醋魚片,魚類海鮮;醋,,,
2818,糖醋雞丁,雞;醋,,,
2819,膳馨上湯干貝燉烏雞,貝類海鮮;雞;湯品,,,
2820,膳馨原盅厚菇燉雞湯,菌菇;雞;湯品,,,
2821,膳馨綠竹筍排骨湯,筍子;豬;湯品,,,
2822,膳馨櫻花蝦油飯,蝦子;米飯類,,,
2823,臻麷糖醋鱸魚,魚類海鮮;醋,,,
2824,蕃茄肉醬義大利麵,番茄;肉類;義大利麵,,,
2825,蕃茄起司手工千層麵,其他麵食;起司;番茄,,,
2826,蕉個芒果酷繽沙,香蕉;芒果;冰沙,,,
2827,貓咪糖片土司,麵包吐司,,,
2828,錦霞樓海鮮羹,海鮮類;羹,,,
2829,隨緣川味時蔬炒飯,米飯類;蔬菜類,,,
2830,隨緣白醬松露義大利麵,義大利麵;菌菇,,,
2831,靜岡抹茶霜淇淋,綠茶抹茶;霜淇淋,,,
2832,靜岡抹茶鮮奶茶,奶茶;牛奶;綠茶抹茶,,,
2833,龍蝦手捲,蝦子;米飯類,,,
2834,龜甲萬紅茶豆乳,紅茶;豆漿豆奶,,,
2835,優果甜坊醇厚熟布丁,布丁,,,
2836,優格彩蔬棒沙拉,優酪優格;蔬菜類;沙拉,,,
2837,優菓甜坊仙草凍,仙草,,,
2838,優菓甜坊可可玉米片鮮奶酪,可可;玉米;其它乳製品,,,
2839,優菓甜坊杏仁豆腐,杏仁;豆腐,,,
2840,優菓甜坊紅豆紫米湯,紅豆綠豆;米飯類;湯品,,,
2841,優菓甜坊黑糖豆花,豆類;黑糖,,,
2842,優菓甜坊黑糖檸檬愛玉,檸檬;點心甜品類;黑糖,,,
2843,優菓甜坊椰香紫芋露,芋頭;椰子,,,
2844,優菓甜坊楊枝甘露,點心甜品類,,,
2845,優菓甜坊蒟蒻薏仁綠豆湯,全穀雜糧類;紅豆綠豆;湯品;蔬菜類,,,
2846,優菓甜坊銀耳蓮子湯,木耳;湯品;堅果種子類,,,
2847,優菓甜坊摩摩喳喳甜湯,湯品,,,
2848,優質池上飯,米飯類,,,
2849,櫛瓜溏心蛋時蔬沙拉餐,瓜果類蔬菜;蛋類;沙拉,,,
2850,營多火辣雞肉拌炒麵,雞;其他麵食;辣椒,,,
2851,總匯涼麵,其他麵食,,,
2852,薄荷巧克力酷繽沙,可可;冰沙,,,
2853,薯泥鮮蔬蛋沙拉,馬鈴薯;沙拉;蛋類;蔬菜類,,,
2854,霜降和牛飯糰,牛;米飯類,,,
2855,韓式火焰辣烤雞腿,辣椒;雞,,,
2856,韓式泡菜冷烏龍麵,葉菜類蔬菜;其他麵食,,,
2857,韓式泡菜炒豬五花,葉菜類蔬菜;豬,,,
2858,韓式炒雜菜,蔬菜類,,,
2859,韓式炸G,雞,,,
2860,韓式炸雞,雞,,,
2861,韓式炸雞厚土司,雞;麵包吐司,,,
2862,韓式海鮮煎餅,海鮮類;麵餅,,,
2863,韓式起司炸雞義大利麵,義大利麵;雞;起司,,,
2864,韓式魚板棒,魚類海鮮,,,
2865,韓式麻藥溏心蛋,蛋類,,,
2866,韓式蒜味炸雞,雞;蒜,,,
2867,韓式燒肉泡菜飯糰,肉類;葉菜類蔬菜;米飯類,,,
2868,韓式燒肉起司捲便當,肉類;起司;便當,,,
2869,韓式醬燒雞肉丸,雞,,,
2870,韓式雜菜冬粉,其他麵食;蔬菜類,,,
2871,韓國【Dongwon】兩班海帶芽,蔬菜類,,,
2872,韓國Will低糖發酵乳,發酵乳,,,
2873,韓國Will原味發酵乳,發酵乳,,,
2874,韓國天日鹽海苔,海苔,,,
2875,韓國芒果優格軟糖,優酪優格;芒果;點心甜品類,,,
2876,韓國延世大學抹茶生乳包,綠茶抹茶;其它乳製品;麵包吐司,,,
2877,韓國延世大學原味生乳包,其它乳製品;麵包吐司,,,
2878,韓國延世大學草莓生乳包,其它乳製品;麵包吐司;草莓,,,
2879,韓國起司魚肉熱狗,起司;魚類海鮮;加工肉品,,,
2880,韓國堅果糖餅,堅果種子類;零食餅乾,,,
2881,韓國瑞典風格草莓蘇打軟糖,點心甜品類;草莓,,,
2882,韓國義大利麵造型可可,可可,,,
2883,韓國樂天石頭造型巧克力,可可,,,
2884,韓國樂天青葡萄風味ＱＱ軟糖,點心甜品類;葡萄,,,
2885,韓國樂天綜合水果軟糖,點心甜品類;水果類,,,
2886,韓國樂天酸酸軟糖萊姆葡萄風味,點心甜品類;葡萄;檸檬,,,
2887,韓國麵包三兄弟,麵包吐司,,,
2888,韓國麝香葡萄繽紛杯,葡萄,,,
2889,鮪魚肉鬆雙手卷,米飯類;鮪魚;加工肉品,,,
2890,鮪魚沙拉,鮪魚;沙拉,,,
2891,鮪魚洋芋溏心蛋三明治,鮪魚;馬鈴薯;蛋類;麵包吐司,,,
2892,鮪魚蛋沙拉三明治,鮪魚;蛋類;麵包吐司;沙拉,,,
2893,鮪魚飯糰,鮪魚;米飯類,,,
2894,鮪魚雞蛋蔬菜捲餅,鮪魚;蛋類;蔬菜類;麵餅,,,
2895,鮭魚奶油義大利麵,鮭魚;奶油;義大利麵,,,
2896,鮭魚起司炒飯飯糰(圓),米飯類;鮭魚;起司;米飯類,,,
2897,鮭魚蛋炒飯,鮭魚;蛋類;米飯類,,,
2898,鮭魚鮭魚卵(圓),鮭魚,,,
2899,鮭魚雞粒炒飯,鮭魚;雞;米飯類,,,
2900,鮮奶可可,可可;牛奶,,,
2901,鮮芋仙XDRIPO紅茶牛乳奶凍,紅茶;牛奶;點心甜品類,,,
2902,鮮芋仙-家庭號仙草凍,仙草,,,
2903,鮮芋仙-家庭號愛玉凍,點心甜品類,,,
2904,鮮乳坊拿鐵,拿鐵;牛奶,,,
2905,鮮果實軟糖Ｍａｒｏｓｈ—白葡萄,點心甜品類;葡萄,,,
2906,鮮果實軟糖—檸檬口味,點心甜品類;檸檬,,,
2907,鮮果實愛心圈圈軟糖—綜合水果,點心甜品類;水果類,,,
2908,鮮香菇,菌菇,,,
2909,鮮菇肉絲炒水蓮,菌菇;肉類;葉菜類蔬菜,,,
2910,鮮萃四季春茶包,烏龍青茶,,,
2911,鮮嫩鴨胸佐無花果沙拉,鴨;沙拉;其他水果,,,
2912,鮮蔬鮪魚三角飯糰,蔬菜類;鮪魚;米飯類,,,
2913,鮮蝦青醬義大利麵,蝦子;義大利麵,,,
2914,鮮蝦蛋沙拉,蝦子;蛋類;沙拉,,,
2915,鮮蘿蔔,蘿蔔,,,
2916,點點心港式臘味蘿蔔糕,蘿蔔,,,
2917,燻烤蝴蝶棒腿,肉類,,,
2918,燻雞菇菇彩蔬三明治,雞;菌菇;麵包吐司,,,
2919,燻雞總匯鮮蔬三明治,雞;麵包吐司;蔬菜類,,,
2920,藍莓夾心土司,麵包吐司;藍莓,,,
2921,藍莓乳酪三明治,藍莓;起司;麵包吐司,,,
2922,藍莓香蕉牛奶果昔,香蕉;牛奶;藍莓,,,
2923,藍莓起司霜淇淋,藍莓;起司;霜淇淋,,,
2924,貘抖明星巧克力巧酥牛奶雪糕,可可;牛奶;冰棒雪糕,,,
2925,貘貘桃霜淇淋,霜淇淋,,,
2926,贅沢八女抹茶拿鐵,拿鐵;綠茶抹茶,,,
2927,醬皇牛腱飯,牛;米飯類,,,
2928,醬香豬耳絲,豬,,,
2929,醬烤牛五花捲餅,牛;麵餅,,,
2930,醬煮虱目魚肚,魚類海鮮,,,
2931,醬燒里肌鮮蔬三明治,肉類;蔬菜類;麵包吐司,,,
2932,雙月仙草雲飲,仙草;飲品類,,,
2933,雙月嫩仙草凍,仙草,,,
2934,雙月檸檬愛玉凍,檸檬;點心甜品類,,,
2935,雙色可可牛奶風味,可可;牛奶,,,
2936,雙色可可草莓風味,可可;草莓,,,
2937,雙色地瓜起司三明治,麵包吐司;地瓜;起司,,,
2938,雙果長纖全麥土司,水果類;麵包吐司;麥,,,
2939,雙拼起司紅醬焗飯,米飯類;起司,,,
2940,雙重葡萄風味碳酸水,葡萄;汽水,,,
2941,雙倍肉桂捲口味夾心餅乾,零食餅乾,,,
2942,雙倍起司火腿蛋三明治,加工肉品;麵包吐司;起司;蛋類,,,
2943,雙起司火腿蔥抓餅,起司;加工肉品;蔥;麵餅,,,
2944,雙起司蔥抓餅,起司;蔥;麵餅,,,
2945,雙葉四季春奶蓋珍珠雪糕,烏龍青茶;牛奶;冰棒雪糕;珍珠粉粿,,,
2946,雙蔬鮪魚飯糰,鮪魚;蔬菜類;米飯類,,,
2947,雜糧歐式麵包,麵包吐司,,,
2948,雞汁油蔥手工麵線,其他麵食;油脂類;蔥,,,
2949,雞肉蛋白棒-黑胡椒風味,雞,,,
2950,雞肉飯飯糰,雞;米飯類,,,
2951,雞蛋沙拉三明治,蛋類;沙拉;麵包吐司,,,
2952,雞湯高粥,米飯類;雞;湯品,,,
2953,雞絲蔥開煨麵,雞;蔥;其他麵食,,,
2954,懷舊鳳梨冰沙,鳳梨;冰沙,,,
2955,瀧厚戰斧豬排,豬,,,
2956,爆汁起司熱狗,起司;加工肉品,,,
2957,爆炒台灣豚本丸,豬,,,
2958,爆炒滷雞胗,內臟及血製品;雞,,,
2959,爆蛋燒肉新極大飯糰,米飯類;蛋類;肉類,,,
2960,爆漿燻腸起司飯卷,起司;加工肉品;米飯類,,,
2961,羅勒青醬嫩雞胸冷麵,蔬菜類;雞;其他麵食,,,
2962,藥膳雞湯,雞;湯品,,,
2963,藷童謠X芋圓王雙圓,芋頭;點心甜品類,,,
2964,譚府海鮮黃金羹,海鮮類;羹,,,
2965,關東煮春雨,其他麵食,,,
2966,關東煮科學麵,其他麵食,,,
2967,鬍鬚林雞爪凍,雞,,,
2968,鬍鬚張黃金雞絲,雞,,,
2969,鬍鬚張經典豬腳,豬,,,
2970,嚴選玉米笛,玉米,,,
2971,寶卡卡瑪格麗特披薩口味,其它類,,,
2972,糯麥菇菇雞湯沙拉,沙拉;雞;菌菇;麥;湯品,,,
2973,繽紛水果拼盤,水果類,,,
2974,蘋果牛奶酷繽沙,蘋果;牛奶;冰沙,,,
2975,蘋果芒芒綠,蘋果;芒果;茶類,,,
2976,蘋果油醋雞肉麵沙拉,蘋果;雞;沙拉;油脂類;其他麵食;醋,,,
2977,蘋果派酷繽沙,蘋果;冰沙,,,
2978,蠔油肉絲燴鮮菇,肉類;菌菇,,,
2979,馨苑干貝海鮮煲粥,貝類海鮮;米飯類,,,
2980,馨苑香滷豬腳丁,豬,,,
2981,馨苑涼拌干絲,豆類,,,
2982,馨苑薑絲鱸魚湯,魚類海鮮;薑;湯品,,,
2983,櫸木燻雞飯糰,雞;米飯類,,,
2984,櫻花抹茶棒,綠茶抹茶,,,
2985,櫻花霜淇淋,霜淇淋,,,
2986,蘭姆葡萄霜淇淋,葡萄;霜淇淋,,,
2987,蠟筆小新糖果機,點心甜品類,,,
2988,轟炸火辣雞翅,雞;辣椒,,,
2989,轟炸火辣雞腿排,雞;辣椒,,,
2990,鐵板烤肉飯糰,肉類;米飯類,,,
2991,鐵道排骨便當,豬;便當,,,
2992,鐵道雞腿便當,雞;便當,,,
2993,鐵觀音濃茶奶蓋雪糕,茶類;牛奶;冰棒雪糕,,,
2994,鐵觀音霜淇淋,茶類;霜淇淋,,,
2995,霸王黃金香雞腿,雞,,,
2996,霸王黃金酷辣雞腿排,雞;辣椒,,,
2997,饗麻饗辣天香麻辣鍋,火鍋;辣椒,,,
2998,鰹魚辣醬粉絲煲,魚類海鮮;辣椒;其他麵食,,,
2999,鱈魚蛋白棒-起司風味,魚類海鮮;起司,,,
3000,蘿蔔絲酥餅,蘿蔔,,,
3001,鹽之花奶霜烏龍酷繽沙,牛奶;烏龍青茶;冰沙,,,
3002,鹽奶油蛋白能量棒,奶油,,,
3003,鹽豆乳泡麵,豆漿豆奶;其他麵食,,,
3004,鹽酥香菇,菌菇,,,
3005,鹽蔥燒肉飯糰,肉類;蔥;米飯類,,,
3006,鹽鮭三角飯糰,鮭魚;米飯類,,,
3007,讚岐烏龍麵,其他麵食,,,
3008,【麗紳和春堂】花旗蔘銀耳露禮盒,木耳,,,
3009,【羅東鎮農會】羅董宜蘭有機豆漿,豆漿豆奶,,,
3010,【羅東鎮農會】羅董有機糙米奶,米飯類,,,
3011,【羅東鎮農會】羅董有機銀耳露,木耳,,,
3012,【羅東鎮農會】羅董有機黑糖黑木耳露,木耳;黑糖,,,
3013,【羅東鎮農會】羅董有機青仁黑豆奶,豆漿豆奶,,,
3014,【噶瑪蘭】黑麥汁,汽水;麥,,,
3015,【歐典生機】養生黑木耳,木耳,,,
3016,【福穀樂】享嘉．香醇杏仁茶,杏仁;茶類,,,
3017,【葡萄王】靈芝王精華飲,飲品類,,,
3018,【葡萄王】康普茶雙纖飲-葡柚蜜香風味,茶類;柚子,,,
3019,【葡萄王】田七瑪卡王精華飲,飲品類,,,
3020,【愛之味】愛健雙健茶王蜜香烏龍,烏龍青茶,,,
3021,【愛之味】愛之味分解茶,茶類,,,
3022,【愛之味】油切分解茶四季春風味,烏龍青茶,,,
3023,【愛之味】分解茶-秋薑黃,茶類;薑,,,
3024,【掌生穀粒】migu糜咕熬米湯,米飯類;湯品,,,
3025,【雀巢】雪梨茶,茶類,,,
3026,【惜惜】康普茶氣泡飲荔枝蘋果,汽水;荔枝;蘋果;茶類,,,
3027,【惜惜】康普茶-青梅氣泡,汽水;梅子;茶類,,,
3028,【惜惜】康普茶-台灣香檬氣泡,汽水;檸檬;茶類,,,
3029,【康健】紅牛能量飲料,飲品類,,,
3030,【康健】紅牛火龍果風味能量飲料,飲品類;其他水果,,,
3031,【康迪】全穀堅果38-均衡一生,全穀雜糧類;堅果種子類,,,
3032,【康迪】生機能量精力湯-均衡一生,湯品,,,
3033,【康貝特】黃金康貝特能量飲料,飲品類,,,
3034,【崇德發】檸檬白麥汁,汽水;檸檬;麥,,,
3035,【崇德發】黑麥汁,汽水;麥,,,
3036,【崇德發】白麥汁,汽水;麥,,,
3037,【海夫健康生活館】菊花銀耳露,木耳,,,
3038,【海夫健康生活館】紅棗銀耳露,木耳;其他水果,,,
3039,【海夫健康生活館】花旗蔘銀耳露,木耳;中藥材,,,
3040,【桂格】養氣人蔘,中藥材,,,
3041,【桂格】高麗人蔘禮盒,中藥材,,,
3042,【桂格】油切享纖白柚檸檬飲,飲品類;柚子;檸檬,,,
3043,【桂格】奇動能量飲-熱帶百香果風味,飲品類;其他水果,,,
3044,【悅氏】油切綠茶-無糖,綠茶抹茶,,,
3045,【枸杞家園】華世有機認證枸杞,中藥材,,,
3046,【枸杞家園】有機認證枸杞原汁,飲品類;中藥材,,,
3047,【保力達】蠻牛維他命B飲料,飲品類,,,
3048,【保力達】水蠻牛飲料,飲品類,,,
3049,【青葉】枸杞燉銀耳,木耳;中藥材,,,
3050,【波爾】波爾茶-葡萄柚口味,茶類;柚子,,,
3051,【昊之蔘】花漾人蔘禮盒,中藥材,,,
3052,【昊之蔘】人蔘禮盒,中藥材,,,
3053,【享活】雪銀耳露,木耳,,,
3054,【享活】有機黑木耳露-銀杏,木耳;堅果種子類,,,
3055,【每朝】雙纖綠茶,綠茶抹茶,,,
3056,【每朝】無糖紅茶,紅茶,,,
3057,【每朝】健康茶,茶類,,,
3058,【米森】有機漢方人蔘茶,茶類;中藥材,,,
3059,【百家珍】蘋果即飲醋,醋;蘋果;飲品類,,,
3060,【名屋】菊花蜂蜜銀耳露,木耳;蜂蜜,,,
3061,【名屋】桂花冰糖銀耳露,木耳,,,
3062,【白蘭氏】養蔘飲禮盒,中藥材,,,
3063,【白蘭氏】旭沛蜆精,貝類海鮮,,,
3064,【生活】新優植養生黑木耳露-銀杏口味,木耳;堅果種子類,,,
3065,【生活】新優植黑木耳露-黑糖口味,木耳;黑糖,,,
3066,【台糖】蠔蜆精,貝類海鮮;飲品類,,,
3067,【台糖】蜆精,貝類海鮮;飲品類,,,
3068,【卡麥隆】黑麥汁-原味,汽水;麥,,,
3069,【王老吉】涼茶植物飲料,飲品類,,,
3070,【日禾田】冰糖海燕窩,蔬菜類,,,
3071,【天然享活】有機黑木耳露,木耳,,,
3072,【不倒の菇】養生黑木耳露,木耳,,,
3073,【TTL 台酒】原味黑麥汁,汽水;麥,,,
3074,【TTL 台酒】紅麴黑麥汁,汽水;麥,,,
3075,【Red Bull 紅牛】能量飲料,飲品類,,,
3076,【Red Bull 紅牛】巨峰葡萄風味能量飲料,飲品類;葡萄,,,
3077,【Q-LIFE 享活】天然享活有機黑木耳露,木耳,,,
3078,【NatureMax 家倍健】花蓮無毒山苦瓜原片茶包,茶類;瓜果類蔬菜,,,
3079,【GS MALL】黑糖桂圓紅棗薑母茶磚,茶類;黑糖;其他水果;薑;龍眼,,,
3080,【Day Choose 果日優選】HPP冷壓綜合纖果銀耳露,木耳,,,
3081,【Chiiiiiiiii 奇動】能量飲-熱帶百香果,飲品類;其他水果,,,
3082,【Chiiiiiiiii 奇動】能量飲 黃金柚風味,飲品類;柚子,,,
3083,【BIO-TECH 台酒生技】烏梅黑麥汁,汽水;麥;梅子,,,
3084,【BIO-TECH 台酒生技】桂圓黑麥汁,汽水;麥;龍眼,,,
3085,【ASAHI 朝日】咖啡因複方茶,茶類,,,
3086,【ASAHI 朝日】十六茶 零咖啡因複方茶 ,茶類,,,
3087,【歐典生機】雪蓮燉銀耳,木耳,,,
3088,【愛之味】薏仁寶,全穀雜糧類,,,
3089,【愛之味】燕麥奶花生,燕麥;花生,,,
3090,【愛之味】蒟蒻紅豆粉粿,紅豆綠豆;珍珠粉粿;蔬菜類,,,
3091,【愛之味】綠豆意人爽,紅豆綠豆,,,
3092,【愛之味】愛之味花生豆花,豆類;花生,,,
3093,【愛之味】愛之味沖繩黑八寶,點心甜品類,,,
3094,【愛之味】寒天檸檬愛玉冰,冰品;檸檬;點心甜品類,,,
3095,【愛之味】寒天嫩仙草,仙草,,,
3096,【愛之味】甜八寶,點心甜品類,,,
3097,【愛之味】珍珠圓,珍珠粉粿,,,
3098,【愛之味】杏仁派,杏仁,,,
3099,【愛之味】妞妞甜八寶,點心甜品類,,,
3100,【愛之味】妞妞紅豆粉粿,紅豆綠豆;珍珠粉粿,,,
3101,【愛之味】妞妞珍珠圓,珍珠粉粿,,,
3102,【愛之味】冰燒仙草,仙草,,,
3103,【愛之味】牛奶花生,花生;牛奶,,,
3104,【泰山】薏仁湯,全穀雜糧類;湯品,,,
3105,【泰山】燕麥奶花生,燕麥;花生,,,
3106,【泰山】養生珍饌紫米薏仁,米飯類,,,
3107,【泰山】綿密牛奶紅豆,紅豆綠豆;牛奶,,,
3108,【泰山】綠豆椰果湯,紅豆綠豆;點心甜品類;湯品,,,
3109,【泰山】綠豆湯,紅豆綠豆;湯品,,,
3110,【泰山】黑八寶-沖繩黑糖,點心甜品類;黑糖,,,
3111,【泰山】黑八寶,點心甜品類,,,
3112,【泰山】紫米薏仁,米飯類,,,
3113,【泰山】紫米紅豆湯,紅豆綠豆;湯品;米飯類,,,
3114,【泰山】紅豆湯,紅豆綠豆;湯品,,,
3115,【泰山】珍榖益南瓜藜麥粥,米飯類;瓜果類蔬菜;麥,,,
3116,【泰山】珍珠薏仁饌,珍珠粉粿;全穀雜糧類,,,
3117,【泰山】花生仁湯,花生;湯品,,,
3118,【泰山】自然就好系列-花生湯,花生;湯品,,,
3119,【泰山】台灣花生湯,花生;湯品,,,
3120,【泰山】仙草蜜,仙草,,,
3121,【泰山】仙草凍,仙草,,,
3122,【泰山】十穀寶,全穀雜糧類,,,
3123,【泰山】八寶粥,點心甜品類,,,
3124,【桂格】杏仁果燕麥飲,杏仁;燕麥;飲品類,,,
3125,【屏東縣農會】屏農紅豆湯,紅豆綠豆;湯品,,,
3126,【青葉】有機紅豆湯,紅豆綠豆;湯品,,,
3127,【谷溜谷溜】【!梅】漢方烏梅汁,蔬果汁;梅子,,,
3128,【名屋】燕麥綠豆湯,燕麥;紅豆綠豆;湯品,,,
3129,【名屋】燕麥花生,燕麥;花生,,,
3130,【名屋】紅豆蓮子湯,紅豆綠豆;湯品;堅果種子類,,,
3131,【名屋】名屋燕麥綠豆湯,燕麥;紅豆綠豆;湯品,,,
3132,【名屋】牛奶花生,花生;牛奶,,,
3133,【十全】十全綜合蒟蒻,蔬菜類,,,
3134,【ASAHI 朝日】原味可爾必思飲料,飲品類,,,
3135,【福壽】原始種黑錦土雞滴雞精,雞;飲品類,,,
3136,【農純鄉】紅棗枸杞滴雞精,雞;飲品類;其他水果;中藥材,,,
3137,【逸湘齋】滴雞精禮盒,雞;飲品類,,,
3138,【逸湘齋】原味滴雞精,雞;飲品類,,,
3139,【華陀扶元堂】古傳滴雞精,雞;飲品類,,,
3140,【桂格】熬雞精,雞;飲品類,,,
3141,【桂格】滴雞精,雞;飲品類,,,
3142,【娘家】熬雞精,雞;飲品類,,,
3143,【金牌大師】原味滴雞精,雞;飲品類,,,
3144,【虱故鄉】熬魚淬 養身漢方禮盒,魚類海鮮;飲品類,,,
3145,【虱故鄉】熬魚淬 補氣蜆味禮盒,貝類海鮮;飲品類;魚類海鮮,,,
3146,【虱故鄉】熬魚淬 經典原味禮盒,魚類海鮮;飲品類,,,
3147,【芳茲】日月養生滴雞精禮盒,雞;飲品類,,,
3148,【芳茲】日月養生滴魚精禮盒,魚類海鮮;飲品類,,,
3149,【芳茲】日月養生黃金蜆滴雞精彩盒款,雞;貝類海鮮;飲品類,,,
3150,【老協珍】熬雞精 暖薑口味,雞;薑;飲品類,,,
3151,【老協珍】熬雞精 紅棗枸杞口味,雞;飲品類;其他水果;中藥材,,,
3152,【安永】安永鱸魚精,魚類海鮮;飲品類,,,
3153,【豪鮮牛肉】頂級霜降沙朗牛排,牛,,,
3154,【豪鮮牛肉】紐西蘭老饕牛舌切片,牛,,,
3155,【豪鮮牛肉】美國霜降翼板牛肉片,牛,,,
3156,【豪鮮牛肉】美國凝脂厚切雪花牛肉片,牛,,,
3157,【豪鮮牛肉】美國穀飼精修上肩牛肋切段,牛,,,
3158,【豪鮮牛肉】美國特選板腱牛肉片,牛,,,
3159,【豪鮮牛肉】美國安格斯霜降翼板牛排,牛,,,
3160,【豪鮮牛肉】美國安格斯凝脂牛五花牛排,牛,,,
3161,【豪鮮牛肉】美國安格斯雪花嫩肩牛排薄切,牛,,,
3162,【豪鮮牛肉】美國安格斯雪花嫩肩牛排厚切,牛,,,
3163,【豪鮮牛肉】美國安格斯雪花無骨牛小排,牛,,,
3164,【豪鮮牛肉】美國安格斯帶骨牛小排,牛,,,
3165,【豪鮮牛肉】美國安格斯PRIME頂級霜降沙朗骰子,牛,,,
3166,【豪鮮牛肉】美國PRIME安格斯肋眼牛排,牛,,,
3167,【豪鮮牛肉】南美草飼之星全天然牛腱切塊,牛,,,
3168,【豪鮮牛肉】南美草原熟成嫩肩肉片,牛,,,
3169,【豪鮮牛肉】南美草原之心熟成菲力厚切,牛,,,
3170,【豪鮮牛肉】南美草原之心全天然肋眼牛排,牛,,,
3171,【豪鮮牛肉】南美草原之心天然牛肋條切段,牛,,,
3172,【豪鮮牛肉】南美厚切草原之心全天然肋眼牛排,牛,,,
3173,【豪鮮牛肉】南美天然草飼嫩肩牛排,牛,,,
3174,【豪鮮牛肉】手工美國超厚100%純牛漢堡排,加工肉品;牛,,,
3175,【約克街肉舖】嚴選澳洲小放山羊帶皮切塊,羊,,,
3176,【約克街肉舖】雞胗/雞心/雞皮任選,內臟及血製品;雞,,,
3177,【約克街肉舖】韓式雪花帶骨豬小排,豬,,,
3178,【約克街肉舖】澳洲熟成沙朗牛排,牛,,,
3179,【約克街肉舖】澳洲頂級老饕牛頰肉,牛,,,
3180,【約克街肉舖】澳洲頂級牛筋切段,牛,,,
3181,【約克街肉舖】澳洲小牛嫩肩牛排,牛,,,
3182,【約克街肉舖】醃漬帶骨豬小排任選,豬,,,
3183,【約克街肉舖】輕醃椒鹽雞棒腿,雞,,,
3184,【約克街肉舖】精選台灣豬梅花肉片,豬,,,
3185,【約克街肉舖】精選台灣豬五花肉片,豬,,,
3186,【約克街肉舖】港式椒鹽豬五花肉排,豬,,,
3187,【約克街肉舖】椒鹽雪花帶骨豬小排,豬,,,
3188,【約克街肉舖】雪花帶骨豬小排,豬,,,
3189,【約克街肉舖】軟嫩百頁豆腐串,豆腐,,,
3190,【約克街肉舖】國產豬里肌上蓋肋條,豬,,,
3191,【約克街肉舖】草飼背肩牛絞肉,牛,,,
3192,【約克街肉舖】純淨澳洲蜂巢牛肚切段,內臟及血製品;牛,,,
3193,【約克街肉舖】純淨台灣國產雞胸絞肉,雞,,,
3194,【約克街肉舖】純淨台灣國產雞胸肉丁,雞,,,
3195,【約克街肉舖】純淨台灣國產雞翅尖,雞,,,
3196,【約克街肉舖】純淨台灣國產雞皮,雞,,,
3197,【約克街肉舖】純淨台灣國產豬絞肉,豬,,,
3198,【約克街肉舖】紐西蘭帶髓羊大骨,羊,,,
3199,【約克街肉舖】紐西蘭厚切板腱牛排,牛,,,
3200,【約克街肉舖】紐西蘭法式8骨小羔羊排,羊,,,
3201,【約克街肉舖】紐西蘭板腱牛排,牛,,,
3202,【約克街肉舖】紐西蘭羊排骨切塊,羊,,,
3203,【約克街肉舖】紐西蘭小羔羊後腿心菲力,羊,,,
3204,【約克街肉舖】紐西蘭小羔羊肉片,羊,,,
3205,【約克街肉舖】紐西蘭PS沙朗牛排,牛,,,
3206,【約克街肉舖】家常牛豬雞絞肉任選,牛;豬;雞,,,
3207,【約克街肉舖】香烤豬大腸串,內臟及血製品;豬,,,
3208,【約克街肉舖】美國安格斯板腱牛排,牛,,,
3209,【約克街肉舖】厚切純淨台灣去皮雞胸排,雞,,,
3210,【約克街肉舖】青花椒雪花帶骨豬小排,豬,,,
3211,【約克街肉舖】法國總統牌有鹽純奶油,奶油,,,
3212,【約克街肉舖】孜然羊肩排,羊,,,
3213,【約克街肉舖】孜然丁骨羊排,羊,,,
3214,【約克街肉舖】孜然/蒜香牛肉串任選,牛;蒜,,,
3215,【約克街肉舖】西班牙低鹽切達起司片,起司,,,
3216,【約克街肉舖】安心僧帽肌雪花豬肉片,豬,,,
3217,【約克街肉舖】台灣雞翅串,雞,,,
3218,【約克街肉舖】台灣雞肉/豬肉串,雞;豬,,,
3219,【約克街肉舖】台灣優選豬棒腿,豬,,,
3220,【約克街肉舖】台灣帶骨梅花豬小排,豬,,,
3221,【約克街肉舖】台灣國產嚴選雞中翅,雞,,,
3222,【約克街肉舖】台灣國產嚴選豬五花厚切,豬,,,
3223,【約克街肉舖】台灣國產嚴選去骨雞腿排,雞,,,
3224,【約克街肉舖】台灣國產薄切雞胸肉,雞,,,
3225,【約克街肉舖】台灣國產優質家常培根切片,加工肉品,,,
3226,【約克街肉舖】台灣國產優質沙朗豬排,豬,,,
3227,【約克街肉舖】台灣國產優質去骨雞腿丁,雞,,,
3228,【約克街肉舖】台灣國產豬肉絲,豬,,,
3229,【約克街肉舖】台灣國產無骨小里肌豬排,豬,,,
3230,【約克街肉舖】台灣國產厚切培根,加工肉品,,,
3231,【約克街肉舖】台灣米血糕串,內臟及血製品;米飯類,,,
3232,【約克街肉舖】台灣安心豬腳切塊,豬,,,
3233,【約克街肉舖】台灣安心月亮豬軟骨,豬,,,
3234,【約克街肉舖】台灣去骨雞腿丁/雞胸肉任選,雞,,,
3235,【約克街肉舖】古早味厚切排骨,豬,,,
3236,【約克街肉舖】日本Ｆ1奧羽雪紋和牛排,牛,,,
3237,【約克街肉舖】日本Ａ5極饌雪紋和牛排,牛,,,
3238,【約克街肉舖】日本Ａ5極饌和牛燒肉片,牛,,,
3239,【約克街肉舖】手拍Ａ5和牛漢堡排,加工肉品;牛,,,
3240,【約克街肉舖】天然放牧無毒黑羽土雞切塊,雞,,,
3241,【約克街肉舖】七里香燒烤串,雞,,,
3242,【赤豪家庭私廚】經典義大利麵組,義大利麵,,,
3243,【赤豪家庭私廚】經典酥嫩月亮蝦餅,蝦子;麵餅,,,
3244,【赤豪家庭私廚】經典古早味干貝蝦仁海鮮羹,蝦子;貝類海鮮;羹,,,
3245,【赤豪家庭私廚】黑胡椒醬鐵板麵,其他麵食,,,
3246,【赤豪家庭私廚】黑胡椒牛柳料理組,牛,,,
3247,【赤豪家庭私廚】無骨香酥雞米花,雞,,,
3248,【赤豪家庭私廚】椒鹽鮮嫩雞中翅,雞,,,
3249,【赤豪家庭私廚】麻油雞佛料理組,內臟及血製品;雞;麻油,,,
3250,【赤豪家庭私廚】麻油松坂豬料理組,豬;麻油,,,
3251,【赤豪家庭私廚】章魚風味丸子燒,軟體海鮮,,,
3252,【赤豪家庭私廚】高麗菜豬肉水餃,豬;高麗菜;餃子,,,
3253,【赤豪家庭私廚】紐奧良燒烤翅小腿,雞,,,
3254,【赤豪家庭私廚】家傳萬巒豬腳_附蒜蓉醬,豬;蒜,,,
3255,【赤豪家庭私廚】香酥蔥抓餅,麵餅;蔥,,,
3256,【赤豪家庭私廚】香酥英式炸魚條,魚類海鮮,,,
3257,【赤豪家庭私廚】香烤豬粉腸,內臟及血製品;豬,,,
3258,【赤豪家庭私廚】美式調味楔型薯條,馬鈴薯,,,
3259,【赤豪家庭私廚】美式牛肉漢堡排,牛;加工肉品,,,
3260,【赤豪家庭私廚】青蔥椒鹽牛舌,牛;蔥,,,
3261,【赤豪家庭私廚】法式經典薯條,馬鈴薯,,,
3262,【赤豪家庭私廚】岡山藥膳羊肉爐,羊;火鍋,,,
3263,【赤豪家庭私廚】私房老醬滷牛三寶,牛;內臟及血製品,,,
3264,【赤豪家庭私廚】冷凍高麗菜豬肉熟蒸餃,豬;高麗菜;餃子,,,
3265,【赤豪家庭私廚】冷凍韭菜豬肉熟蒸餃,豬;葉菜類蔬菜;餃子,,,
3266,【赤豪家庭私廚】冷凍日式素蒸餃,餃子,,,
3267,【赤豪家庭私廚】肉多多紅燒酸菜牛肉湯,牛;湯品;葉菜類蔬菜,,,
3268,【赤豪家庭私廚】古早味雞腿排,雞,,,
3269,【赤豪家庭私廚】古早味里肌燒肉片,肉類,,,
3270,【赤豪家庭私廚】古早味大腸麵線羹,內臟及血製品;其他麵食;羹,,,
3271,【赤豪家庭私廚】大份量豬/雞烤肉箱,豬;雞,,,
3272,【赤豪家庭私廚】大份量全牛烤肉箱,牛,,,
3273,【赤豪家庭私廚】人蔘香菇雞湯,雞;菌菇;湯品;中藥材,,,
3274,【小川漁屋】嚴選家常鮭魚＋大比目魚切片,鮭魚,,,
3275,【小川漁屋】嚴選活凍鳳螺,其它類,,,
3276,【小川漁屋】鮮凍無肚洞土魠魚切片,魚類海鮮,,,
3277,【小川漁屋】鮮凍刻花魷魚,軟體海鮮,,,
3278,【小川漁屋】遠洋白帶魚切段,魚類海鮮,,,
3279,【小川漁屋】極鮮飽滿花蛤貝肉,貝類海鮮,,,
3280,【小川漁屋】極鮮野生肉魚,魚類海鮮,,,
3281,【小川漁屋】極鮮花枝蝦滑,蝦子;軟體海鮮,,,
3282,【小川漁屋】極品南非活凍帶殼鮑魚,貝類海鮮,,,
3283,【小川漁屋】無肚洞厚切大比目魚,魚類海鮮,,,
3284,【小川漁屋】智利鮮凍鮭魚尾排,鮭魚,,,
3285,【小川漁屋】智利鮮凍鮭魚切片,鮭魚,,,
3286,【小川漁屋】智利巨大厚切鮭魚,鮭魚,,,
3287,【小川漁屋】野生挪威薄鹽鯖魚,魚類海鮮,,,
3288,【小川漁屋】野生秋刀魚,魚類海鮮,,,
3289,【小川漁屋】野生北海大干貝,貝類海鮮,,,
3290,【小川漁屋】特級純天然無刺巴沙魚排,魚類海鮮,,,
3291,【小川漁屋】特大安心開背蝦仁,蝦子,,,
3292,【小川漁屋】挪威鯖魚一夜干,魚類海鮮,,,
3293,【小川漁屋】香酥花枝排,軟體海鮮,,,
3294,【小川漁屋】紅白雙星純肉鰻魚,魚類海鮮,,,
3295,【小川漁屋】活凍南美白蝦,蝦子,,,
3296,【小川漁屋】巨無霸大比目魚厚切,魚類海鮮,,,
3297,【小川漁屋】外銷用台灣鯛魚片,魚類海鮮,,,
3298,【小川漁屋】台灣鱸魚清肉丁,魚類海鮮,,,
3299,【小川漁屋】台灣野生竹筴魚切片,魚類海鮮,,,
3300,【小川漁屋】台灣純海水低密度養殖鱸魚清肉排,魚類海鮮,,,
3301,【小川漁屋】大比目魚厚切,魚類海鮮,,,
3302,【福穀樂】爆漿香芋包,包子饅頭;芋頭,,,
3303,【福穀樂】蔬香雲絲包,包子饅頭;蔬菜類,,,
3304,【福穀樂】黑麥雜糧饅頭,包子饅頭;麥,,,
3305,【福穀樂】高麗菜鮮肉雜糧水餃,餃子;高麗菜;肉類,,,
3306,【福穀樂】高麗菜菇菇包,包子饅頭;高麗菜;菌菇,,,
3307,【福穀樂】巧食．無添加彩虹麵疙瘩,其他麵食,,,
3308,【福穀樂】奶酥起士包,包子饅頭;起司;奶油,,,
3309,【福穀樂】奶油紅豆包,包子饅頭;紅豆綠豆;奶油,,,
3310,【善美的】野生海午仔魚,魚類海鮮,,,
3311,【善美的】宜蘭特選帶卵香魚,魚類海鮮,,,
3312,【海陸管家】蘿蔔絲酥捲,蘿蔔,,,
3313,【海陸管家】營養迷你小蛋堡,蛋類;麵包吐司,,,
3314,【海陸管家】翡翠/黃金/如意燒賣,餃子,,,
3315,【海陸管家】黃金酥脆魷魚圈,軟體海鮮,,,
3316,【海陸管家】黃金酥炸竹莢魚片,魚類海鮮,,,
3317,【海陸管家】黃金海鮮排,海鮮類,,,
3318,【海陸管家】黃金香酥魷米花,軟體海鮮,,,
3319,【海陸管家】黃金厚厚魔鬼雞排,雞,,,
3320,【海陸管家】黃金卡啦豬排,豬,,,
3321,【海陸管家】酥脆虱目魚塊_小魚造型,魚類海鮮,,,
3322,【海陸管家】酥脆卡啦雞腿排,雞,,,
3323,【海陸管家】港式酥脆蘿蔔糕,蘿蔔,,,
3324,【海陸管家】富統小熱狗家庭號,加工肉品,,,
3325,【海陸管家】軟Q小金絲卷,包子饅頭,,,
3326,【海陸管家】荷蘭經典洋蔥圈,根莖類蔬菜,,,
3327,【海陸管家】挪威特選黃金爆卵柳葉魚,魚類海鮮,,,
3328,【海陸管家】香酥蘋果派,蘋果,,,
3329,【海陸管家】香酥旗魚塊,魚類海鮮,,,
3330,【海陸管家】香酥旗魚排,魚類海鮮,,,
3331,【海陸管家】香酥蛋黃芋泥丸,蛋類;芋頭,,,
3332,【海陸管家】香酥虱目魚排,魚類海鮮,,,
3333,【海陸管家】阿在伯冷凍手工餃子,餃子,,,
3334,【海陸管家】奇美雙色巧克力饅頭,包子饅頭;可可,,,
3335,【海陸管家】奇津冷凍熟鍋貼,餃子,,,
3336,【海陸管家】奇津冷凍素鍋貼,餃子,,,
3337,【海陸管家】奇津冷凍上海生煎包,包子饅頭,,,
3338,【海陸管家】奇巧豬肉熟高麗菜水餃,餃子;豬;高麗菜,,,
3339,【海陸管家】味你好高麗菜鮮肉熟水餃,餃子;肉類;高麗菜,,,
3340,【海陸管家】可口淡水魚丸,魚類海鮮,,,
3341,【海陸管家】古早味香酥炸芋餅,芋頭,,,
3342,【海陸管家】日式風味深海帝王蟹味棒,甲殼類海鮮,,,
3343,【海陸管家】手工港式螺絲卷,包子饅頭,,,
3344,【海肉管家】香蔥蛋餅皮,麵餅;蛋類;蔥,,,
3345,【海肉管家】台式蔥抓餅,麵餅;蔥,,,
3346,【泰凱食堂】超人氣椒香鹹水雞,雞,,,
3347,【泰凱食堂】冰火山溏心蛋,蛋類,,,
3348,【阿琴水餃】鮮豬肉水餃-瓠瓜鮮肉,餃子;豬;瓜果類蔬菜,,,
3349,【阿琴水餃】鮮豬肉水餃-高麗菜鮮肉,餃子;豬;高麗菜,,,
3350,【阿琴水餃】鮮豬肉水餃-韭菜鮮肉,餃子;豬;葉菜類蔬菜,,,
3351,【阿琴水餃】鮮豬肉水餃-玉米濃湯,餃子;豬;玉米;湯品,,,
3352,【阿琴水餃】鮮豬肉水餃-大根鮮肉,餃子;豬;根莖類蔬菜,,,
3353,【阿琴水餃】熱賣經典-鮮豬肉手工冷凍水餃,餃子;豬,,,
3354,【河小田】手拍爆汁漢堡排,加工肉品,,,
3355,【河小田】手拍爆汁和牛漢堡排,牛;加工肉品,,,
3356,【赤豪家庭私廚】鮮蔥肉包,包子饅頭;肉類;蔥,,,
3357,【赤豪家庭私廚】濃香芝麻包,包子饅頭;芝麻,,,
3358,【赤豪家庭私廚】蔥燒鮮肉大餡餅,麵餅;肉類;蔥,,,
3359,【赤豪家庭私廚】經典燒包任選,包子饅頭,,,
3360,【赤豪家庭私廚】經典奶黃包,包子饅頭;蛋類;奶油,,,
3361,【休閒食代】花椰米雞胸水餃,餃子;雞,,,
3362,【魚香涎】呷七碗Ｘ魚香涎 烏魚子干貝米糕,米飯類;魚類海鮮;貝類海鮮,,,
3363,【桐花】客家創意料理 薑絲大腸,內臟及血製品;薑,,,
3364,【桐花】客家創意料理 芋香米食盅,米飯類;芋頭,,,
3365,【第二市場 茂川肉圓】招牌特製水晶餃,餃子,,,
3366,【海陸管家】薑母雞/薑母鴨任選,雞;薑;鴨,,,
3367,【海陸管家】魷魚螺肉蒜,軟體海鮮;蒜;其它類,,,
3368,【海陸管家】道地新竹原味貢丸,加工肉品,,,
3369,【海陸管家】進口生食級日式蟹肉棒,甲殼類海鮮,,,
3370,【海陸管家】港式蝦滑,蝦子,,,
3371,【海陸管家】正宗韓式部隊鍋,火鍋,,,
3372,【海陸管家】古早味福州丸,加工肉品,,,
3373,【海肉管家】酸菜白肉鍋,火鍋;肉類;葉菜類蔬菜,,,
3374,【海肉管家】道地新竹原味貢丸,加工肉品,,,
3375,【海肉管家】麻辣牛雜湯,湯品;牛;內臟及血製品;辣椒,,,
3376,【海肉管家】麻辣牛三寶,牛;內臟及血製品;辣椒,,,
3377,【海肉管家】紅燒羊肉爐,火鍋;羊,,,
3378,【海肉管家】金門高梁半筋半肉牛肉爐,火鍋;牛;酒,,,
3379,【海肉管家】叼嘴酸菜魚,魚類海鮮;葉菜類蔬菜,,,
3380,【海肉管家】台式經典薑母鴨,鴨;薑,,,
3381,【海肉管家】大甲芋頭貢丸,加工肉品;芋頭,,,
3382,【林聰明】沙鍋菜+中鮭魚頭,火鍋;鮭魚,,,
3383,【赤豪家庭私廚】韓式泡菜火鍋超值組,火鍋;葉菜類蔬菜,,,
3384,【赤豪家庭私廚】酸菜白肉火鍋,火鍋;肉類;葉菜類蔬菜,,,
3385,【赤豪家庭私廚】蒙古火鍋,火鍋,,,
3386,【赤豪家庭私廚】麻油火鍋,火鍋;麻油,,,
3387,【赤豪家庭私廚】紅燒酸菜牛肉爐,火鍋;牛,,,
3388,【山田大叔】金燦龍虎斑炊粉鍋,火鍋;魚類海鮮;其他麵食,,,
3389,【醫生日記】海米菇菇鵝油醬醬拌麵,菌菇;油脂類;其他麵食,,,
3390,【海陸管家】歐巴純手工韓式泡菜,葉菜類蔬菜,,,
3391,【廚鮮食代】椰子燉土雞湯,湯品;雞;椰子,,,
3392,【黑橋牌】預購黑橋牌港式香腸蘿蔔糕禮盒,加工肉品;蘿蔔,,,
3393,【大拙匠人】鵝油先生金蔥鵝油,油脂類;蔥,,,
3394,【御品能量】上等鵝油香蔥,油脂類;蔥,,,
3395,【謝記】傳統鴨賞肉,鴨,,,
3396,【鮮大王】鮮滋道-金蔥鵝油,油脂類;蔥,,,
3397,【生發號】鐵蛋 鵪鶉蛋-辣味,蛋類;辣椒,,,
3398,【生發號】鐵蛋 鵪鶉蛋-原味,蛋類,,,
3399,【大拇指】熟鹹蛋,蛋類,,,
3400,【大拇指】皮蛋,蛋類,,,
3401,【阿城鵝肉】鵝油香蔥,油脂類;蔥,,,
3402,【阿城鵝肉】鵝油香蒜,油脂類;蒜,,,
3403,【生發號】鐵蛋-香辣,蛋類;辣椒,,,
3404,【生發號】鐵蛋-原味,蛋類,,,
3405,【泰源農場】上等鵝油香蔥,油脂類;蔥,,,
3406,【DR.DIARY 醫生健康日記】鵝油香蔥,油脂類;蔥,,,
3407,【宗家府】食堂-韓國芝麻葉,葉菜類蔬菜,,,
3408,【馨苑】蓮子燉雞湯,湯品;雞;堅果種子類,,,
3409,【鬍鬚張】鬍鬚張鮮鮮蒜腸禮盒 ,加工肉品;蒜,,,
3410,【鬍鬚張】鬍鬚張珠貝櫻花蝦油飯禮盒,米飯類;貝類海鮮;蝦子,,,
3411,【鬍鬚張】鬍鬚張香滷豬腳禮盒,豬,,,
3412,【藍舍花園】客家梅干扣肉,豬;葉菜類蔬菜,,,
3413,【鮮肉王國】櫻桃鴨肉串,鴨,,,
3414,【隨意煮】福氣金瓜海鮮羹,海鮮類;瓜果類蔬菜;羹,,,
3415,【隨意煮】鹿港祖傳鴨肉米糕,米飯類;鴨,,,
3416,【錦霞樓】魷魚螺肉蒜,軟體海鮮;蒜;其它類,,,
3417,【錦霞樓】經典海鮮羹,海鮮類;羹,,,
3418,【錦霞樓】胡椒豬肚干貝雞湯,湯品;豬;內臟及血製品;貝類海鮮;雞,,,
3419,【錦霞樓】紅蟳干貝米糕,米飯類;甲殼類海鮮;貝類海鮮,,,
3420,【錦霞樓】老滷冰糖豬腳,豬,,,
3421,【膳食家】黑蒜頭燉雞湯,湯品;雞;蒜,,,
3422,【膳食家】胡椒豬肚雞湯,湯品;豬;內臟及血製品;雞,,,
3423,【膳食家】竹籠櫻花蝦米糕,米飯類;蝦子,,,
3424,【膳食家】人蔘糯米雞,雞;米飯類;中藥材,,,
3425,【鄧師傅功夫菜】鄧師傅蔭鳳梨花蛤雞湯,湯品;雞;貝類海鮮;鳳梨,,,
3426,【鄧師傅功夫菜】鄧師傅花雕雞火鍋,火鍋;雞;酒,,,
3427,【鄧師傅功夫菜】熱炒吧-鳳梨糖醋魚,魚類海鮮;鳳梨;醋,,,
3428,【鄧師傅功夫菜】熱炒吧-黑椒牛肉,牛,,,
3429,【鄧師傅功夫菜】熱炒吧-麻辣牛雙寶,牛;內臟及血製品;辣椒,,,
3430,【鄧師傅功夫菜】熱炒吧-梅汁糖醋肉,肉類;梅子;醋,,,
3431,【鄧師傅功夫菜】熱炒吧-宮保雞丁,雞,,,
3432,【上善豆家】糖醋雞丁,雞;醋,,,
3433,【上野物產】鹽可頌,丹麥可頌,,,
3434,【上野物產】鑫鑫腸,加工肉品,,,
3435,【上野物產】鱈魚丸,魚類海鮮,,,
3436,【上野物產】鐵路大排、帶骨豬肉大排,豬,,,
3437,【上野物產】鐵板麵,其他麵食,,,
3438,【上野物產】麵線糊,其他麵食,,,
3439,【上野物產】麵疙瘩,其他麵食,,,
3440,【上野物產】鹹豬肉,豬,,,
3441,【上野物產】蘋果千層派/香芋千層派,蘋果;芋頭,,,
3442,【上野物產】糯米珍珠丸,米飯類;加工肉品,,,
3443,【上野物產】藥膳花生豬腳湯,湯品;花生;豬,,,
3444,【上野物產】臘味蘿蔔糕,蘿蔔,,,
3445,【上野物產】雞腿排 無骨 ,雞,,,
3446,【上野物產】雞汁湯包,包子饅頭;雞,,,
3447,【上野物產】醬燒里肌豬排,豬,,,
3448,【上野物產】鮮蝦河粉/叉燒風味河粉,蝦子;豬;其他麵食,,,
3449,【上野物產】鮮肉包/竹筍包,包子饅頭;肉類;筍子,,,
3450,【上野物產】韓式魚板,魚類海鮮,,,
3451,【上野物產】薄脆蝦仁排,蝦子,,,
3452,【上野物產】髮菜肉絲羹,肉類;蔬菜類;羹,,,
3453,【上野物產】醃製帶骨雞腿排,雞,,,
3454,【上野物產】豬肚胡椒雞湯,湯品;豬;內臟及血製品;雞,,,
3455,【上野物產】豬肉漢堡排,豬;加工肉品,,,
3456,【上野物產】蝦仁燒賣,蝦子;餃子,,,
3457,【上野物產】蝦仁蒸餃,餃子;蝦子,,,
3458,【上野物產】蔥花蛋餅皮/芝麻蛋餅皮/素食全麥蛋餅皮,麵餅;蔥;芝麻;麥,,,
3459,【上野物產】蔥肉餡餅/韭菜餡餅,麵餅;肉類;葉菜類蔬菜;蔥,,,
3460,【上野物產】熟凍義大利麵,義大利麵,,,
3461,【上野物產】熟凍菠菜 切段,葉菜類蔬菜,,,
3462,【上野物產】歐式莓果,莓果,,,
3463,【上野物產】德式香腸,加工肉品,,,
3464,【上野物產】鳳梨苦瓜雞湯,湯品;雞;鳳梨;瓜果類蔬菜,,,
3465,【上野物產】酸辣湯,湯品;辣椒,,,
3466,【上野物產】酸菜魚,魚類海鮮;葉菜類蔬菜,,,
3467,【上野物產】豪華莓果,莓果,,,
3468,【上野物產】蒲燒鰻魚碎肉,魚類海鮮,,,
3469,【上野物產】蒜頭土雞湯,湯品;雞;蒜,,,
3470,【上野物產】蒜香炸排骨,豬;蒜,,,
3471,【上野物產】翡翠燒賣/金黃燒賣,餃子,,,
3472,【上野物產】綠花椰菜,蔬菜類,,,
3473,【上野物產】滷牛筋、滷牛腱、滷大腸、滷牛肚,牛;內臟及血製品,,,
3474,【上野物產】滷牛筋,牛,,,
3475,【上野物產】滷牛三寶,牛;內臟及血製品,,,
3476,【上野物產】榴槤起司燒,其他水果;起司,,,
3477,【上野物產】嘉義東石手工蚵捲,貝類海鮮,,,
3478,【上野物產】經典烤麩 全素,全穀雜糧類,,,
3479,【上野物產】碗粿,其它類,,,
3480,【上野物產】瑞典風味牛肉丸,牛,,,
3481,【上野物產】照燒漢堡排,加工肉品,,,
3482,【上野物產】煙燻豬頭皮,豬,,,
3483,【上野物產】溫州鮮肉餛飩,餃子;肉類,,,
3484,【上野物產】傳統炒米粉,其他麵食,,,
3485,【上野物產】黑輪片,魚類海鮮,,,
3486,【上野物產】黑金流沙包,包子饅頭;蛋類;奶油,,,
3487,【上野物產】黃金蝦仁排,蝦子,,,
3488,【上野物產】黃金麻油雞湯,湯品;雞;麻油,,,
3489,【上野物產】黃金干貝風味酥  ,貝類海鮮,,,
3490,【上野物產】陽春麵,其他麵食,,,
3491,【上野物產】酥脆雞軟骨,雞,,,
3492,【上野物產】酥脆雞排,雞,,,
3493,【上野物產】酥脆鮮枝風味排,軟體海鮮,,,
3494,【上野物產】進口 冷凍草莓,草莓,,,
3495,【上野物產】菠菜翡翠,葉菜類蔬菜,,,
3496,【上野物產】紫米珍珠丸/白米珍珠丸,米飯類;加工肉品,,,
3497,【上野物產】筒仔米糕,米飯類,,,
3498,【上野物產】番茄洋蔥湯,湯品;番茄;根莖類蔬菜,,,
3499,【上野物產】無骨醃製里肌豬排,豬,,,
3500,【上野物產】無骨排骨酥/蒜味排骨酥,豬;蒜,,,
3501,【上野物產】無刺炸魚排,魚類海鮮,,,
3502,【上野物產】港式蘿蔔糕,蘿蔔,,,
3503,【上野物產】港式芋頭糕,芋頭,,,
3504,【上野物產】港式奶黃包 ,包子饅頭;蛋類;奶油,,,
3505,【上野物產】港式叉燒包,包子饅頭;豬,,,
3506,【上野物產】椒鹽排骨酥,豬,,,
3507,【上野物產】椒鹽小酥肉,肉類,,,
3508,【上野物產】麻辣牛雜,牛;內臟及血製品;辣椒,,,
3509,【上野物產】麻油猴頭菇,菌菇;麻油,,,
3510,【上野物產】魚翅金湯,魚類海鮮;湯品,,,
3511,【上野物產】蛋黃芋頭丸,蛋類;芋頭,,,
3512,【上野物產】莫札瑞拉起士條,起司,,,
3513,【上野物產】荷蘭進口 酥脆金黃洋蔥圈,根莖類蔬菜,,,
3514,【上野物產】細薯,馬鈴薯,,,
3515,【上野物產】甜不辣條,魚類海鮮,,,
3516,【上野物產】清燉牛肉湯/清燉羊肉湯,湯品;牛;羊,,,
3517,【上野物產】清蒸肉圓,豬;全穀雜糧類,,,
3518,【上野物產】淄博燒烤牛小排,牛,,,
3519,【上野物產】淄博豬肋排,豬,,,
3520,【上野物產】涼麵,其他麵食,,,
3521,【上野物產】涼拌脆腸,內臟及血製品,,,
3522,【上野物產】涼拌牛蒡絲/蒜香小方干/涼拌干絲,根莖類蔬菜;豆腐;蒜,,,
3523,【上野物產】涼拌木耳,木耳,,,
3524,【上野物產】梅干扣肉,豬;葉菜類蔬菜,,,
3525,【上野物產】高麗菜豬肉大鍋貼/韭菜豬肉大鍋貼,餃子;豬;高麗菜,,,
3526,【上野物產】高麗菜水餃/韭菜水餃,餃子;高麗菜,,,
3527,【上野物產】高麗菜/韭菜 開口鍋貼,餃子;高麗菜,,,
3528,【上野物產】起司堡/起司麵包,起司;麵包吐司,,,
3529,【上野物產】起司,起司,,,
3530,【上野物產】脆薯/粗薯,馬鈴薯,,,
3531,【上野物產】脆皮雞肉捲,雞,,,
3532,【上野物產】素食熟鍋貼,餃子,,,
3533,【上野物產】素食菜脯蘿蔔糕,蘿蔔,,,
3534,【上野物產】素食湯包,包子饅頭,,,
3535,【上野物產】素食水餃,餃子,,,
3536,【上野物產】紐西蘭 紫洋蔥絲,根莖類蔬菜,,,
3537,【上野物產】紐西蘭 洋蔥絲,根莖類蔬菜,,,
3538,【上野物產】紐西蘭 洋蔥丁,根莖類蔬菜,,,
3539,【上野物產】粄條,其他麵食,,,
3540,【上野物產】烏龍麵,其他麵食,,,
3541,【上野物產】海鮮卷,海鮮類,,,
3542,【上野物產】泰式月亮蝦餅,蝦子;麵餅,,,
3543,【上野物產】桂花蜜汁肋排切塊,豬;蜂蜜,,,
3544,【上野物產】家鄉味手工水餃 玉米/韭菜/高麗菜,餃子;玉米;高麗菜,,,
3545,【上野物產】原味無骨鹽酥雞 雞胸肉 原肉製作,雞,,,
3546,【上野物產】原味香腸,加工肉品,,,
3547,【上野物產】原味/韓式 菲力雞排 雞胸肉製成,雞,,,
3548,【上野物產】原味/辣味 無骨鳳爪,雞,,,
3549,【上野物產】原味 帶皮薯條/楔型薯條,馬鈴薯,,,
3550,【上野物產】原汁鮮切紅燒牛肉湯,湯品;牛,,,
3551,【上野物產】剝皮辣椒雞湯,湯品;雞;辣椒,,,
3552,【上野物產】香腸切片,加工肉品,,,
3553,【上野物產】香酥雞腿肉塊,雞,,,
3554,【上野物產】香酥柳葉魚,魚類海鮮,,,
3555,【上野物產】香菜水餃,餃子;葉菜類蔬菜,,,
3556,【上野物產】香菇筍絲肉羹,羹;肉類;菌菇;筍子,,,
3557,【上野物產】香菇土雞湯,湯品;雞;菌菇,,,
3558,【上野物產】香芋包/芋頭包,包子饅頭;芋頭,,,
3559,【上野物產】韭菜盒子,葉菜類蔬菜,,,
3560,【上野物產】英式炸魚條,魚類海鮮,,,
3561,【上野物產】美國進口 冷凍藍莓,藍莓,,,
3562,【上野物產】紅龍牛肉湯,湯品;牛,,,
3563,【上野物產】紅燒豬腳圈,豬,,,
3564,【上野物產】紅豆芝麻球,紅豆綠豆;芝麻,,,
3565,【上野物產】紅白綠 綜合花椰菜/凱薩蔬菜,蔬菜類,,,
3566,【上野物產】紅白小湯圓,全穀雜糧類,,,
3567,【上野物產】炸鮪魚塊,鮪魚,,,
3568,【上野物產】炸蝦球,蝦子,,,
3569,【上野物產】炸鬼頭刀魚塊,魚類海鮮,,,
3570,【上野物產】炸小卷,軟體海鮮,,,
3571,【上野物產】春捲,其它類,,,
3572,【上野物產】厚切香酥炸排骨,豬,,,
3573,【上野物產】厚切日式大豬排 ,豬,,,
3574,【上野物產】南部花生肉粽,米飯類;肉類;花生,,,
3575,【上野物產】虱目魚排,魚類海鮮,,,
3576,【上野物產】虱目魚丸,魚類海鮮,,,
3577,【上野物產】花枝蝦捲,蝦子;軟體海鮮,,,
3578,【上野物產】花枝丸,軟體海鮮,,,
3579,【上野物產】炒麵,其他麵食,,,
3580,【上野物產】炒飯,米飯類,,,
3581,【上野物產】波浪馬鈴薯條,馬鈴薯,,,
3582,【上野物產】油雞肉絲,雞,,,
3583,【上野物產】芒果青 情人果,芒果,,,
3584,【上野物產】芋頭餅,芋頭,,,
3585,【上野物產】芋泥紫米糕 ,米飯類;芋頭,,,
3586,【上野物產】沙茶牛肉/沙茶羊肉/沙茶松阪豬,牛;羊;豬,,,
3587,【上野物產】杏仁蝦酥,蝦子;杏仁,,,
3588,【上野物產】孜然羊肋排,羊,,,
3589,【上野物產】冷凍蔬菜 青豆仁,豆類,,,
3590,【上野物產】冷凍芋頭角 芋角,芋頭,,,
3591,【上野物產】冷凍刀削麵,其他麵食,,,
3592,【上野物產】冷凍 黑醋栗,莓果,,,
3593,【上野物產】米血麻油雞,雞;麻油;內臟及血製品;米飯類,,,
3594,【上野物產】竹筒米糕,米飯類,,,
3595,【上野物產】竹炭堡/竹炭麵包,麵包吐司,,,
3596,【上野物產】地瓜薯條 ,地瓜,,,
3597,【上野物產】地瓜麻糬薯條,地瓜;點心甜品類,,,
3598,【上野物產】冰滷鴨翅,鴨,,,
3599,【上野物產】冰梅燒鴨,鴨,,,
3600,【上野物產】冰烤可即食 栗香地瓜,地瓜,,,
3601,【上野物產】皮帶麵,其他麵食,,,
3602,【上野物產】玉米濃湯,湯品;玉米,,,
3603,【上野物產】玉米布丁酥,玉米;布丁,,,
3604,【上野物產】四季豆,蔬菜類,,,
3605,【上野物產】四角薯餅,馬鈴薯,,,
3606,【上野物產】台灣雲林 蒜頭丁,蒜,,,
3607,【上野物產】台灣產 薑絲,薑,,,
3608,【上野物產】台灣產 櫛瓜片,瓜果類蔬菜,,,
3609,【上野物產】台灣產 蔥花,蔥,,,
3610,【上野物產】台灣產 綠花椰菜,蔬菜類,,,
3611,【上野物產】台灣產 絲瓜切片,瓜果類蔬菜,,,
3612,【上野物產】台灣產 紫高麗菜絲,高麗菜,,,
3613,【上野物產】台灣產 筍絲,筍子,,,
3614,【上野物產】台灣產 彩椒絲,辣椒,,,
3615,【上野物產】台灣產 高麗菜 切片,高麗菜,,,
3616,【上野物產】台灣產 紅蘿蔔塊,蘿蔔,,,
3617,【上野物產】台灣產 紅蘿蔔絲,蘿蔔,,,
3618,【上野物產】台灣產 紅蘿蔔切片,蘿蔔,,,
3619,【上野物產】台灣產 客家在地紅糟肉,肉類,,,
3620,【上野物產】台灣產 娃娃菜 切段,葉菜類蔬菜,,,
3621,【上野物產】台灣產 青椒絲,辣椒,,,
3622,【上野物產】台灣產 芥藍菜 切段,葉菜類蔬菜,,,
3623,【上野物產】台灣產 空心菜切段,葉菜類蔬菜,,,
3624,【上野物產】台灣產 油菜 切段,葉菜類蔬菜,,,
3625,【上野物產】台灣產 宜蘭薄鹽鯖魚片,魚類海鮮,,,
3626,【上野物產】台灣產 冷凍帶皮南瓜,瓜果類蔬菜,,,
3627,【上野物產】台灣產 冷凍桑葚,其他水果,,,
3628,【上野物產】台灣產 冷凍青江菜 切段,葉菜類蔬菜,,,
3629,【上野物產】台灣產 冷凍冬瓜塊,冬瓜,,,
3630,【上野物產】台灣產 冷凍毛豆莢,豆類,,,
3631,【上野物產】台灣產 冷凍小白菜 切段,白菜,,,
3632,【上野物產】台灣產 冷凍 綠白花椰菜,葉菜類蔬菜,,,
3633,【上野物產】台灣產 竹筍切塊,筍子,,,
3634,【上野物產】台灣產 地瓜葉切段,葉菜類蔬菜,,,
3635,【上野物產】台灣產 白蘿蔔 切塊,蘿蔔,,,
3636,【上野物產】台灣產 玉米粒,玉米,,,
3637,【上野物產】台灣產 台農57號 冰烤可即食番薯,地瓜,,,
3638,【上野物產】台灣產 牛番茄切塊,番茄,,,
3639,【上野物產】台灣產 木耳絲,木耳,,,
3640,【上野物產】台灣產 山苦瓜切片,瓜果類蔬菜,,,
3641,【上野物產】台灣產 山東大白菜 切段,白菜,,,
3642,【上野物產】台灣產 小黃瓜切片,瓜果類蔬菜,,,
,,,,,
,,,,,
,,,,,
,,,,,
,,,,,
,,,,,
,,,,,
,,,,,
,,,,,
,,,,,
,,,,,
,,,,,
,,,,,
,,,,,
,,,,,
,,,,,
,,,,,
,,,,,
,,,,,
,,,,,
,,,,,
,,,,,
,,,,,
,,,,,
,,,,,
,,,,,
,,,,,
,,,,,
,,,,,
,,,,,
,,,,,
,,,,,
,,,,,
,,,,,
,,,,,
,,,,,
,,,,,
,,,,,
,,,,,
,,,,,
,,,,,
,,,,,
,,,,,
,,,,,
,,,,,
,,,,,
,,,,,
,,,,,
,,,,,
,,,,,
,,,,,
,,,,,
,,,,,
,,,,,
,,,,,
,,,,,
,,,,,
,,,,,
,,,,,
,,,,,
,,,,,
,,,,,
,,,,,
,,,,,
,,,,,
,,,,,
,,,,,
,,,,,
,,,,,
,,,,,
,,,,,
,,,,,
,,,,,
,,,,,
,,,,,
,,,,,
,,,,,
,,,,,
,,,,,
,,,,,
,,,,,
,,,,,
,,,,,
,,,,,
,,,,,
,,,,,
,,,,,
,,,,,
,,,,,
,,,,,
,,,,,
,,,,,
,,,,,
,,,,,
,,,,,
,,,,,
,,,,,
,,,,,
,,,,,
,,,,,
,,,,,
,,,,,
,,,,,
,,,,,
,,,,,
,,,,,
,,,,,
,,,,,
,,,,,
,,,,,
,,,,,
,,,,,
,,,,,
,,,,,
,,,,,
,,,,,
,,,,,
,,,,,
,,,,,
,,,,,
,,,,,
,,,,,
,,,,,
,,,,,
,,,,,
,,,,,
,,,,,
,,,,,
,,,,,
,,,,,
,,,,,
,,,,,
,,,,,
,,,,,
,,,,,
,,,,,
,,,,,
,,,,,
,,,,,
,,,,,
,,,,,
,,,,,
,,,,,
,,,,,
,,,,,
,,,,,
,,,,,
,,,,,
,,,,,
,,,,,
,,,,,
,,,,,
,,,,,
,,,,,
,,,,,
,,,,,
,,,,,
,,,,,
,,,,,
,,,,,
,,,,,
,,,,,
,,,,,
,,,,,
,,,,,
,,,,,
,,,,,
,,,,,
,,,,,
,,,,,
,,,,,
,,,,,
,,,,,
,,,,,
,,,,,
,,,,,
,,,,,
,,,,,
,,,,,
,,,,,
,,,,,
,,,,,
,,,,,
,,,,,
,,,,,
,,,,,
,,,,,
,,,,,
,,,,,
,,,,,
,,,,,
,,,,,
,,,,,
,,,,,
,,,,,
,,,,,
,,,,,
,,,,,
,,,,,
,,,,,
,,,,,
,,,,,
,,,,,
,,,,,
,,,,,
,,,,,
,,,,,
,,,,,
,,,,,
,,,,,
,,,,,
,,,,,
,,,,,
,,,,,
,,,,,
,,,,,
,,,,,
,,,,,
,,,,,
,,,,,
,,,,,
,,,,,
,,,,,
,,,,,
,,,,,
,,,,,
,,,,,
,,,,,
,,,,,
,,,,,
,,,,,
,,,,,
,,,,,
,,,,,
,,,,,
,,,,,
,,,,,
,,,,,
,,,,,
,,,,,
,,,,,
,,,,,
,,,,,
,,,,,
,,,,,
,,,,,
,,,,,
,,,,,
,,,,,
,,,,,
,,,,,
,,,,,
,,,,,
,,,,,
,,,,,
,,,,,
,,,,,
,,,,,
,,,,,
,,,,,
,,,,,
,,,,,
,,,,,
,,,,,
,,,,,
,,,,,
,,,,,
,,,,,
,,,,,
,,,,,
,,,,,
,,,,,
,,,,,
,,,,,
,,,,,
,,,,,
,,,,,
,,,,,
,,,,,
,,,,,
,,,,,
,,,,,
,,,,,
,,,,,
,,,,,
,,,,,
,,,,,
,,,,,
,,,,,
,,,,,
,,,,,
,,,,,
,,,,,
,,,,,
,,,,,
,,,,,
,,,,,
,,,,,
,,,,,
,,,,,
,,,,,
,,,,,
,,,,,
,,,,,
,,,,,
,,,,,
,,,,,
,,,,,
,,,,,
,,,,,
,,,,,
,,,,,
,,,,,
,,,,,
,,,,,
,,,,,
,,,,,
,,,,,
,,,,,
,,,,,
,,,,,
,,,,,
,,,,,
,,,,,
,,,,,
,,,,,
,,,,,
,,,,,
,,,,,
,,,,,
,,,,,
,,,,,
,,,,,
,,,,,
,,,,,
,,,,,
,,,,,
,,,,,
,,,,,
,,,,,
,,,,,
,,,,,
,,,,,
,,,,,
,,,,,
,,,,,
,,,,,
,,,,,
,,,,,
,,,,,
,,,,,
,,,,,
,,,,,
,,,,,
,,,,,
,,,,,
,,,,,
,,,,,
,,,,,
,,,,,
,,,,,
,,,,,
,,,,,
,,,,,
,,,,,
,,,,,
,,,,,
,,,,,
,,,,,
,,,,,
,,,,,
,,,,,
,,,,,
,,,,,
,,,,,
,,,,,
,,,,,
,,,,,
,,,,,
,,,,,
,,,,,
,,,,,
,,,,,
,,,,,
,,,,,
,,,,,
,,,,,
,,,,,
,,,,,
,,,,,
,,,,,
,,,,,
,,,,,
,,,,,
,,,,,
,,,,,
,,,,,
,,,,,
,,,,,
,,,,,
,,,,,
,,,,,
,,,,,
,,,,,
,,,,,
,,,,,
,,,,,
,,,,,
,,,,,
,,,,,
,,,,,
,,,,,
,,,,,
,,,,,
,,,,,
,,,,,
,,,,,
,,,,,
,,,,,
,,,,,
,,,,,
,,,,,
,,,,,
,,,,,
,,,,,
,,,,,
,,,,,
,,,,,
,,,,,
,,,,,
,,,,,
,,,,,
,,,,,
,,,,,
,,,,,
,,,,,
,,,,,
,,,,,
,,,,,
,,,,,
,,,,,
,,,,,
,,,,,
,,,,,
,,,,,
,,,,,
,,,,,
,,,,,
,,,,,
,,,,,
,,,,,
,,,,,
,,,,,
,,,,,
,,,,,
,,,,,
,,,,,
,,,,,
,,,,,
,,,,,
,,,,,
,,,,,
,,,,,
,,,,,
,,,,,
,,,,,
,,,,,
,,,,,
,,,,,
,,,,,
,,,,,
,,,,,
,,,,,
,,,,,
,,,,,
,,,,,
,,,,,
,,,,,
,,,,,
,,,,,
,,,,,
,,,,,
,,,,,
,,,,,
,,,,,
,,,,,
,,,,,
,,,,,
,,,,,
,,,,,
,,,,,
,,,,,
,,,,,
,,,,,
,,,,,
,,,,,
,,,,,
,,,,,
,,,,,
,,,,,
,,,,,
,,,,,
,,,,,
,,,,,
,,,,,
,,,,,
,,,,,
,,,,,
,,,,,
,,,,,
,,,,,
,,,,,
,,,,,
,,,,,
,,,,,
,,,,,
,,,,,
,,,,,
,,,,,
,,,,,
,,,,,
,,,,,
,,,,,
,,,,,
,,,,,
,,,,,
,,,,,
,,,,,
,,,,,
,,,,,
,,,,,
,,,,,
,,,,,
,,,,,
,,,,,
,,,,,
,,,,,
,,,,,
,,,,,
,,,,,
,,,,,
,,,,,
,,,,,
,,,,,
,,,,,
,,,,,
,,,,,
,,,,,
,,,,,
,,,,,
,,,,,
,,,,,
,,,,,
,,,,,
,,,,,
,,,,,
,,,,,
,,,,,
,,,,,
,,,,,
,,,,,
,,,,,
,,,,,
,,,,,
,,,,,
,,,,,
,,,,,
,,,,,
,,,,,
,,,,,
,,,,,
,,,,,
,,,,,
,,,,,
,,,,,
,,,,,
,,,,,
,,,,,
,,,,,
,,,,,
,,,,,
,,,,,
,,,,,
,,,,,
,,,,,
,,,,,
,,,,,
,,,,,
,,,,,
,,,,,
,,,,,
,,,,,
,,,,,
,,,,,
,,,,,
,,,,,
,,,,,
,,,,,
,,,,,
,,,,,
,,,,,
,,,,,
,,,,,
,,,,,
,,,,,
,,,,,
,,,,,
,,,,,
,,,,,
,,,,,
,,,,,
,,,,,
,,,,,
,,,,,
,,,,,
,,,,,
,,,,,
,,,,,
,,,,,
,,,,,
,,,,,
,,,,,
,,,,,
,,,,,
,,,,,
,,,,,
,,,,,
,,,,,
,,,,,
,,,,,
,,,,,
,,,,,
,,,,,
,,,,,
,,,,,
,,,,,
,,,,,
,,,,,
,,,,,
,,,,,
,,,,,
,,,,,
,,,,,
,,,,,
,,,,,
,,,,,
,,,,,
,,,,,
,,,,,
,,,,,
,,,,,
,,,,,
,,,,,
,,,,,
,,,,,
,,,,,
,,,,,
,,,,,
,,,,,
,,,,,
,,,,,
,,,,,
,,,,,
,,,,,
,,,,,
,,,,,
,,,,,
,,,,,
,,,,,
,,,,,
,,,,,
,,,,,
,,,,,
,,,,,
,,,,,
,,,,,
,,,,,
,,,,,
,,,,,
,,,,,
,,,,,
,,,,,
,,,,,
,,,,,
,,,,,
,,,,,
,,,,,
,,,,,
,,,,,
,,,,,
,,,,,
,,,,,
,,,,,
,,,,,
,,,,,
,,,,,
,,,,,
,,,,,
,,,,,
,,,,,
,,,,,
,,,,,
,,,,,
,,,,,
,,,,,
,,,,,
,,,,,
,,,,,
,,,,,
,,,,,
,,,,,
,,,,,
,,,,,
,,,,,
,,,,,
,,,,,
,,,,,
,,,,,
,,,,,
,,,,,
,,,,,
,,,,,
,,,,,
,,,,,
,,,,,
,,,,,
,,,,,
,,,,,
,,,,,
,,,,,
,,,,,
,,,,,
,,,,,
,,,,,
,,,,,
,,,,,
,,,,,
,,,,,
,,,,,
,,,,,
,,,,,
,,,,,
,,,,,
,,,,,
,,,,,
,,,,,
,,,,,
,,,,,
,,,,,
,,,,,
,,,,,
,,,,,
,,,,,
,,,,,
,,,,,
,,,,,
,,,,,
,,,,,
,,,,,
,,,,,
,,,,,
,,,,,
,,,,,
,,,,,
,,,,,
,,,,,
,,,,,
,,,,,
,,,,,
,,,,,
,,,,,
,,,,,
,,,,,
,,,,,
,,,,,
,,,,,
,,,,,
,,,,,
,,,,,
,,,,,
,,,,,
,,,,,
,,,,,
,,,,,
,,,,,
,,,,,
,,,,,
,,,,,
,,,,,
,,,,,
,,,,,
,,,,,
,,,,,
,,,,,
,,,,,
,,,,,
,,,,,
,,,,,
,,,,,
,,,,,
,,,,,
,,,,,
,,,,,
,,,,,
,,,,,
,,,,,
,,,,,
,,,,,
,,,,,
,,,,,
,,,,,
,,,,,
,,,,,
,,,,,
,,,,,
,,,,,
,,,,,
,,,,,
,,,,,
,,,,,
,,,,,
,,,,,
,,,,,
,,,,,
,,,,,
,,,,,
,,,,,
,,,,,
,,,,,
,,,,,
,,,,,
,,,,,
,,,,,
,,,,,
,,,,,
,,,,,
,,,,,
,,,,,
,,,,,
,,,,,
,,,,,
,,,,,
,,,,,
,,,,,
,,,,,
,,,,,
,,,,,
,,,,,
,,,,,
,,,,,
,,,,,
,,,,,
,,,,,
,,,,,
,,,,,
,,,,,
,,,,,
,,,,,
,,,,,
,,,,,
,,,,,
,,,,,
,,,,,
,,,,,
,,,,,
,,,,,
,,,,,
,,,,,
,,,,,
,,,,,
,,,,,
,,,,,
,,,,,
,,,,,
,,,,,
,,,,,
,,,,,
,,,,,
,,,,,
,,,,,
,,,,,
,,,,,
,,,,,
,,,,,
,,,,,
,,,,,
,,,,,
,,,,,
,,,,,
,,,,,
,,,,,
,,,,,
,,,,,
,,,,,
,,,,,
,,,,,
,,,,,
,,,,,
,,,,,
,,,,,
,,,,,
,,,,,
,,,,,
,,,,,
,,,,,
,,,,,
,,,,,
,,,,,
,,,,,
,,,,,
,,,,,
,,,,,
,,,,,
,,,,,
,,,,,
,,,,,
,,,,,
,,,,,
,,,,,
,,,,,
,,,,,
,,,,,
,,,,,
,,,,,
,,,,,
,,,,,
,,,,,
,,,,,
,,,,,
,,,,,
,,,,,
,,,,,
,,,,,
,,,,,
,,,,,
,,,,,
,,,,,
,,,,,
,,,,,
,,,,,
,,,,,
,,,,,
,,,,,
,,,,,
,,,,,
,,,,,
,,,,,
,,,,,
,,,,,
,,,,,
,,,,,
,,,,,
,,,,,
,,,,,
,,,,,
,,,,,
,,,,,
,,,,,
,,,,,
,,,,,
,,,,,
,,,,,
,,,,,
,,,,,
,,,,,
,,,,,
,,,,,
,,,,,
,,,,,
,,,,,
,,,,,
,,,,,
,,,,,
,,,,,
,,,,,
,,,,,
,,,,,
,,,,,
,,,,,
,,,,,
,,,,,
,,,,,
,,,,,
,,,,,
,,,,,
,,,,,
,,,,,
,,,,,
,,,,,
,,,,,
,,,,,
,,,,,
,,,,,
,,,,,
,,,,,
,,,,,
,,,,,
,,,,,
,,,,,
,,,,,
,,,,,
,,,,,
,,,,,
,,,,,
,,,,,
,,,,,
,,,,,
,,,,,
,,,,,
,,,,,
,,,,,
,,,,,
,,,,,
,,,,,
,,,,,
,,,,,
,,,,,
,,,,,
,,,,,
,,,,,
,,,,,
,,,,,
,,,,,
,,,,,
,,,,,
,,,,,
,,,,,
,,,,,
,,,,,
,,,,,
,,,,,
,,,,,
,,,,,
,,,,,
,,,,,
,,,,,
,,,,,
,,,,,
,,,,,
,,,,,
,,,,,
,,,,,
,,,,,
,,,,,
,,,,,
,,,,,
,,,,,
,,,,,
,,,,,
,,,,,
,,,,,
,,,,,
,,,,,
,,,,,
,,,,,
,,,,,
,,,,,
,,,,,
,,,,,
,,,,,
,,,,,
,,,,,
,,,,,
,,,,,
,,,,,
,,,,,
,,,,,
,,,,,
,,,,,
,,,,,
,,,,,
,,,,,
,,,,,
,,,,,
,,,,,
,,,,,
,,,,,
,,,,,
,,,,,
,,,,,
,,,,,
,,,,,
,,,,,
,,,,,
,,,,,
,,,,,
,,,,,
,,,,,
,,,,,
,,,,,
,,,,,
,,,,,
,,,,,
,,,,,
,,,,,
,,,,,
,,,,,
,,,,,
,,,,,
,,,,,
,,,,,
,,,,,
,,,,,
,,,,,
,,,,,
,,,,,
,,,,,
,,,,,
,,,,,
,,,,,
,,,,,
,,,,,
,,,,,
,,,,,
,,,,,
,,,,,
,,,,,
,,,,,
,,,,,
,,,,,
,,,,,
,,,,,
,,,,,
,,,,,
,,,,,
,,,,,
,,,,,
,,,,,
,,,,,
,,,,,
,,,,,
,,,,,
,,,,,
,,,,,
,,,,,
,,,,,
,,,,,
,,,,,
,,,,,
,,,,,
,,,,,
,,,,,
,,,,,
,,,,,
,,,,,
,,,,,
,,,,,
,,,,,
,,,,,
,,,,,
,,,,,
,,,,,
,,,,,
,,,,,
,,,,,
,,,,,
,,,,,
,,,,,
,,,,,
,,,,,
,,,,,
,,,,,
,,,,,
,,,,,
,,,,,
,,,,,
,,,,,
,,,,,
,,,,,
,,,,,
,,,,,
,,,,,
,,,,,
,,,,,
,,,,,
,,,,,
,,,,,
,,,,,
,,,,,
,,,,,
,,,,,
,,,,,
,,,,,
,,,,,
,,,,,
,,,,,
,,,,,
,,,,,
,,,,,
,,,,,
,,,,,
,,,,,
,,,,,
,,,,,
,,,,,
,,,,,
,,,,,
,,,,,
,,,,,
,,,,,
,,,,,
,,,,,
,,,,,
,,,,,
,,,,,
,,,,,
,,,,,
,,,,,
,,,,,
,,,,,
,,,,,
,,,,,
,,,,,
,,,,,
,,,,,
,,,,,
,,,,,
,,,,,
,,,,,
,,,,,
,,,,,
,,,,,
,,,,,
,,,,,
,,,,,
,,,,,
,,,,,
,,,,,
,,,,,
,,,,,
,,,,,
,,,,,
,,,,,
,,,,,
,,,,,
,,,,,
,,,,,
,,,,,
,,,,,
,,,,,
,,,,,
,,,,,
,,,,,
,,,,,
,,,,,
,,,,,
,,,,,
,,,,,
,,,,,
,,,,,
,,,,,
,,,,,
,,,,,
,,,,,
,,,,,
,,,,,
,,,,,
,,,,,
,,,,,
,,,,,
,,,,,
,,,,,
,,,,,
,,,,,
,,,,,
,,,,,
,,,,,
,,,,,
,,,,,
,,,,,
,,,,,
,,,,,
,,,,,
,,,,,
,,,,,
,,,,,
,,,,,
,,,,,
,,,,,
,,,,,
,,,,,
,,,,,
,,,,,
,,,,,
,,,,,
,,,,,
,,,,,
,,,,,
,,,,,
,,,,,
,,,,,
,,,,,
,,,,,
,,,,,
,,,,,
,,,,,
,,,,,
,,,,,
,,,,,
,,,,,
,,,,,
,,,,,
,,,,,
,,,,,
,,,,,
,,,,,
,,,,,
,,,,,
,,,,,
,,,,,
,,,,,
,,,,,
,,,,,
,,,,,
,,,,,
,,,,,
,,,,,
,,,,,
,,,,,
,,,,,
,,,,,
,,,,,
,,,,,
,,,,,
,,,,,
,,,,,
,,,,,
,,,,,
,,,,,
,,,,,
,,,,,
,,,,,
,,,,,
,,,,,
,,,,,
,,,,,
,,,,,
,,,,,
,,,,,
,,,,,
,,,,,
,,,,,
,,,,,
,,,,,
,,,,,
,,,,,
,,,,,
,,,,,
,,,,,
,,,,,
,,,,,
,,,,,
,,,,,
,,,,,
,,,,,
,,,,,
,,,,,
,,,,,
,,,,,
,,,,,
,,,,,
,,,,,
,,,,,
,,,,,
,,,,,
,,,,,
,,,,,
,,,,,
,,,,,
,,,,,
,,,,,
,,,,,
,,,,,
,,,,,
,,,,,
,,,,,
,,,,,
,,,,,
,,,,,
,,,,,
,,,,,
,,,,,
,,,,,
,,,,,
,,,,,
,,,,,
,,,,,
,,,,,
,,,,,
,,,,,
,,,,,
,,,,,
,,,,,
,,,,,
,,,,,
,,,,,
,,,,,
,,,,,
,,,,,
,,,,,
,,,,,
,,,,,
,,,,,
,,,,,
,,,,,
,,,,,
,,,,,
,,,,,
,,,,,
,,,,,
,,,,,
,,,,,
,,,,,
,,,,,
,,,,,
,,,,,
,,,,,
,,,,,
,,,,,
,,,,,
,,,,,
,,,,,
,,,,,
,,,,,
,,,,,
,,,,,
,,,,,
,,,,,
,,,,,
,,,,,
,,,,,
,,,,,
,,,,,
,,,,,
,,,,,
,,,,,
,,,,,
,,,,,
,,,,,
,,,,,
,,,,,
,,,,,
,,,,,
,,,,,
,,,,,
,,,,,
,,,,,
,,,,,
,,,,,
,,,,,
,,,,,
,,,,,
,,,,,
,,,,,
,,,,,
,,,,,
,,,,,
,,,,,
,,,,,
,,,,,
,,,,,
,,,,,
,,,,,
,,,,,
,,,,,
,,,,,
,,,,,
,,,,,
,,,,,
,,,,,
,,,,,
,,,,,
,,,,,
,,,,,
,,,,,
,,,,,
,,,,,
,,,,,
,,,,,
,,,,,
,,,,,
,,,,,
,,,,,
,,,,,
,,,,,
,,,,,
,,,,,
,,,,,
,,,,,
,,,,,
,,,,,
,,,,,
,,,,,
,,,,,
,,,,,
,,,,,
,,,,,
,,,,,
,,,,,
,,,,,
,,,,,
,,,,,
,,,,,
,,,,,
,,,,,
,,,,,
,,,,,
,,,,,
,,,,,
,,,,,
,,,,,
,,,,,
,,,,,
,,,,,
,,,,,
,,,,,
,,,,,
,,,,,
,,,,,
,,,,,
,,,,,
,,,,,
,,,,,
,,,,,
,,,,,
,,,,,
,,,,,
,,,,,
,,,,,
,,,,,
,,,,,
,,,,,
,,,,,
,,,,,
,,,,,
,,,,,
,,,,,
,,,,,
,,,,,
,,,,,
,,,,,
,,,,,
,,,,,
,,,,,
,,,,,
,,,,,
,,,,,
,,,,,
,,,,,
,,,,,
,,,,,
,,,,,
,,,,,
,,,,,
,,,,,
,,,,,
,,,,,
,,,,,
,,,,,
,,,,,
,,,,,
,,,,,
,,,,,
,,,,,
,,,,,
,,,,,
,,,,,
,,,,,
,,,,,
,,,,,
,,,,,
,,,,,
,,,,,
,,,,,
,,,,,
,,,,,
,,,,,
,,,,,
,,,,,
,,,,,
,,,,,
,,,,,
,,,,,
,,,,,
,,,,,
,,,,,
,,,,,
,,,,,
,,,,,
,,,,,
,,,,,
,,,,,
,,,,,
,,,,,
,,,,,
,,,,,
,,,,,
,,,,,
,,,,,
,,,,,
,,,,,
,,,,,
,,,,,
,,,,,
,,,,,
,,,,,
,,,,,
,,,,,
,,,,,
,,,,,
,,,,,
,,,,,
,,,,,
,,,,,
,,,,,
,,,,,
,,,,,
,,,,,
,,,,,
,,,,,
,,,,,
,,,,,
,,,,,
,,,,,
,,,,,
,,,,,
,,,,,
,,,,,
,,,,,
,,,,,
,,,,,
,,,,,
,,,,,
,,,,,
,,,,,
,,,,,
,,,,,
,,,,,
,,,,,
,,,,,
,,,,,
,,,,,
,,,,,
,,,,,
,,,,,
,,,,,
,,,,,
,,,,,
,,,,,
,,,,,
,,,,,
,,,,,
,,,,,
,,,,,
,,,,,
,,,,,
,,,,,
,,,,,
,,,,,
,,,,,
,,,,,
,,,,,
,,,,,
,,,,,
,,,,,
,,,,,
,,,,,
,,,,,
,,,,,
,,,,,
,,,,,
,,,,,
,,,,,
,,,,,
,,,,,
,,,,,
,,,,,
,,,,,
,,,,,
,,,,,
,,,,,
,,,,,
,,,,,
,,,,,
,,,,,
,,,,,
,,,,,
,,,,,
,,,,,
,,,,,
,,,,,
,,,,,
,,,,,
,,,,,
,,,,,
,,,,,
,,,,,
,,,,,
,,,,,
,,,,,
,,,,,
,,,,,
,,,,,
,,,,,
,,,,,
,,,,,
,,,,,
,,,,,
,,,,,
,,,,,
,,,,,
,,,,,
,,,,,
,,,,,
,,,,,
,,,,,
,,,,,
,,,,,
,,,,,
,,,,,
,,,,,
,,,,,
,,,,,
,,,,,
,,,,,
,,,,,
,,,,,
,,,,,
,,,,,
,,,,,
,,,,,
,,,,,
,,,,,
,,,,,
,,,,,
,,,,,
,,,,,
,,,,,
,,,,,
,,,,,
,,,,,
,,,,,
,,,,,
,,,,,
,,,,,
,,,,,
,,,,,
,,,,,
,,,,,
,,,,,
,,,,,
,,,,,
,,,,,
,,,,,
,,,,,
,,,,,
,,,,,
,,,,,
,,,,,
,,,,,
,,,,,
,,,,,
,,,,,
,,,,,
,,,,,
,,,,,
,,,,,
,,,,,
,,,,,
,,,,,
,,,,,
,,,,,
,,,,,
,,,,,
,,,,,
,,,,,
,,,,,
,,,,,
,,,,,
,,,,,
,,,,,
,,,,,
,,,,,
,,,,,
,,,,,
,,,,,
,,,,,
,,,,,
,,,,,
,,,,,
,,,,,
,,,,,
,,,,,
,,,,,
,,,,,
,,,,,
,,,,,
,,,,,
,,,,,
,,,,,
,,,,,
,,,,,
,,,,,
,,,,,
,,,,,
,,,,,
,,,,,
,,,,,
,,,,,
,,,,,
,,,,,
,,,,,
,,,,,
,,,,,
,,,,,
,,,,,
,,,,,
,,,,,
,,,,,
,,,,,
,,,,,
,,,,,
,,,,,
,,,,,
,,,,,
,,,,,
,,,,,
,,,,,
,,,,,
,,,,,
,,,,,
,,,,,
,,,,,
,,,,,
,,,,,
,,,,,
,,,,,
,,,,,
,,,,,
,,,,,
,,,,,
,,,,,
,,,,,
,,,,,
,,,,,
,,,,,
,,,,,
,,,,,
,,,,,
,,,,,
,,,,,
,,,,,
,,,,,
,,,,,
,,,,,
,,,,,
,,,,,
,,,,,
,,,,,
,,,,,
,,,,,
,,,,,
,,,,,
,,,,,
,,,,,
,,,,,
,,,,,
,,,,,
,,,,,
,,,,,
,,,,,
,,,,,
,,,,,
,,,,,
,,,,,
,,,,,
,,,,,
,,,,,
,,,,,
,,,,,
,,,,,
,,,,,
,,,,,
,,,,,
,,,,,
,,,,,
,,,,,
,,,,,
,,,,,
,,,,,
,,,,,
,,,,,
,,,,,
,,,,,
,,,,,
,,,,,
,,,,,
,,,,,
,,,,,
,,,,,
,,,,,
,,,,,
,,,,,
,,,,,
,,,,,
,,,,,
,,,,,
,,,,,
,,,,,
,,,,,
,,,,,
,,,,,
,,,,,
,,,,,
,,,,,
,,,,,
,,,,,
,,,,,
,,,,,
,,,,,
,,,,,
,,,,,
,,,,,
,,,,,
,,,,,
,,,,,
,,,,,
,,,,,
,,,,,
,,,,,
,,,,,
,,,,,
,,,,,
,,,,,
,,,,,
,,,,,
,,,,,
,,,,,
,,,,,
,,,,,
,,,,,
,,,,,
,,,,,
,,,,,
,,,,,
,,,,,
,,,,,
,,,,,
,,,,,
,,,,,
,,,,,
,,,,,
,,,,,
,,,,,
,,,,,
,,,,,
,,,,,
,,,,,
,,,,,
,,,,,
,,,,,
,,,,,
,,,,,
,,,,,
,,,,,
,,,,,
,,,,,
,,,,,
,,,,,
,,,,,
,,,,,
,,,,,
,,,,,
,,,,,
,,,,,
,,,,,
,,,,,
,,,,,
,,,,,
,,,,,
,,,,,
,,,,,
,,,,,
,,,,,
,,,,,
,,,,,
,,,,,
,,,,,
,,,,,
,,,,,
,,,,,
,,,,,
,,,,,
,,,,,
,,,,,
,,,,,
,,,,,
,,,,,
,,,,,
,,,,,
,,,,,
,,,,,
,,,,,
,,,,,
,,,,,
,,,,,
,,,,,
,,,,,
,,,,,
,,,,,
,,,,,
,,,,,
,,,,,
,,,,,
,,,,,
,,,,,
,,,,,
,,,,,
,,,,,
,,,,,
,,,,,
,,,,,
,,,,,
,,,,,
,,,,,
,,,,,
,,,,,
,,,,,
,,,,,
,,,,,
,,,,,
,,,,,
,,,,,
,,,,,
,,,,,
,,,,,
,,,,,
,,,,,
,,,,,
,,,,,
,,,,,
,,,,,
,,,,,
,,,,,
,,,,,
,,,,,
,,,,,
,,,,,
,,,,,
,,,,,
,,,,,
,,,,,
,,,,,
,,,,,
,,,,,
,,,,,
,,,,,
,,,,,
,,,,,
,,,,,
,,,,,
,,,,,
,,,,,
,,,,,
,,,,,
,,,,,
,,,,,
,,,,,
,,,,,
,,,,,
,,,,,
,,,,,
,,,,,
,,,,,
,,,,,
,,,,,
,,,,,
,,,,,
,,,,,
,,,,,
,,,,,
,,,,,
,,,,,
,,,,,
,,,,,
,,,,,
,,,,,
,,,,,
,,,,,
,,,,,
,,,,,
,,,,,
,,,,,
,,,,,
,,,,,
,,,,,
,,,,,
,,,,,
,,,,,
,,,,,
,,,,,
,,,,,
,,,,,
,,,,,
,,,,,
,,,,,
,,,,,
,,,,,
,,,,,
,,,,,
,,,,,
,,,,,
,,,,,
,,,,,
,,,,,
,,,,,
,,,,,
,,,,,
,,,,,
,,,,,
,,,,,
,,,,,
,,,,,
,,,,,
,,,,,
,,,,,
,,,,,
,,,,,
,,,,,
,,,,,
,,,,,
,,,,,
,,,,,
,,,,,
,,,,,
,,,,,
,,,,,
,,,,,
,,,,,
,,,,,
,,,,,
,,,,,
,,,,,
,,,,,
,,,,,
,,,,,
,,,,,
,,,,,
,,,,,
,,,,,
,,,,,
,,,,,
,,,,,
,,,,,
,,,,,
,,,,,
,,,,,
,,,,,
,,,,,
,,,,,
,,,,,
,,,,,
,,,,,
,,,,,
,,,,,
,,,,,
,,,,,
,,,,,
,,,,,
,,,,,
,,,,,
,,,,,
,,,,,
,,,,,
,,,,,
,,,,,
,,,,,
,,,,,
,,,,,
,,,,,
,,,,,
,,,,,
,,,,,
,,,,,
,,,,,
,,,,,
,,,,,
,,,,,
,,,,,
,,,,,
,,,,,
,,,,,
,,,,,
,,,,,
,,,,,
,,,,,
,,,,,
,,,,,
,,,,,
,,,,,
,,,,,
,,,,,
,,,,,
,,,,,
,,,,,
,,,,,
,,,,,
,,,,,
,,,,,
,,,,,
,,,,,
,,,,,
,,,,,
,,,,,
,,,,,
,,,,,
,,,,,
,,,,,
,,,,,
,,,,,
,,,,,
,,,,,
,,,,,
,,,,,
,,,,,
,,,,,
,,,,,
,,,,,
,,,,,
,,,,,
,,,,,
,,,,,
,,,,,
,,,,,
,,,,,
,,,,,
,,,,,
,,,,,
,,,,,
,,,,,
,,,,,
,,,,,
,,,,,
,,,,,
,,,,,
,,,,,
,,,,,
,,,,,
,,,,,
,,,,,
,,,,,
,,,,,
,,,,,
,,,,,
,,,,,
,,,,,
,,,,,
,,,,,
,,,,,
,,,,,
,,,,,
,,,,,
,,,,,
,,,,,
,,,,,
,,,,,
,,,,,
,,,,,
,,,,,
,,,,,
,,,,,
,,,,,
,,,,,
,,,,,
,,,,,
,,,,,
,,,,,
,,,,,
,,,,,
,,,,,
,,,,,
,,,,,
,,,,,
,,,,,
,,,,,
,,,,,
,,,,,
,,,,,
,,,,,
,,,,,
,,,,,
,,,,,
,,,,,
,,,,,
,,,,,
,,,,,
,,,,,
,,,,,
,,,,,
,,,,,
,,,,,
,,,,,
,,,,,
,,,,,
,,,,,
,,,,,
,,,,,
,,,,,
,,,,,
,,,,,
,,,,,
,,,,,
,,,,,
,,,,,
,,,,,
,,,,,
,,,,,
,,,,,
,,,,,
,,,,,
,,,,,
,,,,,
,,,,,
,,,,,
,,,,,
,,,,,
,,,,,
,,,,,
,,,,,
,,,,,
,,,,,
,,,,,
,,,,,
,,,,,
,,,,,
,,,,,
,,,,,
,,,,,
,,,,,
,,,,,
,,,,,
,,,,,
,,,,,
,,,,,
,,,,,
,,,,,
,,,,,
,,,,,
,,,,,
,,,,,
,,,,,
,,,,,
,,,,,
,,,,,
,,,,,
,,,,,
,,,,,
,,,,,
,,,,,
,,,,,
,,,,,
,,,,,
,,,,,
,,,,,
,,,,,
,,,,,
,,,,,
,,,,,
,,,,,
,,,,,
,,,,,
,,,,,
,,,,,
,,,,,
,,,,,
,,,,,
,,,,,
,,,,,
,,,,,
,,,,,
,,,,,
,,,,,
,,,,,
,,,,,
,,,,,
,,,,,
,,,,,
,,,,,
,,,,,
,,,,,
,,,,,
,,,,,
,,,,,
,,,,,
,,,,,
,,,,,
,,,,,
,,,,,
,,,,,
,,,,,
,,,,,
,,,,,
,,,,,
,,,,,
,,,,,
,,,,,
,,,,,
,,,,,
,,,,,
,,,,,
,,,,,
,,,,,
,,,,,
,,,,,
,,,,,
,,,,,
,,,,,
,,,,,
,,,,,
,,,,,
,,,,,
,,,,,
,,,,,
,,,,,
,,,,,
,,,,,
,,,,,
,,,,,
,,,,,
,,,,,
,,,,,
,,,,,
,,,,,
,,,,,
,,,,,
,,,,,
,,,,,
,,,,,
,,,,,
,,,,,
,,,,,
,,,,,
,,,,,
,,,,,
,,,,,
,,,,,
,,,,,
,,,,,
,,,,,
,,,,,
,,,,,
,,,,,
,,,,,
,,,,,
,,,,,
,,,,,
,,,,,
,,,,,
,,,,,
,,,,,
,,,,,
,,,,,
,,,,,
,,,,,
,,,,,
,,,,,
,,,,,
,,,,,
,,,,,
,,,,,
,,,,,
,,,,,
,,,,,
,,,,,
,,,,,
,,,,,
,,,,,
,,,,,
,,,,,
,,,,,
,,,,,
,,,,,
,,,,,
,,,,,
,,,,,
,,,,,
,,,,,
,,,,,
,,,,,
,,,,,
,,,,,
,,,,,
,,,,,
,,,,,
,,,,,
,,,,,
,,,,,
,,,,,
,,,,,
,,,,,
,,,,,
,,,,,
,,,,,
,,,,,
,,,,,
,,,,,
,,,,,
,,,,,
,,,,,
,,,,,
,,,,,
,,,,,
,,,,,
,,,,,
,,,,,
,,,,,
,,,,,
,,,,,
,,,,,
,,,,,
,,,,,
,,,,,
,,,,,
,,,,,
,,,,,
,,,,,
,,,,,
,,,,,
,,,,,
,,,,,
,,,,,
,,,,,
,,,,,
,,,,,
,,,,,
,,,,,
,,,,,
,,,,,
,,,,,
,,,,,
,,,,,
,,,,,
,,,,,
,,,,,
,,,,,
,,,,,
,,,,,
,,,,,
,,,,,
,,,,,
,,,,,
,,,,,
,,,,,
,,,,,
,,,,,
,,,,,
,,,,,
,,,,,
,,,,,
,,,,,
,,,,,
,,,,,
,,,,,
,,,,,
,,,,,
,,,,,
,,,,,
,,,,,
,,,,,
,,,,,
,,,,,
,,,,,
,,,,,
,,,,,
,,,,,
,,,,,
,,,,,
,,,,,
,,,,,
,,,,,
,,,,,
,,,,,
,,,,,
,,,,,
,,,,,
,,,,,
,,,,,
,,,,,
,,,,,
,,,,,
,,,,,
,,,,,
,,,,,
,,,,,
,,,,,
,,,,,
,,,,,
,,,,,
,,,,,
,,,,,
,,,,,
,,,,,
,,,,,
,,,,,
,,,,,
,,,,,
,,,,,
,,,,,
,,,,,
,,,,,
,,,,,
,,,,,
,,,,,
,,,,,
,,,,,
,,,,,
,,,,,
,,,,,
,,,,,
,,,,,
,,,,,
,,,,,
,,,,,
,,,,,
,,,,,
,,,,,
,,,,,
,,,,,
,,,,,
,,,,,
,,,,,
,,,,,
,,,,,
,,,,,
,,,,,
,,,,,
,,,,,
,,,,,
,,,,,
,,,,,
,,,,,
,,,,,
,,,,,
,,,,,
,,,,,
,,,,,
,,,,,
,,,,,
,,,,,
,,,,,
,,,,,
,,,,,
,,,,,
,,,,,
,,,,,
,,,,,
,,,,,
,,,,,
,,,,,
,,,,,
,,,,,
,,,,,
,,,,,
,,,,,
,,,,,
,,,,,
,,,,,
,,,,,
,,,,,
,,,,,
,,,,,
,,,,,
,,,,,
,,,,,
,,,,,
,,,,,
,,,,,
,,,,,
,,,,,
,,,,,
,,,,,
,,,,,
,,,,,
,,,,,
,,,,,
,,,,,
,,,,,
,,,,,
,,,,,
,,,,,
,,,,,
,,,,,
,,,,,
,,,,,
,,,,,
,,,,,
,,,,,
,,,,,
,,,,,
,,,,,
,,,,,
,,,,,
,,,,,
,,,,,
,,,,,
,,,,,
,,,,,
,,,,,
,,,,,
,,,,,
,,,,,
,,,,,
,,,,,
,,,,,
,,,,,
,,,,,
,,,,,
,,,,,
,,,,,
,,,,,
,,,,,
,,,,,
,,,,,
,,,,,
,,,,,
,,,,,
,,,,,
,,,,,
,,,,,
,,,,,
,,,,,
,,,,,
,,,,,
,,,,,
,,,,,
,,,,,
,,,,,
,,,,,
,,,,,
,,,,,
,,,,,
,,,,,
,,,,,
,,,,,
,,,,,
,,,,,
,,,,,
,,,,,
,,,,,
,,,,,
,,,,,
,,,,,
,,,,,
,,,,,
,,,,,
,,,,,
,,,,,
,,,,,
,,,,,
,,,,,
,,,,,
,,,,,
,,,,,
,,,,,
,,,,,
,,,,,
,,,,,
,,,,,
,,,,,
,,,,,
,,,,,
,,,,,
,,,,,
,,,,,
,,,,,
,,,,,
,,,,,
,,,,,
,,,,,
,,,,,
,,,,,
,,,,,
,,,,,
,,,,,
,,,,,
,,,,,
,,,,,
,,,,,
,,,,,
,,,,,
,,,,,
,,,,,
,,,,,
,,,,,
,,,,,
,,,,,
,,,,,
,,,,,
,,,,,
,,,,,
,,,,,
,,,,,
,,,,,
,,,,,
,,,,,
,,,,,
,,,,,
,,,,,
,,,,,
,,,,,
,,,,,
,,,,,
,,,,,
,,,,,
,,,,,
,,,,,
,,,,,
,,,,,
,,,,,
,,,,,
,,,,,
,,,,,
,,,,,
,,,,,
,,,,,
,,,,,
,,,,,
,,,,,
,,,,,
,,,,,
,,,,,
,,,,,
,,,,,
,,,,,
,,,,,
,,,,,
,,,,,
,,,,,
,,,,,
,,,,,
,,,,,
,,,,,
,,,,,
,,,,,
,,,,,
,,,,,
,,,,,
,,,,,
,,,,,
,,,,,
,,,,,
,,,,,
,,,,,
,,,,,
,,,,,
,,,,,
,,,,,
,,,,,
,,,,,
,,,,,
,,,,,
,,,,,
,,,,,
,,,,,
,,,,,
,,,,,
,,,,,
,,,,,
,,,,,
,,,,,
,,,,,
,,,,,
,,,,,
,,,,,
,,,,,
,,,,,
,,,,,
,,,,,
,,,,,
,,,,,
,,,,,
,,,,,
,,,,,
,,,,,
,,,,,
,,,,,
,,,,,
,,,,,
,,,,,
,,,,,
,,,,,
,,,,,
,,,,,
,,,,,
,,,,,
,,,,,
,,,,,
,,,,,
,,,,,
,,,,,
,,,,,
,,,,,
,,,,,
,,,,,
,,,,,
,,,,,
,,,,,
,,,,,
,,,,,
,,,,,
,,,,,
,,,,,
,,,,,
,,,,,
,,,,,
,,,,,
,,,,,
,,,,,
,,,,,
,,,,,
,,,,,
,,,,,
,,,,,
,,,,,
,,,,,
,,,,,
,,,,,
,,,,,
,,,,,
,,,,,
,,,,,
,,,,,
,,,,,
,,,,,
,,,,,
,,,,,
,,,,,
,,,,,
,,,,,
,,,,,
,,,,,
,,,,,
,,,,,
,,,,,
,,,,,
,,,,,
,,,,,
,,,,,
,,,,,
,,,,,
,,,,,
,,,,,
,,,,,
,,,,,
,,,,,
,,,,,
,,,,,
,,,,,
,,,,,
,,,,,
,,,,,
,,,,,
,,,,,
,,,,,
,,,,,
,,,,,
,,,,,
,,,,,
,,,,,
,,,,,
,,,,,
,,,,,
,,,,,
,,,,,
,,,,,
,,,,,
,,,,,
,,,,,
,,,,,
,,,,,
,,,,,
,,,,,
,,,,,
,,,,,
,,,,,
,,,,,
,,,,,
,,,,,
,,,,,
,,,,,
,,,,,
,,,,,
,,,,,
,,,,,
,,,,,
,,,,,
,,,,,
,,,,,
,,,,,
,,,,,
,,,,,
,,,,,
,,,,,
,,,,,
,,,,,
,,,,,
,,,,,
,,,,,
,,,,,
,,,,,
,,,,,
,,,,,
,,,,,
,,,,,
,,,,,
,,,,,
,,,,,
,,,,,
,,,,,
,,,,,
,,,,,
,,,,,
,,,,,
,,,,,
,,,,,
,,,,,
,,,,,
,,,,,
,,,,,
,,,,,
,,,,,
,,,,,
,,,,,
,,,,,
,,,,,
,,,,,
,,,,,
,,,,,
,,,,,
,,,,,
,,,,,
,,,,,
,,,,,
,,,,,
,,,,,
,,,,,
,,,,,
,,,,,
,,,,,
,,,,,
,,,,,
,,,,,
,,,,,
,,,,,
,,,,,
,,,,,
,,,,,
,,,,,
,,,,,
,,,,,
,,,,,
,,,,,
,,,,,
,,,,,
,,,,,
,,,,,
,,,,,
,,,,,
,,,,,
,,,,,
,,,,,
,,,,,
,,,,,
,,,,,
,,,,,
,,,,,
,,,,,
,,,,,
,,,,,
,,,,,
,,,,,
,,,,,
,,,,,
,,,,,
,,,,,
,,,,,
,,,,,
,,,,,
,,,,,
,,,,,
,,,,,
,,,,,
,,,,,
,,,,,
,,,,,
,,,,,
,,,,,
,,,,,
,,,,,
,,,,,
,,,,,
,,,,,
,,,,,
,,,,,
,,,,,
,,,,,
,,,,,
,,,,,
,,,,,
,,,,,
,,,,,
,,,,,
,,,,,
,,,,,
,,,,,
,,,,,
,,,,,
,,,,,
,,,,,
,,,,,
,,,,,
,,,,,
,,,,,
,,,,,
,,,,,
,,,,,
,,,,,
,,,,,
,,,,,
,,,,,
,,,,,
,,,,,
,,,,,
,,,,,
,,,,,
,,,,,
,,,,,
,,,,,
,,,,,
,,,,,
,,,,,
,,,,,
,,,,,
,,,,,
,,,,,
,,,,,
,,,,,
,,,,,
,,,,,
,,,,,
,,,,,
,,,,,
,,,,,
,,,,,
,,,,,
,,,,,
,,,,,
,,,,,
,,,,,
,,,,,
,,,,,
,,,,,
,,,,,
,,,,,
,,,,,
,,,,,
,,,,,
,,,,,
,,,,,
,,,,,
,,,,,
,,,,,
,,,,,
,,,,,
,,,,,
,,,,,
,,,,,
,,,,,
,,,,,
,,,,,
,,,,,
,,,,,
,,,,,
,,,,,
,,,,,
,,,,,
,,,,,
,,,,,
,,,,,
,,,,,
,,,,,
,,,,,
,,,,,
,,,,,
,,,,,
,,,,,
,,,,,
,,,,,
,,,,,
,,,,,
,,,,,
,,,,,
,,,,,
,,,,,
,,,,,
,,,,,
,,,,,
,,,,,
,,,,,
,,,,,
,,,,,
,,,,,
,,,,,
,,,,,
,,,,,
,,,,,
,,,,,
,,,,,
,,,,,
,,,,,
,,,,,
,,,,,
,,,,,
,,,,,
,,,,,
,,,,,
,,,,,
,,,,,
,,,,,
,,,,,
,,,,,
,,,,,
,,,,,
,,,,,
,,,,,
,,,,,
,,,,,
,,,,,
,,,,,
,,,,,
,,,,,
,,,,,
,,,,,
,,,,,
,,,,,
,,,,,
,,,,,
,,,,,
,,,,,
,,,,,
,,,,,
,,,,,
,,,,,
,,,,,
,,,,,
,,,,,
,,,,,
,,,,,
,,,,,
,,,,,
,,,,,
,,,,,
,,,,,
,,,,,
,,,,,
,,,,,
,,,,,
,,,,,
,,,,,
,,,,,
,,,,,
,,,,,
,,,,,
,,,,,
,,,,,
,,,,,
,,,,,
,,,,,
,,,,,
,,,,,
,,,,,
,,,,,
,,,,,
,,,,,
,,,,,
,,,,,
,,,,,
,,,,,
,,,,,
,,,,,
,,,,,
,,,,,
,,,,,
,,,,,
,,,,,
,,,,,
,,,,,
,,,,,
,,,,,
,,,,,
,,,,,
,,,,,
,,,,,
,,,,,
,,,,,
,,,,,
,,,,,
,,,,,
,,,,,
,,,,,
,,,,,
,,,,,
,,,,,
,,,,,
,,,,,
,,,,,
,,,,,
,,,,,
,,,,,
,,,,,
,,,,,
,,,,,
,,,,,
,,,,,
,,,,,
,,,,,
,,,,,
,,,,,
,,,,,
,,,,,
,,,,,
,,,,,
,,,,,
,,,,,
,,,,,
,,,,,
,,,,,
,,,,,
,,,,,
,,,,,
,,,,,
,,,,,
,,,,,
,,,,,
,,,,,
,,,,,
,,,,,
,,,,,
,,,,,
,,,,,
,,,,,
,,,,,
,,,,,
,,,,,
,,,,,
,,,,,
,,,,,
,,,,,
,,,,,
,,,,,
,,,,,
,,,,,
,,,,,
,,,,,
,,,,,
,,,,,
,,,,,
,,,,,
,,,,,
,,,,,
,,,,,
,,,,,
,,,,,
,,,,,
,,,,,
,,,,,
,,,,,
,,,,,
,,,,,
,,,,,
,,,,,
,,,,,
,,,,,
,,,,,
,,,,,
,,,,,
,,,,,
,,,,,
,,,,,
,,,,,
,,,,,
,,,,,
,,,,,
,,,,,
,,,,,
,,,,,
,,,,,
,,,,,
,,,,,
,,,,,
,,,,,
,,,,,
,,,,,
,,,,,
,,,,,
,,,,,
,,,,,
,,,,,
,,,,,
,,,,,
,,,,,
,,,,,
,,,,,
,,,,,
,,,,,
,,,,,
,,,,,
,,,,,
,,,,,
,,,,,
,,,,,
,,,,,
,,,,,
,,,,,
,,,,,
,,,,,
,,,,,
,,,,,
,,,,,
,,,,,
,,,,,
,,,,,
,,,,,
,,,,,
,,,,,
,,,,,
,,,,,
,,,,,
,,,,,
,,,,,
,,,,,
,,,,,
,,,,,
,,,,,
,,,,,
,,,,,
,,,,,
,,,,,
,,,,,
,,,,,
,,,,,
,,,,,
,,,,,
,,,,,
,,,,,
,,,,,
,,,,,
,,,,,
,,,,,
,,,,,
,,,,,
,,,,,
,,,,,
,,,,,
,,,,,
,,,,,
,,,,,
,,,,,
,,,,,
,,,,,
,,,,,
,,,,,
,,,,,
,,,,,
,,,,,
,,,,,
,,,,,
,,,,,
,,,,,
,,,,,
,,,,,
,,,,,
,,,,,
,,,,,
,,,,,
,,,,,
,,,,,
,,,,,
,,,,,
,,,,,
,,,,,
,,,,,
,,,,,
,,,,,
,,,,,
,,,,,
,,,,,
,,,,,
,,,,,
,,,,,
,,,,,
,,,,,
,,,,,
,,,,,
,,,,,
,,,,,
,,,,,
,,,,,
,,,,,
,,,,,
,,,,,
,,,,,
,,,,,
,,,,,
,,,,,
,,,,,
,,,,,
,,,,,
,,,,,
,,,,,
,,,,,
,,,,,
,,,,,
,,,,,
,,,,,
,,,,,
,,,,,
,,,,,
,,,,,
,,,,,
,,,,,
,,,,,
,,,,,
,,,,,
,,,,,
,,,,,
,,,,,
,,,,,
,,,,,
,,,,,
,,,,,
,,,,,
,,,,,
,,,,,
,,,,,
,,,,,
,,,,,
,,,,,
,,,,,
,,,,,
,,,,,
,,,,,
,,,,,
,,,,,
,,,,,
,,,,,
,,,,,
,,,,,
,,,,,
,,,,,
,,,,,
,,,,,
,,,,,
,,,,,
,,,,,
,,,,,
,,,,,
,,,,,
,,,,,
,,,,,
,,,,,
,,,,,
,,,,,
,,,,,
,,,,,
,,,,,
,,,,,
,,,,,
,,,,,
,,,,,
,,,,,
,,,,,
,,,,,
,,,,,
,,,,,
,,,,,
,,,,,
,,,,,
,,,,,
,,,,,
,,,,,
,,,,,
,,,,,
,,,,,
,,,,,
,,,,,
,,,,,
,,,,,
,,,,,
,,,,,
,,,,,
,,,,,
,,,,,
,,,,,
,,,,,
,,,,,
,,,,,
,,,,,
,,,,,
,,,,,
,,,,,
,,,,,
,,,,,
,,,,,
,,,,,
,,,,,
,,,,,
,,,,,
,,,,,
,,,,,
,,,,,
,,,,,
,,,,,
,,,,,
,,,,,
,,,,,
,,,,,
,,,,,
,,,,,
,,,,,
,,,,,
,,,,,
,,,,,
,,,,,
,,,,,
,,,,,
,,,,,
,,,,,
,,,,,
,,,,,
,,,,,
,,,,,
,,,,,
,,,,,
,,,,,
,,,,,
,,,,,
,,,,,
,,,,,
,,,,,
,,,,,
,,,,,
,,,,,
,,,,,
,,,,,
,,,,,
,,,,,
,,,,,
,,,,,
,,,,,
,,,,,
,,,,,
,,,,,
,,,,,
,,,,,
,,,,,
,,,,,
,,,,,
,,,,,
,,,,,
,,,,,
,,,,,
,,,,,
,,,,,
,,,,,
,,,,,
,,,,,
,,,,,
,,,,,
,,,,,
,,,,,
,,,,,
,,,,,
,,,,,
,,,,,
,,,,,
,,,,,
,,,,,
,,,,,
,,,,,
,,,,,
,,,,,
,,,,,
,,,,,
,,,,,
,,,,,
,,,,,
,,,,,
,,,,,
,,,,,
,,,,,
,,,,,
,,,,,
,,,,,
,,,,,
,,,,,
,,,,,
,,,,,
,,,,,
,,,,,
,,,,,
,,,,,
,,,,,
,,,,,
,,,,,
,,,,,
,,,,,
,,,,,
,,,,,
,,,,,
,,,,,
,,,,,
,,,,,
,,,,,
,,,,,
,,,,,
,,,,,
,,,,,
,,,,,
,,,,,
,,,,,
,,,,,
,,,,,
,,,,,
,,,,,
,,,,,
,,,,,
,,,,,
,,,,,
,,,,,
,,,,,
,,,,,
,,,,,
,,,,,
,,,,,
,,,,,
,,,,,
,,,,,
,,,,,
,,,,,
,,,,,
,,,,,
,,,,,
,,,,,
,,,,,
,,,,,
,,,,,
,,,,,
,,,,,
,,,,,
,,,,,
,,,,,
,,,,,
,,,,,
,,,,,
,,,,,
,,,,,
,,,,,
,,,,,
,,,,,
,,,,,
,,,,,
,,,,,
,,,,,
,,,,,
,,,,,
,,,,,
,,,,,
,,,,,
,,,,,
,,,,,
,,,,,
,,,,,
,,,,,
,,,,,
,,,,,
,,,,,
,,,,,
,,,,,
,,,,,
,,,,,
,,,,,
,,,,,
,,,,,
,,,,,
,,,,,
,,,,,
,,,,,
,,,,,
,,,,,
,,,,,
,,,,,
,,,,,
,,,,,
,,,,,
,,,,,
,,,,,
,,,,,
,,,,,
,,,,,
,,,,,
,,,,,
,,,,,
,,,,,
,,,,,
,,,,,
,,,,,
,,,,,
,,,,,
,,,,,
,,,,,
,,,,,
,,,,,
,,,,,
,,,,,
,,,,,
,,,,,
,,,,,
,,,,,
,,,,,
,,,,,
,,,,,
,,,,,
,,,,,
,,,,,
,,,,,
,,,,,
,,,,,
,,,,,
,,,,,
,,,,,
,,,,,
,,,,,
,,,,,
,,,,,
,,,,,
,,,,,
,,,,,
,,,,,
,,,,,
,,,,,
,,,,,
,,,,,
,,,,,
,,,,,
,,,,,
,,,,,
,,,,,
,,,,,
,,,,,
,,,,,
,,,,,
,,,,,
,,,,,
,,,,,
,,,,,
,,,,,
,,,,,
,,,,,
,,,,,
,,,,,
,,,,,
,,,,,
,,,,,
,,,,,
,,,,,
,,,,,
,,,,,
,,,,,
,,,,,
,,,,,
,,,,,
,,,,,
,,,,,
,,,,,
,,,,,
,,,,,
,,,,,
,,,,,
,,,,,
,,,,,
,,,,,
,,,,,
,,,,,
,,,,,
,,,,,
,,,,,
,,,,,
,,,,,
,,,,,
,,,,,
,,,,,
,,,,,
,,,,,
,,,,,
,,,,,
,,,,,
,,,,,
,,,,,
,,,,,
,,,,,
,,,,,
,,,,,
,,,,,
,,,,,
,,,,,
,,,,,
,,,,,
,,,,,
,,,,,
,,,,,
,,,,,
,,,,,
,,,,,
,,,,,
,,,,,
,,,,,
,,,,,
,,,,,
,,,,,
,,,,,
,,,,,
,,,,,
,,,,,
,,,,,
,,,,,
,,,,,
,,,,,
,,,,,
,,,,,
,,,,,
,,,,,
,,,,,
,,,,,
,,,,,
,,,,,
,,,,,
,,,,,
,,,,,
,,,,,
,,,,,
,,,,,
,,,,,
,,,,,
,,,,,
,,,,,
,,,,,
,,,,,
,,,,,
,,,,,
,,,,,
,,,,,
,,,,,
,,,,,
,,,,,
,,,,,
,,,,,
,,,,,
,,,,,
,,,,,
,,,,,
,,,,,
,,,,,
,,,,,
,,,,,
,,,,,
,,,,,
,,,,,
,,,,,
,,,,,
,,,,,
,,,,,
,,,,,
,,,,,
,,,,,
,,,,,
,,,,,
,,,,,
,,,,,
,,,,,
,,,,,
,,,,,
,,,,,
,,,,,
,,,,,
,,,,,
,,,,,
,,,,,
,,,,,
,,,,,
,,,,,
,,,,,
,,,,,
,,,,,
,,,,,
,,,,,
,,,,,
,,,,,
,,,,,
,,,,,
,,,,,
,,,,,
,,,,,
,,,,,
,,,,,
,,,,,
,,,,,
,,,,,
,,,,,
,,,,,
,,,,,
,,,,,
,,,,,
,,,,,
,,,,,
,,,,,
,,,,,
,,,,,
,,,,,
,,,,,
,,,,,
,,,,,
,,,,,
,,,,,
,,,,,
,,,,,
,,,,,
,,,,,
,,,,,
,,,,,
,,,,,
,,,,,
,,,,,
,,,,,
,,,,,
,,,,,
,,,,,
,,,,,
,,,,,
,,,,,
,,,,,
,,,,,
,,,,,
,,,,,
,,,,,
,,,,,
,,,,,
,,,,,
,,,,,
,,,,,
,,,,,
,,,,,
,,,,,
,,,,,
,,,,,
,,,,,
,,,,,
,,,,,
,,,,,
,,,,,
,,,,,
,,,,,
,,,,,
,,,,,
,,,,,
,,,,,
,,,,,
,,,,,
,,,,,
,,,,,
,,,,,
,,,,,
,,,,,
,,,,,
,,,,,
,,,,,
,,,,,
,,,,,
,,,,,
,,,,,
,,,,,
,,,,,
,,,,,
,,,,,
,,,,,
,,,,,
,,,,,
,,,,,
,,,,,
,,,,,
,,,,,
,,,,,
,,,,,
,,,,,
,,,,,
,,,,,
,,,,,
,,,,,
,,,,,
,,,,,
,,,,,
,,,,,
,,,,,
,,,,,
,,,,,
,,,,,
,,,,,
,,,,,
,,,,,
,,,,,
,,,,,
,,,,,
,,,,,
,,,,,
,,,,,
,,,,,
,,,,,
,,,,,
,,,,,
,,,,,
,,,,,
,,,,,
,,,,,
,,,,,
,,,,,
,,,,,
,,,,,
,,,,,
,,,,,
,,,,,
,,,,,
,,,,,
,,,,,
,,,,,
,,,,,
,,,,,
,,,,,
,,,,,
,,,,,
,,,,,
,,,,,
,,,,,
,,,,,
,,,,,
,,,,,
,,,,,
,,,,,
,,,,,
,,,,,
,,,,,
,,,,,
,,,,,
,,,,,
,,,,,
,,,,,
,,,,,
,,,,,
,,,,,
,,,,,
,,,,,
,,,,,
,,,,,
,,,,,
,,,,,
,,,,,
,,,,,
,,,,,
,,,,,
,,,,,
,,,,,
,,,,,
,,,,,
,,,,,
,,,,,
,,,,,
,,,,,
,,,,,
,,,,,
,,,,,
,,,,,
,,,,,
,,,,,
,,,,,
,,,,,
,,,,,
,,,,,
,,,,,
,,,,,
,,,,,
,,,,,
,,,,,
,,,,,
,,,,,
,,,,,
,,,,,
,,,,,
,,,,,
,,,,,
,,,,,
,,,,,
,,,,,
,,,,,
,,,,,
,,,,,
,,,,,
,,,,,
,,,,,
,,,,,
,,,,,
,,,,,
,,,,,
,,,,,
,,,,,
,,,,,
,,,,,
,,,,,
,,,,,
,,,,,
,,,,,
,,,,,
,,,,,
,,,,,
,,,,,
,,,,,
,,,,,
,,,,,
,,,,,
,,,,,
,,,,,
,,,,,
,,,,,
,,,,,
,,,,,
,,,,,
,,,,,
,,,,,
,,,,,
,,,,,
,,,,,
,,,,,
,,,,,
,,,,,
,,,,,
,,,,,
,,,,,
,,,,,
,,,,,
,,,,,
,,,,,
,,,,,
,,,,,
,,,,,
,,,,,
,,,,,
,,,,,
,,,,,
,,,,,
,,,,,
,,,,,
,,,,,
,,,,,
,,,,,
,,,,,
,,,,,
,,,,,
,,,,,
,,,,,
,,,,,
,,,,,
,,,,,
,,,,,
,,,,,
,,,,,
,,,,,
,,,,,
,,,,,
,,,,,
,,,,,
,,,,,
,,,,,
,,,,,
,,,,,
,,,,,
,,,,,
,,,,,
,,,,,
,,,,,
,,,,,
,,,,,
,,,,,
,,,,,
,,,,,
,,,,,
,,,,,
,,,,,
,,,,,
,,,,,
,,,,,
,,,,,
,,,,,
,,,,,
,,,,,
,,,,,
,,,,,
,,,,,
,,,,,
,,,,,
,,,,,
,,,,,
,,,,,
,,,,,
,,,,,
,,,,,
,,,,,
,,,,,
,,,,,
,,,,,
,,,,,
,,,,,
,,,,,
,,,,,
,,,,,
,,,,,
,,,,,
,,,,,
,,,,,
,,,,,
,,,,,
,,,,,
,,,,,
,,,,,
,,,,,
,,,,,
,,,,,
,,,,,
,,,,,
,,,,,
,,,,,
,,,,,
,,,,,
,,,,,
,,,,,
,,,,,
,,,,,
,,,,,
,,,,,
,,,,,
,,,,,
,,,,,
,,,,,
,,,,,
,,,,,
,,,,,
,,,,,
,,,,,
,,,,,
,,,,,
,,,,,
,,,,,
,,,,,
,,,,,
,,,,,
,,,,,
,,,,,
,,,,,
,,,,,
,,,,,
,,,,,
,,,,,
,,,,,
,,,,,
,,,,,
,,,,,
,,,,,
,,,,,
,,,,,
,,,,,
,,,,,
,,,,,
,,,,,
,,,,,
,,,,,
,,,,,
,,,,,
,,,,,
,,,,,
,,,,,
,,,,,
,,,,,
,,,,,
,,,,,
,,,,,
,,,,,
,,,,,
,,,,,
,,,,,
,,,,,
,,,,,
,,,,,
,,,,,
,,,,,
,,,,,
,,,,,
,,,,,
,,,,,
,,,,,
,,,,,
,,,,,
,,,,,
,,,,,
,,,,,
,,,,,
,,,,,
,,,,,
,,,,,
,,,,,
,,,,,
,,,,,
,,,,,
,,,,,
,,,,,
,,,,,
,,,,,
,,,,,
,,,,,
,,,,,
,,,,,
,,,,,
,,,,,
,,,,,
,,,,,
,,,,,
,,,,,
,,,,,
,,,,,
,,,,,
,,,,,
,,,,,
,,,,,
,,,,,
,,,,,
,,,,,
,,,,,
,,,,,
,,,,,
,,,,,
,,,,,
,,,,,
,,,,,
,,,,,
,,,,,
,,,,,
,,,,,
,,,,,
,,,,,
,,,,,
,,,,,
,,,,,
,,,,,
,,,,,
,,,,,
,,,,,
,,,,,
,,,,,
,,,,,
,,,,,
,,,,,
,,,,,
,,,,,
,,,,,
,,,,,
,,,,,
,,,,,
,,,,,
,,,,,
,,,,,
,,,,,
,,,,,
,,,,,
,,,,,
,,,,,
,,,,,
,,,,,
,,,,,
,,,,,
,,,,,
,,,,,
,,,,,
,,,,,
,,,,,
,,,,,
,,,,,
,,,,,
,,,,,
,,,,,
,,,,,
,,,,,
,,,,,
,,,,,
,,,,,
,,,,,
,,,,,
,,,,,
,,,,,
,,,,,
,,,,,
,,,,,
,,,,,
,,,,,
,,,,,
,,,,,
,,,,,
,,,,,
,,,,,
,,,,,
,,,,,
,,,,,
,,,,,
,,,,,
,,,,,
,,,,,
,,,,,
,,,,,
,,,,,
,,,,,
,,,,,
,,,,,
,,,,,
,,,,,
,,,,,
,,,,,
,,,,,
,,,,,
,,,,,
,,,,,
,,,,,
,,,,,
,,,,,
,,,,,
,,,,,
,,,,,
,,,,,
,,,,,
,,,,,
,,,,,
,,,,,
,,,,,
,,,,,
,,,,,
,,,,,
,,,,,
,,,,,
,,,,,
,,,,,
,,,,,
,,,,,
,,,,,
,,,,,
,,,,,
,,,,,
,,,,,
,,,,,
,,,,,
,,,,,
,,,,,
,,,,,
,,,,,
,,,,,
,,,,,
,,,,,
,,,,,
,,,,,
,,,,,
,,,,,
,,,,,
,,,,,
,,,,,
,,,,,
,,,,,
,,,,,
,,,,,
,,,,,
,,,,,
,,,,,
,,,,,
,,,,,
,,,,,
,,,,,
,,,,,
,,,,,
,,,,,
,,,,,
,,,,,
,,,,,
,,,,,
,,,,,
,,,,,
,,,,,
,,,,,
,,,,,
,,,,,
,,,,,
,,,,,
,,,,,
,,,,,
,,,,,
,,,,,
,,,,,
,,,,,
,,,,,
,,,,,
,,,,,
,,,,,
,,,,,
,,,,,
,,,,,
