"id","text","labels"
"1","(熱壓土司)八棟花生麻糬","Root;食材;全穀雜糧類;其它類;堅果種子類;花生;麵包;點心甜品類;吐司"
"2","(熱壓土司)丹麥鮪魚起司","Root;食材;乳品類;全穀雜糧類;海鮮類;起司;魚類;麵包;丹麥可頌;吐司;鮪魚"
"3","(熱壓土司)丹麥鮪魚嫩蛋","Root;食材;全穀雜糧類;海鮮類;蛋類;魚類;麵包;丹麥可頌;吐司;鮪魚"
"4","(熱壓土司)巧脆可可麻糬","Root;食材;全穀雜糧類;其它類;堅果種子類;可可;麵包;點心甜品類;吐司"
"5","(熱壓土司)里肌肉蛋","Root;食材;全穀雜糧類;肉類;蛋類;麵包;吐司"
"6","(熱壓土司)花生醬燻培根","Root;食材;全穀雜糧類;堅果種子類;肉類;加工肉品;花生;麵包;吐司;培根"
"7","(熱壓土司)青醬雞絲","Root;食材;全穀雜糧類;肉類;雞;麵包;吐司"
"8","(熱壓土司)厚起司蛋","Root;食材;乳品類;全穀雜糧類;蛋類;起司;麵包;吐司"
"9","(熱壓土司)美式BBQ燻腸","Root;食材;全穀雜糧類;肉類;加工肉品;麵包;吐司"
"10","(熱壓土司)香帥芋泥金沙","Root;食材;全穀雜糧類;蛋類;芋頭;麵包;吐司"
"11","(熱壓土司)紐奧良風味烤雞","Root;食材;全穀雜糧類;肉類;雞;麵包;吐司"
"12","(熱壓土司)頌丹樂香辣打拋雞","Root;食材;全穀雜糧類;肉類;蔬菜類;辣椒;雞;麵包;吐司"
"13","(熱壓土司)醬燒炙烤牛","Root;食材;全穀雜糧類;肉類;牛;麵包;吐司"
"14","[小倉食宅]  黑糖玫瑰四物飲","Root;食材;其它類;飲品類;點心甜品類;黑糖"
"15","[小倉食宅] 黑糖桂圓紅棗茶","Root;食材;其它類;水果類;中藥材;飲品類;點心甜品類;龍眼;紅棗;茶類;黑糖"
"16","[36法郎]典藏拿堤咖啡","Root;食材;其它類;飲品類;咖啡"
"17","[36法郎]極品拿堤咖啡","Root;食材;其它類;飲品類;咖啡"
"18","[3點1刻]不想吃糖-日月潭奶茶(減糖)","Root;食材;其它類;飲品類;茶類;奶茶"
"19","[3點1刻]抹茶豆奶","Root;食材;其它類;豆類;豆漿豆奶;飲品類;茶類;綠茶抹茶"
"20","[3點1刻]紅茶豆奶","Root;食材;其它類;豆類;豆漿豆奶;飲品類;茶類;紅茶"
"21","[3點1刻]黑芝麻豆奶","Root;食材;堅果種子類;豆類;芝麻;豆漿豆奶"
"22","[3點1刻]經典-炭燒奶茶","Root;食材;其它類;飲品類;茶類;奶茶"
"23","[3點1刻]經典原味奶茶","Root;食材;其它類;飲品類;茶類;奶茶"
"24","[3點1刻]鮮萃冷韻四季春","Root;食材;其它類;飲品類;茶類;烏龍青茶"
"25","[3點1刻]鮮萃冷韻黃金蕎麥茶","Root;食材;全穀雜糧類;其它類;飲品類;麥;茶類"
"26","[3點1刻]鮮萃冷韻蜜香烏龍","Root;食材;其它類;飲品類;茶類;烏龍青茶"
"27","[AGF]Blendy即溶咖啡-經典","Root;食材;其它類;飲品類;咖啡"
"28","[AGF]CAFE LATORY咖啡-卡布奇諾","Root;食材;其它類;飲品類;咖啡"
"29","[AGF]LATORY 咖啡-濃厚無糖拿鐵","Root;食材;其它類;飲品類;咖啡;拿鐵"
"30","[AGF]LATORY咖啡-焦糖瑪奇朵","Root;食材;其它類;飲品類;咖啡"
"31","[AGF]抹茶拿鐵粉","Root;食材;其它類;飲品類;咖啡;茶類;拿鐵;綠茶抹茶"
"32","[AGF]芳醇即溶咖啡","Root;食材;其它類;飲品類;咖啡"
"33","[AGF]濃厚抹茶拿鐵粉","Root;食材;其它類;飲品類;咖啡;茶類;拿鐵;綠茶抹茶"
"34","[Ammerlander 愛牧]德國純牛奶","Root;食材;乳品類;牛奶"
"35","[ASAHI 朝日]WONDA 豐香黑咖啡","Root;食材;其它類;飲品類;咖啡;黑咖啡"
"36","[ASAHI 朝日]十六茶 零咖啡因複方茶","Root;食材;其它類;飲品類;茶類"
"37","[ASAHI 朝日]十六茶零咖啡因豆乳奶茶","Root;食材;其它類;豆類;豆漿豆奶;飲品類;茶類;奶茶"
"38","[ASAHI 朝日]咖啡因複方茶","Root;食材;其它類;飲品類;茶類"
"39","[ASAHI 朝日]原味可爾必思飲料","Root;食材;其它類;飲品類"
"40","[BEANISE]奶酒風味即溶咖啡","Root;食材;乳品類;其它類;牛奶;飲品類;咖啡;酒"
"41","[BEANISE]香草風味即溶咖啡","Root;食材;其它類;調味料;飲品類;咖啡;香草"
"42","[BEANISE]香濃焦糖風味即溶咖啡","Root;食材;其它類;飲品類;咖啡"
"43","[BEANISE]榛果風味即溶咖啡","Root;食材;其它類;堅果種子類;榛果;飲品類;咖啡"
"44","[BessieByer 貝思寶兒]蜜桃果茶","Root;食材;其它類;水果類;水蜜桃;飲品類;茶類"
"45","[BessieByer 貝思寶兒]檸檬紅茶","Root;食材;其它類;水果類;柑橘;飲品類;檸檬;茶類;紅茶"
"46","[BessieByer 貝思寶兒]覆盆子果茶","Root;食材;其它類;水果類;其他水果;飲品類;茶類"
"47","[Binggrae]哈密瓜牛奶-保久調味乳","Root;食材;乳品類;水果類;其他水果;牛奶;保久乳"
"48","[Binggrae]香蕉牛奶-保久調味乳","Root;食材;乳品類;水果類;牛奶;香蕉;保久乳"
"49","[Binggrae]栗子牛奶/保久調味乳","Root;食材;乳品類;堅果種子類;牛奶;保久乳"
"50","[Binggrae]草莓牛奶-保久調味乳","Root;食材;乳品類;水果類;牛奶;莓果;保久乳;草莓"
"51","[BIO-TECH 台酒生技]桂圓黑麥汁","Root;食材;全穀雜糧類;其它類;水果類;飲品類;麥;龍眼;汽水"
"52","[BIO-TECH 台酒生技]烏梅黑麥汁","Root;食材;全穀雜糧類;其它類;水果類;梅子;飲品類;麥;汽水"
"53","[BOSS]CRAFT BOSS香檸梅風味飲料","Root;食材;其它類;水果類;柑橘;梅子;飲品類;檸檬"
"54","[C7]速溶黑咖啡","Root;食材;其它類;飲品類;咖啡;黑咖啡"
"55","[CACHA 卡恰]高粱蒜香厚Q條","Root;食材;其它類;蔬菜類;豆類;蒜;豆干;飲品類;酒;高粱"
"56","[CACHA 卡恰]高粱辣味厚Q乾","Root;食材;其它類;蔬菜類;豆類;豆干;辣椒;飲品類;酒;高粱"
"57","[CACHA 卡恰]預購卡恰土魠魚捲燒","Root;食材;海鮮類;魚類"
"58","[CACHA 卡恰]預購卡恰飛魚捲燒","Root;食材;海鮮類;魚類"
"59","[CALBEE]富果樂水果麥片","Root;食材;全穀雜糧類;水果類;麥"
"60","[CALBEE]富果樂減糖水果麥片","Root;食材;全穀雜糧類;水果類;麥"
"61","[cama cafe]即溶精品黑咖啡","Root;食材;其它類;飲品類;咖啡;黑咖啡"
"62","[cama cafe]極珍選批次奶油胡桃濾掛式咖啡-中焙","Root;食材;其它類;堅果種子類;奶油;飲品類;咖啡"
"63","[cama cafe]極珍選批次濾掛式咖啡-中焙可可堅","Root;食材;其它類;堅果種子類;可可;飲品類;咖啡"
"64","[cama cafe]極珍選批次濾掛式咖啡-淺焙蜜香甜桃","Root;食材;其它類;水果類;水蜜桃;飲品類;咖啡"
"65","[cammie]桔梗麥冬茶","Root;食材;全穀雜糧類;其它類;飲品類;麥;茶類"
"66","[CAOTINA]頂級瑞士白巧克力粉","Root;食材;堅果種子類;可可"
"67","[CAOTINA]頂級瑞士黑巧克力粉","Root;食材;堅果種子類;可可"
"68","[Carman's]低糖覆盆莓椰子穀脆脆","Root;食材;全穀雜糧類;其它類;水果類;椰子;莓果"
"69","[Carman's]草莓莓果脆穀塊","Root;食材;全穀雜糧類;水果類;莓果;草莓"
"70","[Carman's]高蛋白杏仁榛果穀脆脆","Root;食材;全穀雜糧類;堅果種子類;杏仁;榛果"
"71","[Carman's]甜蜜蘋果脆穀塊","Root;食材;全穀雜糧類;水果類;蘋果"
"72","[Carman's]綜合莓果穀物燕麥片","Root;食材;全穀雜糧類;水果類;莓果;麥;燕麥"
"73","[ChaTraMue]泰式紅茶-無色素版","Root;食材;其它類;飲品類;茶類;紅茶"
"74","[ChaTraMue]泰國手標三合一泰式奶茶隨身包","Root;食材;其它類;飲品類;茶類;奶茶"
"75","[Chiiiiiiiii 奇動]能量飲 黃金柚風味","Root;食材;其它類;水果類;柑橘;飲品類;柚子"
"76","[Chiiiiiiiii 奇動]能量飲-熱帶百香果","Root;食材;其它類;水果類;百香果;飲品類"
"77","[CHILL 愛吃]油切仙楂烏梅茶","Root;食材;其它類;水果類;梅子;飲品類;茶類"
"78","[CHILL 愛吃]黑糖老薑片","Root;食材;其它類;蔬菜類;薑;點心甜品類;黑糖"
"79","[Corsini]特選咖啡粉","Root;食材;其它類;飲品類;咖啡"
"80","[Corsini]深焙咖啡粉","Root;食材;其它類;飲品類;咖啡"
"81","[CS22]金駿眉高山茶茶葉鐵罐套組","Root;食材;其它類;飲品類;茶類"
"82","[CS22]紅棗玉竹雞湯","Root;食材;其它類;肉類;中藥材;複合食品;雞;湯品;紅棗"
"83","[CS22]香菇雞湯","Root;食材;其它類;肉類;蔬菜類;菌菇;複合食品;雞;湯品"
"84","[CS22]麻油雞湯","Root;食材;其它類;油類;肉類;複合食品;雞;麻油;湯品"
"85","[CS22]雍正御製速溶原味普洱熟茶膏","Root;食材;其它類;飲品類;茶類"
"86","[CS22]藥膳仙草雞湯","Root;食材;其它類;肉類;中藥材;複合食品;雞;仙草;湯品"
"87","[Day Choose 果日優選]HPP冷壓綜合纖果銀耳露","Root;食材;蔬菜類;菌菇;木耳"
"88","[DODO SUGAR]渡渡鳥模里西斯金砂黑糖","Root;食材;其它類;點心甜品類;黑糖"
"89","[DR.DIARY 醫生健康日記]鵝油香蔥","Root;食材;油類;蔬菜類;蔥"
"90","[DRIPO 牧場]紅茶牛乳即溶飲品","Root;食材;乳品類;其它類;牛奶;飲品類;茶類;紅茶"
"91","[DyDo]日式拿鐵咖啡","Root;食材;其它類;飲品類;咖啡;拿鐵"
"92","[DyDo]日式黑咖啡","Root;食材;其它類;飲品類;咖啡;黑咖啡"
"93","[DyDo]復刻堂可可風味飲/牛奶風味飲","Root;食材;乳品類;其它類;堅果種子類;可可;牛奶;飲品類"
"94","[EILLES]皇家即溶咖啡","Root;食材;其它類;飲品類;咖啡"
"95","[EILLES]德國Eilles皇家洋甘菊茶","Root;食材;其它類;飲品類;茶類"
"96","[EILLES]德國皇家伯爵茶","Root;食材;其它類;飲品類;茶類"
"97","[EILLES]德國皇家英式錫蘭茶","Root;食材;其它類;飲品類;茶類"
"98","[EILLES]德國皇家薄荷茶","Root;食材;其它類;飲品類;茶類"
"99","[EiRAKU 永樂]永樂烏龍茶","Root;食材;其它類;飲品類;茶類;烏龍青茶"
"100","[EiRAKU 永樂]永樂普洱茶","Root;食材;其它類;飲品類;茶類"
"101","[EiRAKU 永樂]嚴選冬摘高山烏龍茶禮盒","Root;食材;其它類;飲品類;茶類;烏龍青茶"
"102","[EZCHEF]香酥熱狗棒","Root;食材;肉類;加工肉品"
"103","[foodpro]北海道牛奶風味雪餅","Root;食材;乳品類;其它類;牛奶;點心甜品類;零食餅乾"
"104","[FUZE TEA 飛想茶]檸檬紅茶","Root;食材;其它類;水果類;柑橘;飲品類;檸檬;茶類;紅茶"
"105","[G7]Gold Picasso拿鐵三合一即溶咖啡","Root;食材;其它類;飲品類;咖啡;拿鐵"
"106","[G7]Gold Rumi三合一即溶咖啡","Root;食材;其它類;飲品類;咖啡"
"107","[G7]Legend 卡布其諾咖啡-椰奶風味","Root;食材;其它類;椰子;飲品類;咖啡"
"108","[G7]三合一即溶咖啡","Root;食材;其它類;飲品類;咖啡"
"109","[G7]卡布奇諾咖啡-榛果風味","Root;食材;其它類;堅果種子類;榛果;飲品類;咖啡"
"110","[G7]卡布奇諾咖啡-摩卡風味","Root;食材;其它類;堅果種子類;可可;飲品類;咖啡"
"111","[G7]純咖啡量販包","Root;食材;其它類;飲品類;咖啡"
"112","[G7]傳奇經典三合一即溶咖啡","Root;食材;其它類;飲品類;咖啡"
"113","[GEORGIA喬亞]焦糖風味雲朵拿鐵","Root;食材;其它類;飲品類;咖啡;拿鐵"
"114","[GEORGIA喬亞]榛果白巧克力風味雲朵拿鐵","Root;食材;其它類;堅果種子類;可可;榛果;飲品類;咖啡;拿鐵"
"115","[GEORGIA喬亞]滴濾拿鐵咖啡","Root;食材;其它類;飲品類;咖啡;拿鐵"
"116","[GEORGIA喬亞]滴濾無糖黑咖啡","Root;食材;其它類;飲品類;咖啡;黑咖啡"
"117","[Gold Thon]貓山王榴槤6吋披薩","Root;食材;全穀雜糧類;水果類;其他水果;麵餅"
"118","[GOOD DAY]三合一咖啡-原味","Root;食材;其它類;飲品類;咖啡"
"119","[GOOD DAY]三合一咖啡-榛果","Root;食材;其它類;堅果種子類;榛果;飲品類;咖啡"
"120","[GOOD DAY]三合一咖啡-摩卡","Root;食材;其它類;堅果種子類;可可;飲品類;咖啡"
"121","[GOOD TODAY]GOOD TODAY 冰茶","Root;食材;其它類;飲品類;茶類"
"122","[GOOD TODAY]GOOD TODAY美式咖啡","Root;食材;其它類;飲品類;咖啡;黑咖啡"
"123","[GOOD TODAY]美式咖啡","Root;食材;其它類;飲品類;咖啡;黑咖啡"
"124","[GOOD TODAY]蜂蜜檸檬茶-果醬","Root;食材;其它類;水果類;柑橘;點心甜品類;檸檬;蜂蜜"
"125","[GOOD TODAY]零卡冰茶-水蜜桃口味","Root;食材;其它類;水果類;水蜜桃;飲品類;茶類"
"126","[GOOD TODAY]蒟蒻果凍飲-水蜜桃風味","Root;食材;其它類;水果類;水蜜桃;飲品類;點心甜品類;凍類甜品;果凍;蒟蒻"
"127","[GOOD TODAY]蒟蒻果凍飲-石榴風味","Root;食材;其它類;水果類;其他水果;飲品類;點心甜品類;凍類甜品;果凍;蒟蒻"
"128","[GOOD TODAY]蒟蒻果凍飲-青葡萄風味","Root;食材;其它類;水果類;葡萄;飲品類;點心甜品類;凍類甜品;果凍;蒟蒻"
"129","[GOOD TODAY]薑茶-果醬","Root;食材;其它類;蔬菜類;薑;飲品類;茶類"
"130","[GS MALL]黑糖桂圓紅棗薑母茶磚","Root;食材;其它類;水果類;蔬菜類;中藥材;薑;飲品類;點心甜品類;龍眼;紅棗;茶類;黑糖"
"131","[HEARTS]即溶卡布奇諾-白咖啡","Root;食材;其它類;飲品類;咖啡"
"132","[HEARTS]即溶卡布奇諾-甜味","Root;食材;其它類;飲品類;咖啡"
"133","[HEARTS]即溶卡布奇諾-維也納調和風味","Root;食材;其它類;飲品類;咖啡"
"134","[HEARTS]即溶可可飲","Root;食材;堅果種子類;可可"
"135","[Hellmann's]La Perruche白方糖","Root;食材;其它類"
"136","[Hellmann's]La Perruche紅方糖","Root;食材;其它類"
"137","[Hershey's 好時]100%純可可粉","Root;食材;堅果種子類;可可"
"138","[HOYA]植物肉乾-川味朝天椒風味","Root;食材;肉類;蔬菜類;加工肉品;辣椒;肉乾"
"139","[HOYA]植物肉乾-台式鹹酥雞","Root;食材;其它類;肉類;加工肉品;調味料;雞;肉乾;鹽"
"140","[HOYA]植物肉乾-法式松露風味","Root;食材;肉類;蔬菜類;加工肉品;菌菇;肉乾"
"141","[HOYA]植物肉乾-美式黑胡椒","Root;食材;其它類;肉類;加工肉品;調味料;肉乾;胡椒"
"142","[HOYA]植物肉乾-泰式檸檬風味","Root;食材;水果類;肉類;加工肉品;柑橘;檸檬;肉乾"
"143","[HOYA]植物肉乾-韓式辣雞風味","Root;食材;肉類;蔬菜類;加工肉品;辣椒;雞;肉乾"
"144","[HOYA]植物海味-芥末鱈魚絲風味","Root;食材;海鮮類;魚類;鱈魚"
"145","[HOYA]植物海味-酸辣魷魚片風味","Root;食材;海鮮類;蔬菜類;辣椒;頭足類;魷魚"
"146","[IDEE]金牌即溶咖啡-低刺激性","Root;食材;其它類;飲品類;咖啡"
"147","[ILLY]中度烘焙咖啡粉","Root;食材;其它類;飲品類;咖啡"
"148","[ILLY]中度烘焙摩卡咖啡粉","Root;食材;其它類;堅果種子類;可可;飲品類;咖啡"
"149","[ILLY]低咖啡因咖啡粉","Root;食材;其它類;飲品類;咖啡"
"150","[ILLY]深度烘焙咖啡粉","Root;食材;其它類;飲品類;咖啡"
"151","[ILLY]濾泡式咖啡粉","Root;食材;其它類;飲品類;咖啡"
"152","[IRVINS 黑鴨]新加坡鹹蛋黃魚皮-原味/嗆辣","Root;食材;海鮮類;蔬菜類;蛋類;辣椒;魚類"
"153","[ITO SEIKA]ORIHIRO 蒟蒻果凍-蜜柑風味","Root;食材;其它類;水果類;柑橘;點心甜品類;凍類甜品;果凍;蒟蒻"
"154","[Ito-En 伊藤園]Teas' Tea 蜜桃紅茶","Root;食材;其它類;水果類;水蜜桃;飲品類;茶類;紅茶"
"155","[Ito-En 伊藤園]Teas' Tea 蘋果紅茶","Root;食材;其它類;水果類;蘋果;飲品類;茶類;紅茶"
"156","[JACOBS]奶香即溶咖啡","Root;食材;其它類;飲品類;咖啡"
"157","[JACOBS]黃金即溶咖啡","Root;食材;其它類;飲品類;咖啡"
"158","[JELLY.B]低卡蒟蒻果凍","Root;食材;其它類;點心甜品類;凍類甜品;果凍;蒟蒻"
"159","[Jereteria]水蜜桃果凍飲","Root;食材;其它類;水果類;水蜜桃;飲品類;點心甜品類;凍類甜品;果凍"
"160","[Jereteria]麝香葡萄果凍飲","Root;食材;其它類;水果類;葡萄;飲品類;點心甜品類;凍類甜品;果凍"
"161","[KAARO]乳酸風味果凍條","Root;食材;其它類;點心甜品類;凍類甜品;果凍"
"162","[KAKAO FRIENDS]海苔酥","Root;食材;蔬菜類;海苔"
"163","[KANU]KANU 美式咖啡-重烘焙","Root;食材;其它類;飲品類;咖啡;黑咖啡"
"164","[KANU]KANU 美式咖啡-輕度烘焙","Root;食材;其它類;飲品類;咖啡;黑咖啡"
"165","[KANU]三倍濃縮拿鐵","Root;食材;其它類;飲品類;咖啡;拿鐵"
"166","[KANU]香草風味拿鐵","Root;食材;其它類;調味料;飲品類;咖啡;香草;拿鐵"
"167","[KANU]拿鐵","Root;食材;其它類;飲品類;咖啡;拿鐵"
"168","[KANU]提拉米蘇風味拿鐵","Root;食材;其它類;飲品類;點心甜品類;咖啡;拿鐵"
"169","[KANU]雙倍濃縮拿鐵","Root;食材;其它類;飲品類;咖啡;拿鐵"
"170","[KATAOKA BUSSAN]VAN HOUTEN 72%特濃可可粉","Root;食材;堅果種子類;可可"
"171","[KATAOKA BUSSAN]VAN HOUTEN 牛奶可可粉","Root;食材;乳品類;堅果種子類;可可;牛奶"
"172","[KEY COFFEE]DRIP ON總匯濾掛咖啡隨身包","Root;食材;其它類;飲品類;咖啡"
"173","[KEY COFFEE]特級深焙即溶咖啡","Root;食材;其它類;飲品類;咖啡"
"174","[KEY COFFEE]歐蕾專用即溶咖啡","Root;食材;乳品類;其它類;牛奶;飲品類;咖啡"
"175","[KHAO SHONG]冰咖啡-即溶","Root;食材;其它類;飲品類;咖啡"
"176","[KHAO SHONG]即溶咖啡","Root;食材;其它類;飲品類;咖啡"
"177","[KHAO SHONG]義式濃縮3合1咖啡","Root;食材;其它類;飲品類;咖啡"
"178","[KIRIN 麒麟]大罐生茶","Root;食材;其它類;飲品類;茶類"
"179","[KIRIN 麒麟]午後紅茶 原味紅茶","Root;食材;其它類;飲品類;茶類;紅茶"
"180","[KIRIN 麒麟]午後紅茶 檸檬紅茶","Root;食材;其它類;水果類;柑橘;飲品類;檸檬;茶類;紅茶"
"181","[KIRIN 麒麟]午後紅茶-奶茶","Root;食材;其它類;飲品類;茶類;奶茶"
"182","[KIRIN 麒麟]午後紅茶-皇家奶茶","Root;食材;其它類;飲品類;茶類;奶茶"
"183","[KIRIN 麒麟]午後紅茶-無糖紅茶","Root;食材;其它類;飲品類;茶類;紅茶"
"184","[KIRIN 麒麟]生茶","Root;食材;其它類;飲品類;茶類"
"185","[KitKat]巧克力早餐脆片","Root;食材;其它類;堅果種子類;可可;點心甜品類;零食餅乾"
"186","[KOPIKO]L.A.三合一即溶白咖啡","Root;食材;其它類;飲品類;咖啡"
"187","[KOPIKO]三合一即溶濃醇咖啡","Root;食材;其它類;飲品類;咖啡"
"188","[Kotsam 花泉]蜂蜜柚子茶球","Root;食材;其它類;水果類;柑橘;飲品類;點心甜品類;柚子;茶類;蜂蜜"
"189","[KO咖啡王]ROASTA冷研無糖黑咖啡","Root;食材;其它類;飲品類;咖啡;黑咖啡"
"190","[LAVAZZA]QUALITA ORO金罐咖啡粉","Root;食材;其它類;飲品類;咖啡"
"191","[LOTTE 樂天]玉米鬚茶","Root;食材;全穀雜糧類;其它類;玉米;飲品類;茶類"
"192","[MAGMAG]超夯蜜餞-還魂梅","Root;食材;水果類;梅子"
"193","[MAX TEA]印尼奶茶","Root;食材;其它類;飲品類;茶類;奶茶"
"194","[McNulty]阿拉比卡拿鐵風味咖啡","Root;食材;其它類;飲品類;咖啡;拿鐵"
"195","[Mega Harvest]什錦榛果穀片","Root;食材;全穀雜糧類;堅果種子類;榛果"
"196","[Mega Harvest]德國-什錦水果穀片","Root;食材;全穀雜糧類;水果類"
"197","[Mega Harvest]德國-什錦穀片","Root;食材;全穀雜糧類"
"198","[Mega Harvest]德國-原味穀片","Root;食材;全穀雜糧類"
"199","[Melissa]台灣小農嚴選 八重櫻花蜂蜜","Root;食材;其它類;點心甜品類;蜂蜜"
"200","[Melissa]台灣小農嚴選 木質龍眼蜂蜜","Root;食材;其它類;水果類;點心甜品類;龍眼;蜂蜜"
"201","[Melissa]台灣小農嚴選 皇后玫瑰蜂蜜","Root;食材;其它類;點心甜品類;蜂蜜"
"202","[Melissa]台灣小農嚴選 清香百花蜜蜂蜜","Root;食材;其它類;點心甜品類;蜂蜜"
"203","[Melissa]台灣小農嚴選 貴妃荔枝蜂蜜","Root;食材;其它類;水果類;荔枝;點心甜品類;蜂蜜"
"204","[MESTEMACHER]什錦水果穀片","Root;食材;全穀雜糧類;水果類"
"205","[MESTEMACHER]什錦榛果穀片","Root;食材;全穀雜糧類;堅果種子類;榛果"
"206","[MESTEMACHER]綜合果麥片","Root;食材;全穀雜糧類;水果類;麥"
"207","[MESTEMACHER]德國原味穀片","Root;食材;全穀雜糧類"
"208","[MILO 美祿]高鈣可可麥芽牛奶","Root;食材;乳品類;全穀雜糧類;堅果種子類;可可;牛奶;麥"
"209","[MILO美祿]巧克力麥芽飲品減糖配方","Root;食材;全穀雜糧類;其它類;堅果種子類;可可;飲品類;麥"
"210","[MILO美祿]營養活力經典原味","Root;食材;其它類;飲品類"
"211","[Minor Figures 小人物]燕麥奶","Root;食材;全穀雜糧類;麥;燕麥"
"212","[MOVENPICK]莫凡彼金牌原味即溶咖啡","Root;食材;其它類;飲品類;咖啡"
"213","[MYZING-O]Myzing-o 酥炸魷魚條","Root;食材;海鮮類;頭足類;魷魚"
"214","[NatureMax 家倍健]花蓮無毒山苦瓜原片茶包","Root;食材;其它類;蔬菜類;瓜果類蔬菜;飲品類;茶類"
"215","[NISSIN 日清]日清楓糖果實綜合水果穀物脆","Root;食材;全穀雜糧類;水果類"
"216","[NISSIN 日清]宇治抹茶綜合水果穀物脆","Root;食材;全穀雜糧類;其它類;水果類;飲品類;茶類;綠茶抹茶"
"217","[NISSIN 日清]豐盛果實綜合水果穀物脆","Root;食材;全穀雜糧類;水果類"
"218","[NK]韓國海苔酥-亞麻籽油口味","Root;食材;油類;蔬菜類;海苔"
"219","[NK]韓國海苔酥-原味","Root;食材;蔬菜類;海苔"
"220","[NK]韓國海苔酥-核桃&杏仁口味","Root;食材;堅果種子類;蔬菜類;杏仁;海苔"
"221","[NK]韓國海苔酥-鯷魚&蝦子口味","Root;食材;海鮮類;蔬菜類;海苔;甲殼類;魚類;蝦"
"222","[No Brand]起司魚板條","Root;食材;乳品類;海鮮類;起司;魚類"
"223","[No Brand]蒟蒻果凍飲","Root;食材;其它類;飲品類;點心甜品類;凍類甜品;果凍;蒟蒻"
"224","[No Brand]蒟蒻果凍飲-百香果口味","Root;食材;其它類;水果類;百香果;飲品類;點心甜品類;凍類甜品;果凍;蒟蒻"
"225","[No Brand]蒟蒻果凍飲-青葡萄口味","Root;食材;其它類;水果類;葡萄;飲品類;點心甜品類;凍類甜品;果凍;蒟蒻"
"226","[No Brand]蒟蒻果凍飲-荔枝口味","Root;食材;其它類;水果類;荔枝;飲品類;點心甜品類;凍類甜品;果凍;蒟蒻"
"227","[No Brand]韓國海苔芝麻香鬆","Root;食材;堅果種子類;蔬菜類;海苔;芝麻"
"228","[No Brand]韓國海苔芝麻香鬆-柴魚口味","Root;食材;堅果種子類;海鮮類;蔬菜類;海苔;芝麻;魚類"
"229","[No Brand]韓國蜂蜜紅棗茶-果醬","Root;食材;其它類;中藥材;飲品類;點心甜品類;紅棗;茶類;蜂蜜"
"230","[OATLY]咖啡師燕麥奶","Root;食材;全穀雜糧類;麥;燕麥"
"231","[Oatside 歐特賽]職人燕麥植物奶","Root;食材;全穀雜糧類;麥;燕麥"
"232","[OKF]玉米鬚茶","Root;食材;全穀雜糧類;其它類;玉米;飲品類;茶類"
"233","[OKF]韓國玉米鬚茶","Root;食材;全穀雜糧類;其它類;玉米;飲品類;茶類"
"234","[Orasi]咖啡師杏仁奶","Root;食材;堅果種子類;杏仁"
"235","[ORIHIRO]ORIHIRO 吸吸蒟蒻果凍-水蜜桃風味","Root;食材;其它類;水果類;水蜜桃;點心甜品類;凍類甜品;果凍;蒟蒻"
"236","[ORIHIRO]ORIHIRO 吸吸蒟蒻果凍-葡萄風味","Root;食材;其它類;水果類;葡萄;點心甜品類;凍類甜品;果凍;蒟蒻"
"237","[ORIHIRO]ORIHIRO 吸吸蒟蒻果凍-麝香葡萄風味","Root;食材;其它類;水果類;葡萄;點心甜品類;凍類甜品;蒟蒻"
"238","[ORIHIRO]ORIHIRO 蒟蒻果凍-白桃風味","Root;食材;其它類;水果類;水蜜桃;點心甜品類;凍類甜品;果凍;蒟蒻"
"239","[ORIHIRO]ORIHIRO 蒟蒻果凍-草莓風味","Root;食材;其它類;水果類;莓果;點心甜品類;凍類甜品;草莓;果凍;蒟蒻"
"240","[ORIHIRO]ORIHIRO 蒟蒻果凍-葡萄風味","Root;食材;其它類;水果類;葡萄;點心甜品類;凍類甜品;果凍;蒟蒻"
"241","[ORIHIRO]ORIHIRO蒟蒻果凍-麝香葡萄風味","Root;食材;其它類;水果類;葡萄;點心甜品類;凍類甜品;果凍;蒟蒻"
"242","[OSK]麥茶","Root;食材;全穀雜糧類;其它類;飲品類;麥;茶類"
"243","[PICKWICK]荷蘭品味伯爵茶","Root;食材;其它類;飲品類;茶類"
"244","[PICKWICK]荷蘭品味森林莓果茶","Root;食材;其它類;水果類;莓果;飲品類;茶類"
"245","[PICKWICK]荷蘭品味錫蘭茶","Root;食材;其它類;飲品類;茶類"
"246","[POST]可可風味早餐脆片","Root;食材;其它類;堅果種子類;可可;點心甜品類;零食餅乾"
"247","[POST]杏仁風味早餐脆片","Root;食材;其它類;堅果種子類;杏仁;點心甜品類;零食餅乾"
"248","[POST]草莓風味早餐脆片","Root;食材;其它類;水果類;莓果;點心甜品類;草莓;零食餅乾"
"249","[POST]碎小麥早餐脆片","Root;食材;全穀雜糧類;其它類;麥;點心甜品類;零食餅乾"
"250","[POST]蜂蜜風味早餐脆片","Root;食材;其它類;點心甜品類;蜂蜜;零食餅乾"
"251","[POST]蜂蜜風味花型脆片","Root;食材;其它類;點心甜品類;蜂蜜;零食餅乾"
"252","[POST]蔓越莓杏仁風味早餐脆片","Root;食材;其它類;堅果種子類;水果類;杏仁;莓果;點心甜品類;零食餅乾"
"253","[POST]藍莓風味早餐脆片","Root;食材;其它類;水果類;莓果;點心甜品類;藍莓;零食餅乾"
"254","[Q-LIFE 享活]天然享活有機黑木耳露","Root;食材;蔬菜類;菌菇;木耳"
"255","[Quaker 桂格]全天然高蛋白黑芝麻豆奶無添加糖","Root;食材;堅果種子類;豆類;芝麻;豆漿豆奶"
"256","[Quaker 桂格]每日滿足蛋白穀物棒-藍莓可可","Root;食材;全穀雜糧類;堅果種子類;水果類;可可;莓果;藍莓"
"257","[Quaker 桂格]每日滿足蛋白穀脆-可可鮮莓","Root;食材;全穀雜糧類;堅果種子類;水果類;可可;莓果"
"258","[Quaker 桂格]每日滿足蛋白穀脆-莓果派對","Root;食材;全穀雜糧類;水果類;莓果"
"259","[Quaker 桂格]每日滿足蛋白穀脆-綜合水果","Root;食材;全穀雜糧類;水果類"
"260","[Quaker 桂格]桂格濃湯燕麥-吻仔魚昆布風味","Root;食材;全穀雜糧類;其它類;海鮮類;蔬菜類;複合食品;魚類;麥;湯品;燕麥"
"261","[Quaker 桂格]莓好果漾沖泡榖奶昔","Root;食材;全穀雜糧類;水果類;莓果"
"262","[Quaker 桂格]減糖黑十穀","Root;食材;全穀雜糧類"
"263","[Red Bull 紅牛]巨峰葡萄風味能量飲料","Root;食材;其它類;水果類;葡萄;飲品類"
"264","[Red Bull 紅牛]能量飲料","Root;食材;其它類;飲品類"
"265","[RED COW紅牛]100%全脂奶粉","Root;食材;乳品類;牛奶;奶粉"
"266","[RED COW紅牛]全脂奶粉","Root;食材;乳品類;牛奶;奶粉"
"267","[Red Tractor]黃金高蛋白烤燕麥脆","Root;食材;全穀雜糧類;麥;燕麥"
"268","[Red Tractor]黃金高蛋白蜂蜜烘烤燕麥脆","Root;食材;全穀雜糧類;其它類;麥;點心甜品類;燕麥;蜂蜜"
"269","[Red Tractor]黃金高蛋白蔓越莓烘烤燕麥脆","Root;食材;全穀雜糧類;水果類;莓果;麥;燕麥"
"270","[RICHWELL]大麥麥茶","Root;食材;全穀雜糧類;其它類;飲品類;麥;茶類"
"271","[RICHWELL]宇治森德三角綠茶包","Root;食材;其它類;飲品類;茶類;綠茶抹茶"
"272","[RICHWELL]宇治森德玄米茶包","Root;食材;全穀雜糧類;其它類;米飯類;飲品類;糙米玄米;茶類"
"273","[RICHWELL]宇治森德綠茶茶包","Root;食材;其它類;飲品類;茶類;綠茶抹茶"
"274","[RICHWELL]雀巢Excella瓶裝咖啡-無糖","Root;食材;其它類;飲品類;咖啡"
"275","[ROASTA]冷研拿鐵咖啡","Root;食材;其它類;飲品類;咖啡;拿鐵"
"276","[ROASTA]冷研無糖黑咖啡","Root;食材;其它類;飲品類;咖啡;黑咖啡"
"277","[ROASTA]咖啡拿鐵","Root;食材;其它類;飲品類;咖啡;拿鐵"
"278","[ROASTA]無糖黑咖啡","Root;食材;其它類;飲品類;咖啡;黑咖啡"
"279","[ROASTA洛塔]冷研無糖黑咖啡","Root;食材;其它類;飲品類;咖啡;黑咖啡"
"280","[SAJO]SAJO韓國海苔酥","Root;食材;蔬菜類;海苔"
"281","[SAJO]炒海苔-原味","Root;食材;蔬菜類;海苔"
"282","[SAJO]韓國海苔酥","Root;食材;蔬菜類;海苔"
"283","[SAJO]韓國海苔酥-蝦子&鯷魚口味","Root;食材;海鮮類;蔬菜類;海苔;甲殼類;魚類;蝦"
"284","[Sangaria]黑豆茶","Root;食材;其它類;豆類;飲品類;茶類"
"285","[Starbucks 星巴克]特選系列-太妃核果風味咖啡","Root;食材;其它類;堅果種子類;飲品類;咖啡"
"286","[Starbucks 星巴克]特選系列-太妃核果風味拿鐵","Root;食材;其它類;堅果種子類;飲品類;咖啡;拿鐵"
"287","[Starbucks 星巴克]濾掛咖啡 派克市場烘焙咖啡","Root;食材;其它類;飲品類;咖啡"
"288","[Suntory 三得利]Green dakara 玉米茶","Root;食材;全穀雜糧類;其它類;玉米;飲品類;茶類"
"289","[Suntory 三得利]伊右衛門熱茶系列","Root;食材;其它類;飲品類;茶類"
"290","[SUPER]超級三合一原味奶茶","Root;食材;其它類;飲品類;茶類;奶茶"
"291","[SUPER]超級三合一原味即溶咖啡","Root;食材;其它類;飲品類;咖啡"
"292","[SUPER]超級三合一原味減糖奶茶","Root;食材;其它類;飲品類;茶類;奶茶"
"293","[SUPER]超級三合一特濃即溶咖啡","Root;食材;其它類;飲品類;咖啡"
"294","[SWISS MISS]牛奶可可粉-棉花糖","Root;食材;乳品類;其它類;堅果種子類;可可;牛奶;點心甜品類"
"295","[SWISS MISS]香醇牛奶可可粉","Root;食材;乳品類;堅果種子類;可可;牛奶"
"296","[SWISS MISS]黑摩卡風味可可粉","Root;食材;堅果種子類;可可"
"297","[SWISS MISS]義式榛果風味可可粉","Root;食材;堅果種子類;可可;榛果"
"298","[SWISS MISS]熱可可粉/牛奶巧克力","Root;食材;乳品類;堅果種子類;可可;牛奶"
"299","[SWISS MISS]濃情棉花糖熱可可粉","Root;食材;其它類;堅果種子類;可可;點心甜品類"
"300","[TARAMI]TARAMI果凍杯","Root;食材;其它類;點心甜品類;凍類甜品;果凍"
"301","[TARAMI]吸吸果凍水蜜桃","Root;食材;其它類;水果類;水蜜桃;點心甜品類;凍類甜品;果凍"
"302","[TARAMI]吸吸果凍白葡萄","Root;食材;其它類;水果類;葡萄;點心甜品類;凍類甜品;果凍"
"303","[TARAMI]吸吸果凍葡萄","Root;食材;其它類;水果類;葡萄;點心甜品類;凍類甜品;果凍"
"304","[TARAMI]吸吸果凍蘋果","Root;食材;其它類;水果類;蘋果;點心甜品類;凍類甜品;果凍"
"305","[TARAMI]吸果凍","Root;食材;其它類;點心甜品類;凍類甜品;果凍"
"306","[TARAMI]果凍杯","Root;食材;其它類;點心甜品類;凍類甜品;果凍"
"307","[TGC 台灣咖啡莊園]台灣古坑滴濾式咖啡","Root;食材;其它類;飲品類;咖啡"
"308","[TGC 台灣咖啡莊園]阿里山滴濾式咖啡","Root;食材;其它類;飲品類;咖啡"
"309","[TGC 台灣咖啡莊園]滴濾式咖啡","Root;食材;其它類;飲品類;咖啡"
"310","[Tipo]皇家經典曲奇餅-奶油口味","Root;食材;其它類;奶油;點心甜品類;零食餅乾"
"311","[Tipo]皇家經典曲奇餅-巧克力口味","Root;食材;其它類;堅果種子類;可可;點心甜品類;零食餅乾"
"312","[TSUBOICHI SEICHA]TSUBOICHI 製茶本舖 宇治抹茶粉","Root;食材;其它類;飲品類;茶類;綠茶抹茶"
"313","[TTL 台酒]紅麴黑麥汁","Root;食材;全穀雜糧類;其它類;飲品類;麥;汽水"
"314","[TTL 台酒]原味黑麥汁","Root;食材;全穀雜糧類;其它類;飲品類;麥;汽水"
"315","[Twinings 唐寧茶] 皇家伯爵茶","Root;食材;其它類;飲品類;茶類"
"316","[Twinings 唐寧茶]英倫早餐茶","Root;食材;其它類;飲品類;茶類"
"317","[Twinings 唐寧茶]極品錫蘭茶","Root;食材;其它類;飲品類;茶類"
"318","[Twinings 唐寧茶]綜合野莓茶","Root;食材;其它類;水果類;莓果;飲品類;茶類"
"319","[TWININGS]仕女伯爵茶","Root;食材;其它類;飲品類;茶類"
"320","[TWININGS]四紅果茶","Root;食材;其它類;水果類;飲品類;茶類"
"321","[TWININGS]香甜蜜桃茶","Root;食材;其它類;水果類;水蜜桃;飲品類;茶類"
"322","[TWININGS]唐寧伯爵茶","Root;食材;其它類;飲品類;茶類"
"323","[TWININGS]歐式大吉嶺茶","Root;食材;其它類;飲品類;茶類"
"324","[TWS]元色金冰糖","Root;食材;其它類"
"325","[TWS]台灣味黑糖","Root;食材;其它類;點心甜品類;黑糖"
"326","[TWS]台灣維生手工純黑糖","Root;食材;其它類;點心甜品類;黑糖"
"327","[TWS]台灣維生方糖","Root;食材;其它類"
"328","[TWS]台灣維生古早冰糖","Root;食材;其它類"
"329","[TWS]台灣維生細粒紅冰糖","Root;食材;其它類"
"330","[TWS]紅冰糖","Root;食材;其它類"
"331","[TWS]特製紅糖","Root;食材;其它類"
"332","[TWS]細粒冰糖","Root;食材;其它類"
"333","[T世家]有機綠茶三角立體茶包","Root;食材;其它類;飲品類;茶類;綠茶抹茶"
"334","[T世家]冷泡茶-玄米煎茶","Root;食材;全穀雜糧類;其它類;米飯類;飲品類;糙米玄米;茶類"
"335","[T世家]冷泡茶-茉香綠茶","Root;食材;其它類;飲品類;茶類;綠茶抹茶"
"336","[T世家]冷泡茶-烏龍茶","Root;食材;其它類;飲品類;茶類;烏龍青茶"
"337","[T世家]抹茶粉","Root;食材;其它類;飲品類;茶類;綠茶抹茶"
"338","[T世家]阿里山茶","Root;食材;其它類;飲品類;茶類"
"339","[T世家]阿里山高山茶","Root;食材;其它類;飲品類;茶類"
"340","[T世家]雨林紅茶簡易包","Root;食材;其它類;飲品類;茶類;紅茶"
"341","[T世家]原片茉香綠茶","Root;食材;其它類;飲品類;茶類;綠茶抹茶"
"342","[T世家]桂花釀茶","Root;食材;其它類;飲品類;茶類"
"343","[T世家]極品阿里山茶","Root;食材;其它類;飲品類;茶類"
"344","[T世家]極品凍頂烏龍","Root;食材;其它類;飲品類;茶類;烏龍青茶"
"345","[T世家]碧螺春綠茶","Root;食材;其它類;飲品類;茶類;綠茶抹茶"
"346","[T世家]福爾摩沙紅茶","Root;食材;其它類;飲品類;茶類;紅茶"
"347","[T世家]精選茉香綠茶包","Root;食材;其它類;飲品類;茶類;綠茶抹茶"
"348","[T世家]精選凍頂烏龍茶包","Root;食材;其它類;飲品類;茶類;烏龍青茶"
"349","[T世家]精選錫蘭紅茶包","Root;食材;其它類;飲品類;茶類;紅茶"
"350","[T世家]鮮露金萱烏龍三角立體茶包","Root;食材;其它類;飲品類;茶類;烏龍青茶"
"351","[T世家]鮮露紅茶三角立體茶包","Root;食材;其它類;飲品類;茶類;紅茶"
"352","[UCC]AROMA BREW艾洛瑪水果風味咖啡","Root;食材;其它類;水果類;飲品類;咖啡"
"353","[UCC]AROMA BREW艾洛瑪拿鐵","Root;食材;其它類;飲品類;咖啡;拿鐵"
"354","[UCC]AROMA BREW艾洛瑪黑咖啡","Root;食材;其它類;飲品類;咖啡;黑咖啡"
"355","[UCC]Aroma 拿鐵咖啡","Root;食材;其它類;飲品類;咖啡;拿鐵"
"356","[UCC]Aroma 黑咖啡","Root;食材;其它類;飲品類;咖啡;黑咖啡"
"357","[UCC]BLACK無糖咖啡","Root;食材;其它類;飲品類;咖啡"
"358","[UCC]BLACK無糖黑咖啡飲料","Root;食材;其它類;飲品類;咖啡;黑咖啡"
"359","[UCC]Special 精製即溶咖啡","Root;食材;其它類;飲品類;咖啡"
"360","[UCC]UCC Aroma 拿鐵咖啡","Root;食材;其它類;飲品類;咖啡;拿鐵"
"361","[UCC]UCC Aroma 黑咖啡","Root;食材;其它類;飲品類;咖啡;黑咖啡"
"362","[UCC]艾洛瑪氣泡柚子風味咖啡","Root;食材;其它類;水果類;柑橘;飲品類;咖啡;柚子"
"363","[UCC]艾洛瑪氣泡黑咖啡/無糖","Root;食材;其它類;飲品類;咖啡;黑咖啡"
"364","[UCC]冷泡義式香濃拿鐵","Root;食材;其它類;飲品類;咖啡;拿鐵"
"365","[UCC]冷泡鹽味焦糖風味拿鐵","Root;食材;其它類;調味料;飲品類;咖啡;鹽;拿鐵"
"366","[UCC]即溶咖啡粉","Root;食材;其它類;飲品類;咖啡"
"367","[UCC]典藏風味濾掛式咖啡","Root;食材;其它類;飲品類;咖啡"
"368","[UCC]法式深焙濾掛式咖啡","Root;食材;其它類;飲品類;咖啡"
"369","[UCC]冠軍監修甘醇橙香濾掛式咖啡","Root;食材;其它類;水果類;柑橘;飲品類;咖啡;柳橙"
"370","[UCC]冠軍監修醇香果調濾掛式咖啡","Root;食材;其它類;水果類;飲品類;咖啡"
"371","[UCC]冠軍監修濾掛式咖啡-蜜柑堅果","Root;食材;其它類;堅果種子類;水果類;柑橘;飲品類;咖啡"
"372","[UCC]炭燒即溶咖啡","Root;食材;其它類;飲品類;咖啡"
"373","[UCC]炭燒濾掛式咖啡","Root;食材;其它類;飲品類;咖啡"
"374","[UCC]浸泡式咖啡-甘甜果香","Root;食材;其它類;水果類;飲品類;咖啡"
"375","[UCC]浸泡式咖啡-香醇堅果","Root;食材;其它類;堅果種子類;飲品類;咖啡"
"376","[UCC]無糖黑咖啡","Root;食材;其它類;飲品類;咖啡;黑咖啡"
"377","[UCC]職人冰咖啡","Root;食材;其它類;飲品類;咖啡"
"378","[UCC]職人柔和果香濾掛式咖啡","Root;食材;其它類;水果類;飲品類;咖啡"
"379","[UCC]職人香濃綜合即溶咖啡","Root;食材;其它類;飲品類;咖啡"
"380","[UMM]印加果綠咖啡  防彈咖啡","Root;食材;其它類;堅果種子類;飲品類;咖啡"
"381","[Vinacafe]三合一即溶咖啡","Root;食材;其它類;飲品類;咖啡"
"382","[Viola]德國可可香蕉片脆穀片","Root;食材;全穀雜糧類;堅果種子類;水果類;可可;香蕉"
"383","[Viola]德國草莓脆穀片","Root;食材;全穀雜糧類;水果類;莓果;草莓"
"384","[Viola]德國經典可可脆穀片","Root;食材;全穀雜糧類;堅果種子類;可可"
"385","[Viola]德國經典杏仁脆穀片","Root;食材;全穀雜糧類;堅果種子類;杏仁"
"386","[Weet-Bix]澳洲全榖片Mini-酥脆巧克","Root;食材;全穀雜糧類;堅果種子類;可可"
"387","[YAMAEI]煙燻起司魷魚","Root;食材;乳品類;海鮮類;起司;頭足類;魷魚"
"388","[一來順]金門高粱厚Q干-沙茶口味","Root;食材;其它類;豆類;調味料;豆干;飲品類;沙茶;酒;高粱"
"389","[一來順]金門高粱厚Q干-經典微辣","Root;食材;其它類;蔬菜類;豆類;豆干;辣椒;飲品類;酒;高粱"
"390","[九如商號]芝麻湯圓","Root;食材;全穀雜糧類;堅果種子類;芝麻"
"391","[九如商號]花生湯圓","Root;食材;全穀雜糧類;堅果種子類;花生"
"392","[九如商號]鮮肉湯圓","Root;食材;全穀雜糧類;肉類"
"393","[人和園]人和園雲南菜 七彩米野菌珍珠丸子","Root;食材;全穀雜糧類;肉類;蔬菜類;加工肉品;米飯類;菌菇"
"394","[人和園]人和園雲南菜 五行菇菇湯","Root;食材;其它類;蔬菜類;菌菇;複合食品;湯品"
"395","[人和園]人和園雲南菜 雲滇紅燒肉","Root;食材;肉類"
"396","[人和園]人和園雲南菜 酸菜肉末花枝","Root;食材;海鮮類;肉類;蔬菜類;葉菜類蔬菜;頭足類"
"397","[人和園]人和園雲南菜 雞絲虎掌菌炒飯","Root;食材;全穀雜糧類;肉類;蔬菜類;米飯類;菌菇;雞;炒飯"
"398","[人和園]人和園雲南菜 蘆筍百合","Root;食材;蔬菜類;筍子"
"399","[刁民]預購秘罈酸菜魚套組","Root;食材;海鮮類;蔬菜類;葉菜類蔬菜;魚類"
"400","[十六茶]零咖啡因複方茶","Root;食材;其它類;飲品類;茶類"
"401","[十全]十全綜合果醋","Root;食材;其它類;水果類;調味料;醋"
"402","[十全]十全綜合蒟蒻","Root;食材;其它類;點心甜品類;凍類甜品;蒟蒻"
"403","[十全]純正香油","Root;食材;油類;香油"
"404","[卜祥]老中醫豆干/豆丁","Root;食材;豆類;豆干"
"405","[卜蜂]香檸風味烤雞翅","Root;食材;水果類;肉類;柑橘;雞;檸檬"
"406","[卜蜂]紐奧良辣烤雞翅","Root;食材;肉類;蔬菜類;辣椒;雞"
"407","[卜蜂]蒜香烤雞翅","Root;食材;肉類;蔬菜類;蒜;雞"
"408","[卜蜂]醃漬去骨雞腿排(原味)","Root;食材;肉類;雞"
"409","[卜蜂]醃漬去骨雞腿排(黑胡椒)","Root;食材;其它類;肉類;調味料;雞;胡椒"
"410","[三井]三溫糖","Root;食材;其它類"
"411","[三味屋]韓式岩燒海苔(原味)","Root;食材;蔬菜類;海苔"
"412","[三味屋]韓式岩燒海苔(辣味)","Root;食材;蔬菜類;海苔;辣椒"
"413","[三記]手工魚餃","Root;食材;全穀雜糧類;海鮮類;餃子;魚類"
"414","[三記]手工蝦餃","Root;食材;全穀雜糧類;海鮮類;甲殼類;餃子;蝦"
"415","[三頓飯]經典主廚牛肉麵-三種口味選","Root;食材;全穀雜糧類;肉類;牛;麵"
"416","[上口美食]上口美食極品紅燒魚翅羹","Root;食材;其它類;海鮮類;複合食品;魚類;羹"
"417","[上海鄉村]本幫東坡肉","Root;食材;肉類;豬"
"418","[上海鄉村]本幫鮑魚紅燒肉","Root;食材;海鮮類;肉類;貝類"
"419","[上海鄉村]白燒砂鍋濃魚湯","Root;食材;其它類;海鮮類;複合食品;魚類;湯品"
"420","[上海鄉村]栗子燒雞飯","Root;食材;全穀雜糧類;堅果種子類;肉類;米飯類;雞"
"421","[上海鄉村]滬杭口水雞","Root;食材;肉類;雞"
"422","[上野物產] 北太平洋野生 粉鮭切片","Root;食材;海鮮類;魚類;鮭魚"
"423","[上野物產] 阿拉斯加野生鮭魚","Root;食材;海鮮類;魚類;鮭魚"
"424","[上野物產]A級 金勾魚翅/羽毛魚翅","Root;食材;海鮮類;魚類"
"425","[上野物產]A級 雞肉大熱狗","Root;食材;肉類;加工肉品;雞"
"426","[上野物產]CAS 台灣產 四色豆","Root;食材;其它類"
"427","[上野物產]CAS 台灣產 白花椰菜","Root;食材;蔬菜類"
"428","[上野物產]CAS 台灣產 冷凍三色豆","Root;食材;其它類"
"429","[上野物產]CAS 台灣產 馬鈴薯丁","Root;食材;全穀雜糧類;馬鈴薯"
"430","[上野物產]NG土魠魚","Root;食材;海鮮類;魚類"
"431","[上野物產]NG組合大干貝 非生食","Root;食材;海鮮類;貝類;干貝"
"432","[上野物產]NG碎培根","Root;食材;肉類;加工肉品;培根"
"433","[上野物產]NG鮭魚","Root;食材;海鮮類;魚類;鮭魚"
"434","[上野物產]九份芋圓/地瓜圓","Root;食材;全穀雜糧類;其它類;地瓜;芋頭;點心甜品類"
"435","[上野物產]九層塔蔥抓餅","Root;食材;全穀雜糧類;蔬菜類;蔥;麵餅"
"436","[上野物產]人參土雞湯","Root;食材;其它類;肉類;中藥材;複合食品;雞;湯品"
"437","[上野物產]三角薯餅","Root;食材;全穀雜糧類;馬鈴薯"
"438","[上野物產]三杯杏鮑菇","Root;食材;蔬菜類;菌菇"
"439","[上野物產]上海生煎包","Root;食材;全穀雜糧類;包子饅頭"
"440","[上野物產]千張草蝦捲","Root;食材;海鮮類;甲殼類;蝦"
"441","[上野物產]千層三星蔥拉餅","Root;食材;全穀雜糧類;蔬菜類;蔥;麵餅"
"442","[上野物產]土魠魚切片","Root;食材;海鮮類;魚類"
"443","[上野物產]大蝦仁排","Root;食材;海鮮類;甲殼類;蝦"
"444","[上野物產]大雞腿排","Root;食材;肉類;雞"
"445","[上野物產]小干貝/小帆立貝","Root;食材;海鮮類;貝類;干貝"
"446","[上野物產]小白蝦仁","Root;食材;海鮮類;甲殼類;蝦"
"447","[上野物產]小白鯧","Root;食材;海鮮類;魚類"
"448","[上野物產]小羊腸","Root;食材;肉類;內臟及血製品;羊"
"449","[上野物產]小肉包","Root;食材;全穀雜糧類;包子饅頭"
"450","[上野物產]小肉豆","Root;食材;肉類;加工肉品"
"451","[上野物產]小貝柱","Root;食材;海鮮類;貝類;干貝"
"452","[上野物產]小金鯧","Root;食材;海鮮類;魚類"
"453","[上野物產]小蚵嗲/蚵包","Root;食材;海鮮類;貝類"
"454","[上野物產]小銀絲卷","Root;食材;全穀雜糧類;包子饅頭"
"455","[上野物產]小熱狗","Root;食材;肉類;加工肉品"
"456","[上野物產]小籠湯包","Root;食材;全穀雜糧類;包子饅頭"
"457","[上野物產]干貝蘿蔔糕","Root;食材;海鮮類;蔬菜類;根莖類蔬菜;貝類;干貝;蘿蔔"
"458","[上野物產]丹麥吐司","Root;食材;全穀雜糧類;麵包;丹麥可頌;吐司"
"459","[上野物產]五吋圓形披薩 總匯/海鮮/夏威夷/燻雞","Root;食材;全穀雜糧類;海鮮類;肉類;雞;麵餅"
"460","[上野物產]五彩芋圓","Root;食材;全穀雜糧類;珍珠粉粿;芋頭"
"461","[上野物產]六吋橢圓牽絲披薩 培根/總匯","Root;食材;全穀雜糧類;肉類;加工肉品;麵餅;培根"
"462","[上野物產]巴沙魚片","Root;食材;海鮮類;魚類"
"463","[上野物產]手工泡菜/韭菜/咖哩煎餃","Root;食材;全穀雜糧類;其它類;蔬菜類;葉菜類蔬菜;調味料;餃子;咖哩;泡菜"
"464","[上野物產]手工蔥抓餅","Root;食材;全穀雜糧類;蔬菜類;蔥;麵餅"
"465","[上野物產]日式拉麵","Root;食材;全穀雜糧類;麵"
"466","[上野物產]日式炸豬排/台式炸豬排","Root;食材;肉類;豬"
"467","[上野物產]日式唐揚雞塊","Root;食材;肉類;雞"
"468","[上野物產]日式蒲燒鯛魚腹排","Root;食材;海鮮類;魚類"
"469","[上野物產]月眉魚翅","Root;食材;海鮮類;魚類"
"470","[上野物產]毛豆仁","Root;食材;豆類"
"471","[上野物產]水晶芋頭粿","Root;食材;全穀雜糧類;芋頭"
"472","[上野物產]水蜜桃伯爵 冷泡茶包","Root;食材;其它類;水果類;水蜜桃;飲品類;茶類"
"473","[上野物產]火腿丁","Root;食材;肉類;加工肉品;火腿"
"474","[上野物產]牛肉漢堡排","Root;食材;肉類;加工肉品;牛"
"475","[上野物產]牛肉餡餅","Root;食材;全穀雜糧類;肉類;牛;麵餅"
"476","[上野物產]加拿大進口 冷凍蔓越莓","Root;食材;水果類;莓果"
"477","[上野物產]北太平洋野生 粉鮭切片","Root;食材;海鮮類;魚類;鮭魚"
"478","[上野物產]卡啦大雞排","Root;食材;肉類;雞"
"479","[上野物產]卡啦脆皮豬排","Root;食材;肉類;豬"
"480","[上野物產]古早味貢丸","Root;食材;肉類;加工肉品"
"481","[上野物產]可頌燒餅/芝麻燒餅","Root;食材;全穀雜糧類;堅果種子類;芝麻;麵包;麵餅;丹麥可頌"
"482","[上野物產]台式大雞排 帶骨","Root;食材;肉類;雞"
"483","[上野物產]台南意麵","Root;食材;全穀雜糧類;麵"
"484","[上野物產]台灣產 小黃瓜切片","Root;食材;蔬菜類;瓜果類蔬菜"
"485","[上野物產]台灣產 山東大白菜 切段","Root;食材;蔬菜類;葉菜類蔬菜;白菜"
"486","[上野物產]台灣產 山苦瓜切片","Root;食材;蔬菜類;瓜果類蔬菜"
"487","[上野物產]台灣產 木耳絲","Root;食材;蔬菜類;菌菇;木耳"
"488","[上野物產]台灣產 水鯊魚切丁","Root;食材;海鮮類;魚類"
"489","[上野物產]台灣產 牛番茄切塊","Root;食材;水果類;番茄"
"490","[上野物產]台灣產 台農57號 冰烤可即食番薯","Root;食材;全穀雜糧類;地瓜"
"491","[上野物產]台灣產 玉米粒","Root;食材;全穀雜糧類;玉米"
"492","[上野物產]台灣產 白蘿蔔 切塊","Root;食材;蔬菜類;根莖類蔬菜;蘿蔔"
"493","[上野物產]台灣產 地瓜葉切段","Root;食材;蔬菜類;葉菜類蔬菜"
"494","[上野物產]台灣產 竹筍切塊","Root;食材;蔬菜類;筍子"
"495","[上野物產]台灣產 竹筴魚切片切塊","Root;食材;海鮮類;魚類"
"496","[上野物產]台灣產 冷凍 綠白花椰菜","Root;食材;蔬菜類"
"497","[上野物產]台灣產 冷凍小白菜 切段","Root;食材;蔬菜類;葉菜類蔬菜;白菜"
"498","[上野物產]台灣產 冷凍毛豆莢","Root;食材;豆類"
"499","[上野物產]台灣產 冷凍冬瓜塊","Root;食材;蔬菜類;瓜果類蔬菜;冬瓜"
"500","[上野物產]台灣產 冷凍青江菜 切段","Root;食材;蔬菜類;葉菜類蔬菜"
"501","[上野物產]台灣產 冷凍桑葚","Root;食材;水果類;其他水果"
"502","[上野物產]台灣產 冷凍帶皮南瓜","Root;食材;蔬菜類;瓜果類蔬菜"
"503","[上野物產]台灣產 宜蘭薄鹽鯖魚片","Root;食材;其它類;海鮮類;調味料;魚類;鹽"
"504","[上野物產]台灣產 宜蘭薄鹽鯖魚片","Root;食材;其它類;海鮮類;調味料;魚類;鹽"
"505","[上野物產]台灣產 油菜 切段","Root;食材;蔬菜類;葉菜類蔬菜"
"506","[上野物產]台灣產 空心菜切段","Root;食材;蔬菜類;葉菜類蔬菜"
"507","[上野物產]台灣產 芥藍菜 切段","Root;食材;蔬菜類;葉菜類蔬菜"
"508","[上野物產]台灣產 青椒絲","Root;食材;蔬菜類;辣椒"
"509","[上野物產]台灣產 娃娃菜 切段","Root;食材;蔬菜類;葉菜類蔬菜"
"510","[上野物產]台灣產 客家在地紅糟肉","Root;食材;肉類"
"511","[上野物產]台灣產 紅蘿蔔切片","Root;食材;蔬菜類;根莖類蔬菜;蘿蔔"
"512","[上野物產]台灣產 紅蘿蔔絲","Root;食材;蔬菜類;根莖類蔬菜;蘿蔔"
"513","[上野物產]台灣產 紅蘿蔔塊","Root;食材;蔬菜類;根莖類蔬菜;蘿蔔"
"514","[上野物產]台灣產 高麗菜 切片","Root;食材;蔬菜類;葉菜類蔬菜;高麗菜"
"515","[上野物產]台灣產 基隆咪咪卷/一口小卷","Root;食材;海鮮類;頭足類"
"516","[上野物產]台灣產 彩椒絲","Root;食材;蔬菜類;辣椒"
"517","[上野物產]台灣產 筍絲","Root;食材;蔬菜類;筍子"
"518","[上野物產]台灣產 紫高麗菜絲","Root;食材;蔬菜類;葉菜類蔬菜;高麗菜"
"519","[上野物產]台灣產 絲瓜切片","Root;食材;蔬菜類;瓜果類蔬菜"
"520","[上野物產]台灣產 綠花椰菜","Root;食材;蔬菜類"
"521","[上野物產]台灣產 蔥花","Root;食材;蔬菜類;蔥"
"522","[上野物產]台灣產 櫛瓜片","Root;食材;蔬菜類;瓜果類蔬菜"
"523","[上野物產]台灣產 薑絲","Root;食材;蔬菜類;薑"
"524","[上野物產]台灣雲林 蒜頭丁","Root;食材;蔬菜類;蒜"
"525","[上野物產]台灣鯛魚/吳郭魚","Root;食材;海鮮類;魚類"
"526","[上野物產]四角薯餅","Root;食材;全穀雜糧類;馬鈴薯"
"527","[上野物產]四季豆","Root;食材;蔬菜類"
"528","[上野物產]玉米布丁酥","Root;食材;全穀雜糧類;其它類;玉米;點心甜品類;凍類甜品;布丁"
"529","[上野物產]玉米濃湯","Root;食材;全穀雜糧類;其它類;玉米;複合食品;湯品"
"530","[上野物產]生凍柳葉魚","Root;食材;海鮮類;魚類"
"531","[上野物產]白桃烏龍 冷泡茶包","Root;食材;其它類;水果類;水蜜桃;飲品類;茶類;烏龍青茶"
"532","[上野物產]白帶魚片","Root;食材;海鮮類;魚類"
"533","[上野物產]白帶魚塊","Root;食材;海鮮類;魚類"
"534","[上野物產]皮帶麵","Root;食材;全穀雜糧類;麵"
"535","[上野物產]冰烤可即食 栗香地瓜","Root;食材;全穀雜糧類;地瓜"
"536","[上野物產]冰梅燒鴨","Root;食材;肉類;鴨"
"537","[上野物產]冰滷鴨翅","Root;食材;肉類;鴨"
"538","[上野物產]地瓜麻糬薯條","Root;食材;全穀雜糧類;其它類;地瓜;點心甜品類"
"539","[上野物產]地瓜薯條","Root;食材;全穀雜糧類;地瓜"
"540","[上野物產]朱槿荔枝紅茶 冷泡茶包","Root;食材;其它類;水果類;荔枝;飲品類;茶類;紅茶"
"541","[上野物產]竹炭堡/竹炭麵包","Root;食材;全穀雜糧類;麵包;堡"
"542","[上野物產]竹筒米糕","Root;食材;全穀雜糧類;米飯類"
"543","[上野物產]米血麻油雞","Root;食材;全穀雜糧類;油類;肉類;內臟及血製品;米飯類;雞;麻油"
"544","[上野物產]冷凍 黑醋栗","Root;食材;水果類;莓果"
"545","[上野物產]冷凍刀削麵","Root;食材;全穀雜糧類;麵"
"546","[上野物產]冷凍去殼海瓜子清肉","Root;食材;海鮮類;貝類"
"547","[上野物產]冷凍芋頭角 芋角","Root;食材;全穀雜糧類;芋頭"
"548","[上野物產]冷凍蔬菜 青豆仁","Root;食材;豆類"
"549","[上野物產]孜然羊肋排","Root;食材;肉類;羊"
"550","[上野物產]杏仁蝦酥","Root;食材;堅果種子類;海鮮類;杏仁;甲殼類;蝦"
"551","[上野物產]沙茶牛肉/沙茶羊肉/沙茶松阪豬","Root;食材;其它類;肉類;牛;羊;調味料;豬;沙茶"
"552","[上野物產]芋泥紫米糕","Root;食材;全穀雜糧類;米飯類;芋頭"
"553","[上野物產]芋頭餅","Root;食材;全穀雜糧類;芋頭"
"554","[上野物產]芒果青 情人果","Root;食材;水果類;芒果"
"555","[上野物產]芒果綠茶 冷泡茶包","Root;食材;其它類;水果類;芒果;飲品類;茶類;綠茶抹茶"
"556","[上野物產]赤宗","Root;食材;海鮮類;魚類"
"557","[上野物產]油雞肉絲","Root;食材;肉類;雞"
"558","[上野物產]波浪馬鈴薯條","Root;食材;全穀雜糧類;馬鈴薯"
"559","[上野物產]炒飯","Root;食材;全穀雜糧類;米飯類;炒飯"
"560","[上野物產]炒麵","Root;食材;全穀雜糧類;麵"
"561","[上野物產]花枝丸","Root;食材;海鮮類;頭足類"
"562","[上野物產]花枝蝦捲","Root;食材;海鮮類;甲殼類;頭足類;蝦"
"563","[上野物產]虱目魚丸","Root;食材;海鮮類;魚類;虱目魚"
"564","[上野物產]虱目魚排","Root;食材;海鮮類;魚類;虱目魚"
"565","[上野物產]金線魚","Root;食材;海鮮類;魚類"
"566","[上野物產]金橙柚茉綠茶 冷泡茶包","Root;食材;其它類;水果類;柑橘;飲品類;柚子;柳橙;茶類;綠茶抹茶"
"567","[上野物產]阿拉斯加 鮭魚丁","Root;食材;海鮮類;魚類;鮭魚"
"568","[上野物產]阿拉斯加紅鮭下巴","Root;食材;海鮮類;魚類;鮭魚"
"569","[上野物產]阿拉斯加野生鮭魚","Root;食材;海鮮類;魚類;鮭魚"
"570","[上野物產]南太平洋野生 紅斑魚片","Root;食材;海鮮類;魚類"
"571","[上野物產]南太平洋野生 紅斑魚腹肉丁","Root;食材;海鮮類;魚類"
"572","[上野物產]南部花生肉粽","Root;食材;全穀雜糧類;堅果種子類;肉類;米飯類;花生"
"573","[上野物產]厚切日式大豬排","Root;食材;肉類;豬"
"574","[上野物產]厚切香酥炸排骨","Root;食材;肉類;豬;排骨"
"575","[上野物產]扁魚","Root;食材;海鮮類;魚類"
"576","[上野物產]扁鱈","Root;食材;海鮮類;魚類"
"577","[上野物產]春捲","Root;食材;其它類"
"578","[上野物產]柳橙綠茶 冷泡茶包","Root;食材;其它類;水果類;柑橘;飲品類;柳橙;茶類;綠茶抹茶"
"579","[上野物產]炸小卷","Root;食材;海鮮類;頭足類"
"580","[上野物產]炸鬼頭刀魚塊","Root;食材;海鮮類;魚類"
"581","[上野物產]炸蝦球","Root;食材;海鮮類;甲殼類;蝦"
"582","[上野物產]炸鮪魚塊","Root;食材;海鮮類;魚類;鮪魚"
"583","[上野物產]秋刀魚切段","Root;食材;海鮮類;魚類"
"584","[上野物產]紅心芭樂奶香金萱 冷泡茶包","Root;食材;其它類;水果類;芭樂;飲品類;茶類"
"585","[上野物產]紅白小湯圓","Root;食材;全穀雜糧類"
"586","[上野物產]紅白綠 綜合花椰菜/凱薩蔬菜","Root;食材;蔬菜類"
"587","[上野物產]紅目鰱","Root;食材;海鮮類;魚類"
"588","[上野物產]紅豆芝麻球","Root;食材;全穀雜糧類;堅果種子類;紅豆綠豆;芝麻"
"589","[上野物產]紅燒豬腳圈","Root;食材;肉類;豬"
"590","[上野物產]紅龍牛肉湯","Root;食材;其它類;肉類;牛;複合食品;湯品"
"591","[上野物產]美國 鮭魚小切片 馬蹄形","Root;食材;海鮮類;魚類;鮭魚"
"592","[上野物產]美國進口 冷凍藍莓","Root;食材;水果類;莓果;藍莓"
"593","[上野物產]英式炸魚條","Root;食材;海鮮類;魚類"
"594","[上野物產]韭菜盒子","Root;食材;蔬菜類;葉菜類蔬菜"
"595","[上野物產]香芋包/芋頭包","Root;食材;全穀雜糧類;包子饅頭;芋頭"
"596","[上野物產]香菇土雞湯","Root;食材;其它類;肉類;蔬菜類;菌菇;複合食品;雞;湯品"
"597","[上野物產]香菇筍絲肉羹","Root;食材;其它類;肉類;蔬菜類;筍子;菌菇;複合食品;羹"
"598","[上野物產]香菜水餃","Root;食材;全穀雜糧類;蔬菜類;葉菜類蔬菜;餃子"
"599","[上野物產]香酥柳葉魚","Root;食材;海鮮類;魚類"
"600","[上野物產]香酥雞腿肉塊","Root;食材;肉類;雞"
"601","[上野物產]香腸切片","Root;食材;肉類;加工肉品"
"602","[上野物產]剝皮辣椒雞湯","Root;食材;其它類;肉類;蔬菜類;複合食品;辣椒;雞;湯品"
"603","[上野物產]原汁鮮切紅燒牛肉湯","Root;食材;其它類;肉類;牛;複合食品;湯品"
"604","[上野物產]原味 帶皮薯條/楔型薯條","Root;食材;全穀雜糧類;馬鈴薯"
"605","[上野物產]原味/辣味 無骨鳳爪","Root;食材;肉類;雞"
"606","[上野物產]原味/韓式 菲力雞排 雞胸肉製成","Root;食材;肉類;雞"
"607","[上野物產]原味香腸","Root;食材;肉類;加工肉品"
"608","[上野物產]原味無骨鹽酥雞 雞胸肉 原肉製作","Root;食材;其它類;肉類;調味料;雞;鹽"
"609","[上野物產]唐寧伯爵茶 冷泡茶包","Root;食材;其它類;飲品類;茶類"
"610","[上野物產]家鄉味手工水餃 玉米/韭菜/高麗菜","Root;食材;全穀雜糧類;蔬菜類;玉米;葉菜類蔬菜;餃子;高麗菜"
"611","[上野物產]桂花烏龍 冷泡茶包","Root;食材;其它類;飲品類;茶類;烏龍青茶"
"612","[上野物產]桂花雪梨烏龍 冷泡茶包","Root;食材;其它類;飲品類;茶類;烏龍青茶"
"613","[上野物產]桂花蜜汁肋排切塊","Root;食材;其它類;肉類;豬;點心甜品類;蜂蜜"
"614","[上野物產]桂蜜蘋果紅茶 冷泡茶包","Root;食材;其它類;水果類;蘋果;飲品類;點心甜品類;茶類;蜂蜜;紅茶"
"615","[上野物產]泰式月亮蝦餅","Root;食材;全穀雜糧類;海鮮類;甲殼類;麵餅;蝦"
"616","[上野物產]海鮮卷","Root;食材;海鮮類"
"617","[上野物產]烏龍麵","Root;食材;全穀雜糧類;麵"
"618","[上野物產]特大蚵仔","Root;食材;海鮮類;貝類"
"619","[上野物產]特選巴沙魚排","Root;食材;海鮮類;魚類"
"620","[上野物產]粄條","Root;食材;全穀雜糧類;麵"
"621","[上野物產]紐西蘭 洋蔥丁","Root;食材;蔬菜類;根莖類蔬菜"
"622","[上野物產]紐西蘭 洋蔥絲","Root;食材;蔬菜類;根莖類蔬菜"
"623","[上野物產]紐西蘭 紫洋蔥絲","Root;食材;蔬菜類;根莖類蔬菜"
"624","[上野物產]素食水餃","Root;食材;全穀雜糧類;餃子"
"625","[上野物產]素食湯包","Root;食材;全穀雜糧類;包子饅頭"
"626","[上野物產]素食菜脯蘿蔔糕","Root;食材;蔬菜類;根莖類蔬菜;蘿蔔"
"627","[上野物產]素食熟鍋貼","Root;食材;全穀雜糧類;餃子"
"628","[上野物產]脆皮雞肉捲","Root;食材;肉類;雞"
"629","[上野物產]脆薯/粗薯","Root;食材;全穀雜糧類;馬鈴薯"
"630","[上野物產]草莓紅茶 冷泡茶包","Root;食材;其它類;水果類;莓果;飲品類;茶類;草莓;紅茶"
"631","[上野物產]草蝦仁 無泡發不包冰","Root;食材;海鮮類;甲殼類;蝦"
"632","[上野物產]荔枝烏龍 冷泡茶包","Root;食材;其它類;水果類;荔枝;飲品類;茶類;烏龍青茶"
"633","[上野物產]起司","Root;食材;乳品類;起司"
"634","[上野物產]起司堡/起司麵包","Root;食材;乳品類;全穀雜糧類;起司;麵包;堡"
"635","[上野物產]高麗菜/韭菜 開口鍋貼","Root;食材;全穀雜糧類;蔬菜類;葉菜類蔬菜;餃子;高麗菜"
"636","[上野物產]高麗菜水餃/韭菜水餃","Root;食材;全穀雜糧類;蔬菜類;葉菜類蔬菜;餃子;高麗菜"
"637","[上野物產]高麗菜豬肉大鍋貼/韭菜豬肉大鍋貼","Root;食材;全穀雜糧類;肉類;蔬菜類;葉菜類蔬菜;豬;餃子;高麗菜"
"638","[上野物產]帶皮鯛魚片","Root;食材;海鮮類;魚類"
"639","[上野物產]帶殼海瓜子","Root;食材;海鮮類;貝類"
"640","[上野物產]梅干扣肉","Root;食材;肉類;蔬菜類;葉菜類蔬菜;豬"
"641","[上野物產]涼拌木耳","Root;食材;蔬菜類;菌菇;木耳"
"642","[上野物產]涼拌牛蒡絲/蒜香小方干/涼拌干絲","Root;食材;蔬菜類;豆類;根莖類蔬菜;蒜;豆腐"
"643","[上野物產]涼拌脆腸","Root;食材;肉類;內臟及血製品"
"644","[上野物產]涼麵","Root;食材;全穀雜糧類;麵"
"645","[上野物產]淄博豬肋排","Root;食材;肉類;豬"
"646","[上野物產]淄博燒烤牛小排","Root;食材;肉類;牛"
"647","[上野物產]清蒸肉圓","Root;食材;全穀雜糧類;肉類;豬"
"648","[上野物產]清燉牛肉湯/清燉羊肉湯","Root;食材;其它類;肉類;牛;羊;複合食品;湯品"
"649","[上野物產]甜不辣條","Root;食材;海鮮類;魚類"
"650","[上野物產]細薯","Root;食材;全穀雜糧類;馬鈴薯"
"651","[上野物產]荷蘭進口 酥脆金黃洋蔥圈","Root;食材;蔬菜類;根莖類蔬菜"
"652","[上野物產]莫札瑞拉起士條","Root;食材;乳品類;起司"
"653","[上野物產]蛋黃芋頭丸","Root;食材;全穀雜糧類;蛋類;芋頭"
"654","[上野物產]野生白口魚","Root;食材;海鮮類;魚類"
"655","[上野物產]野生肉鯽魚","Root;食材;海鮮類;魚類"
"656","[上野物產]魚翅金湯","Root;食材;其它類;海鮮類;複合食品;魚類;湯品"
"657","[上野物產]麻油猴頭菇","Root;食材;油類;蔬菜類;菌菇;麻油"
"658","[上野物產]麻辣牛雜","Root;食材;其它類;肉類;內臟及血製品;牛;調味料;麻辣"
"659","[上野物產]椒鹽小酥肉","Root;食材;其它類;肉類;調味料;胡椒;鹽"
"660","[上野物產]椒鹽排骨酥","Root;食材;其它類;肉類;調味料;豬;排骨;胡椒;鹽"
"661","[上野物產]港式叉燒包","Root;食材;全穀雜糧類;肉類;包子饅頭;豬"
"662","[上野物產]港式奶黃包","Root;食材;全穀雜糧類;其它類;蛋類;包子饅頭;奶油"
"663","[上野物產]港式芋頭糕","Root;食材;全穀雜糧類;芋頭"
"664","[上野物產]港式蘿蔔糕","Root;食材;蔬菜類;根莖類蔬菜;蘿蔔"
"665","[上野物產]無化學或物理發泡 天然白蝦仁","Root;食材;海鮮類;甲殼類;蝦"
"666","[上野物產]無刺炸魚排","Root;食材;海鮮類;魚類"
"667","[上野物產]無骨排骨酥/蒜味排骨酥","Root;食材;肉類;蔬菜類;蒜;豬;排骨"
"668","[上野物產]無骨醃製里肌豬排","Root;食材;肉類;豬"
"669","[上野物產]番茄洋蔥湯","Root;食材;其它類;水果類;蔬菜類;根莖類蔬菜;番茄;複合食品;湯品"
"670","[上野物產]筒仔米糕","Root;食材;全穀雜糧類;米飯類"
"671","[上野物產]紫米珍珠丸/白米珍珠丸","Root;食材;全穀雜糧類;肉類;加工肉品;米飯類"
"672","[上野物產]菠菜翡翠","Root;食材;蔬菜類;葉菜類蔬菜"
"673","[上野物產]進口 冷凍草莓","Root;食材;水果類;莓果;草莓"
"674","[上野物產]酥脆鮮枝風味排","Root;食材;海鮮類;頭足類"
"675","[上野物產]酥脆雞排","Root;食材;肉類;雞"
"676","[上野物產]酥脆雞軟骨","Root;食材;肉類;雞"
"677","[上野物產]陽春麵","Root;食材;全穀雜糧類;麵"
"678","[上野物產]黃金干貝風味酥","Root;食材;海鮮類;貝類;干貝"
"679","[上野物產]黃金麻油雞湯","Root;食材;其它類;油類;肉類;複合食品;雞;麻油;湯品"
"680","[上野物產]黃金蝦仁排","Root;食材;海鮮類;甲殼類;蝦"
"681","[上野物產]黑金流沙包","Root;食材;全穀雜糧類;包子饅頭"
"682","[上野物產]黑輪片","Root;食材;海鮮類;魚類"
"683","[上野物產]黑鯧","Root;食材;海鮮類;魚類"
"684","[上野物產]傳統炒米粉","Root;食材;全穀雜糧類;麵"
"685","[上野物產]溫州鮮肉餛飩","Root;食材;全穀雜糧類;肉類;餃子"
"686","[上野物產]煙燻豬頭皮","Root;食材;肉類;豬"
"687","[上野物產]照燒漢堡排","Root;食材;肉類;加工肉品"
"688","[上野物產]瑞典風味牛肉丸","Root;食材;肉類;牛"
"689","[上野物產]碗粿","Root;食材;其它類"
"690","[上野物產]經典烤麩 全素","Root;食材;全穀雜糧類"
"691","[上野物產]葡萄柚青茶 冷泡茶包","Root;食材;其它類;水果類;柑橘;飲品類;柚子;茶類;烏龍青茶"
"692","[上野物產]葡萄烏龍 冷泡茶包","Root;食材;其它類;水果類;葡萄;飲品類;茶類;烏龍青茶"
"693","[上野物產]嘉義東石手工蚵捲","Root;食材;海鮮類;貝類"
"694","[上野物產]榴槤起司燒","Root;食材;乳品類;水果類;其他水果;起司"
"695","[上野物產]滷牛三寶","Root;食材;肉類;內臟及血製品;牛"
"696","[上野物產]滷牛筋","Root;食材;肉類;牛"
"697","[上野物產]滷牛筋,滷牛腱,滷大腸,滷牛肚","Root;食材;肉類;內臟及血製品;牛"
"698","[上野物產]綠花椰菜","Root;食材;蔬菜類"
"699","[上野物產]翡翠燒賣/金黃燒賣","Root;食材;全穀雜糧類;餃子"
"700","[上野物產]蒜香炸排骨","Root;食材;肉類;蔬菜類;蒜;豬;排骨"
"701","[上野物產]蒜頭土雞湯","Root;食材;其它類;肉類;蔬菜類;蒜;複合食品;雞;湯品"
"702","[上野物產]蒲燒鰻魚碎肉","Root;食材;海鮮類;魚類"
"703","[上野物產]蜜香桂花紅茶 冷泡茶包","Root;食材;其它類;飲品類;茶類;紅茶"
"704","[上野物產]蜜桃烏龍 冷泡茶包","Root;食材;其它類;水果類;水蜜桃;飲品類;茶類;烏龍青茶"
"705","[上野物產]豪華莓果","Root;食材;水果類;莓果"
"706","[上野物產]酸菜魚","Root;食材;海鮮類;蔬菜類;葉菜類蔬菜;魚類"
"707","[上野物產]酸辣湯","Root;食材;其它類;蔬菜類;複合食品;辣椒;湯品"
"708","[上野物產]鳳梨青茶 冷泡茶包","Root;食材;其它類;水果類;飲品類;鳳梨;茶類;烏龍青茶"
"709","[上野物產]鳳梨苦瓜雞湯","Root;食材;其它類;水果類;肉類;蔬菜類;瓜果類蔬菜;複合食品;雞;鳳梨;湯品"
"710","[上野物產]德式香腸","Root;食材;肉類;加工肉品"
"711","[上野物產]歐式莓果","Root;食材;水果類;莓果"
"712","[上野物產]熟凍菠菜 切段","Root;食材;蔬菜類;葉菜類蔬菜"
"713","[上野物產]熟凍義大利麵","Root;食材;全穀雜糧類;麵;義大利麵"
"714","[上野物產]蔥肉餡餅/韭菜餡餅","Root;食材;全穀雜糧類;肉類;蔬菜類;葉菜類蔬菜;蔥;麵餅"
"715","[上野物產]蔥花蛋餅皮/芝麻蛋餅皮/素食全麥蛋餅皮","Root;食材;全穀雜糧類;堅果種子類;蔬菜類;芝麻;蔥;麥;麵餅"
"716","[上野物產]蝦仁蒸餃","Root;食材;全穀雜糧類;海鮮類;甲殼類;餃子;蝦"
"717","[上野物產]蝦仁燒賣","Root;食材;全穀雜糧類;海鮮類;甲殼類;餃子;蝦"
"718","[上野物產]豬肉漢堡排","Root;食材;肉類;加工肉品;豬"
"719","[上野物產]豬肚胡椒雞湯","Root;食材;其它類;肉類;內臟及血製品;複合食品;調味料;豬;雞;湯品;胡椒"
"720","[上野物產]醃製帶骨雞腿排","Root;食材;肉類;雞"
"721","[上野物產]髮菜肉絲羹","Root;食材;其它類;肉類;蔬菜類;複合食品;羹"
"722","[上野物產]魷魚圈","Root;食材;海鮮類;頭足類;魷魚"
"723","[上野物產]橙花紅茶 冷泡茶包","Root;食材;其它類;水果類;柑橘;飲品類;柳橙;茶類;紅茶"
"724","[上野物產]龍蝦","Root;食材;海鮮類;甲殼類;蝦"
"725","[上野物產]薄脆蝦仁排","Root;食材;海鮮類;甲殼類;蝦"
"726","[上野物產]韓式魚板","Root;食材;海鮮類;魚類"
"727","[上野物產]鮟鱇魚片","Root;食材;海鮮類;魚類"
"728","[上野物產]鮭魚腹鰭肉","Root;食材;海鮮類;魚類;鮭魚"
"729","[上野物產]鮮肉包/竹筍包","Root;食材;全穀雜糧類;肉類;蔬菜類;包子饅頭;筍子"
"730","[上野物產]鮮美小干貝","Root;食材;海鮮類;貝類;干貝"
"731","[上野物產]鮮凍生白蝦","Root;食材;海鮮類;甲殼類;蝦"
"732","[上野物產]鮮脆刻花魷魚","Root;食材;海鮮類;頭足類;魷魚"
"733","[上野物產]鮮蝦河粉/叉燒風味河粉","Root;食材;全穀雜糧類;海鮮類;肉類;甲殼類;豬;麵;蝦"
"734","[上野物產]檸檬綠茶 冷泡茶包","Root;食材;其它類;水果類;柑橘;飲品類;檸檬;茶類;綠茶抹茶"
"735","[上野物產]醬燒里肌豬排","Root;食材;肉類;豬"
"736","[上野物產]雞汁湯包","Root;食材;全穀雜糧類;肉類;包子饅頭;雞"
"737","[上野物產]雞腿排 無骨","Root;食材;肉類;雞"
"738","[上野物產]鮸魚排","Root;食材;海鮮類;魚類"
"739","[上野物產]臘味蘿蔔糕","Root;食材;蔬菜類;根莖類蔬菜;蘿蔔"
"740","[上野物產]藥膳花生豬腳湯","Root;食材;其它類;堅果種子類;肉類;中藥材;花生;複合食品;豬;湯品"
"741","[上野物產]嚴選新鮮凍沙蟹鉗","Root;食材;海鮮類;甲殼類;蟹"
"742","[上野物產]糯米珍珠丸","Root;食材;全穀雜糧類;肉類;加工肉品;米飯類"
"743","[上野物產]蘋果千層派/香芋千層派","Root;食材;全穀雜糧類;水果類;芋頭;蘋果"
"744","[上野物產]蘋橙伯爵紅茶 冷泡茶包","Root;食材;其它類;水果類;柑橘;蘋果;飲品類;柳橙;茶類;紅茶"
"745","[上野物產]鹹豬肉","Root;食材;肉類;豬"
"746","[上野物產]麵疙瘩","Root;食材;全穀雜糧類;麵"
"747","[上野物產]麵線糊","Root;食材;全穀雜糧類;麵"
"748","[上野物產]鐵板麵","Root;食材;全穀雜糧類;麵"
"749","[上野物產]鐵路大排,帶骨豬肉大排","Root;食材;肉類;豬"
"750","[上野物產]鱈魚丸","Root;食材;海鮮類;魚類;鱈魚"
"751","[上野物產]鑫鑫腸","Root;食材;肉類;加工肉品"
"752","[上野物產]鹽可頌","Root;食材;全穀雜糧類;其它類;調味料;麵包;丹麥可頌;鹽"
"753","[上善豆家]糖醋雞丁","Root;食材;其它類;肉類;調味料;雞;醋"
"754","[久久津乳酪本舖]方度乳酪蛋糕","Root;食材;乳品類;其它類;起司;點心甜品類;蛋糕"
"755","[久久津乳酪本舖]北海道布蕾蛋糕","Root;食材;其它類;點心甜品類;蛋糕"
"756","[久久津乳酪本舖]北海道爆漿乳酪塔","Root;食材;乳品類;其它類;起司;點心甜品類"
"757","[久久津乳酪本舖]玫瑰檸檬乳酪塔","Root;食材;乳品類;其它類;水果類;柑橘;起司;點心甜品類;檸檬"
"758","[久久津乳酪本舖]雪藏莓果乳酪蛋糕","Root;食材;乳品類;其它類;水果類;莓果;起司;點心甜品類;蛋糕"
"759","[久久津乳酪本舖]雪鶴蛋糕","Root;食材;其它類;點心甜品類;蛋糕"
"760","[久久津乳酪本舖]開運布丁燒禮盒","Root;食材;其它類;點心甜品類;凍類甜品;布丁"
"761","[久久津乳酪本舖]蜜桃夾心方度乳酪","Root;食材;乳品類;水果類;水蜜桃;起司"
"762","[久久津乳酪本舖]檸檬舒芙蕾蛋糕","Root;食材;其它類;水果類;柑橘;點心甜品類;檸檬;蛋糕"
"763","[久久津乳酪本舖]鯉魚造型綠豆冰糕","Root;食材;全穀雜糧類;其它類;紅豆綠豆;點心甜品類;冰品"
"764","[大田海洋]香之魚","Root;食材;海鮮類;魚類"
"765","[大田海洋]蜜沙茶魚片","Root;食材;其它類;海鮮類;調味料;魚類;點心甜品類;沙茶;蜂蜜"
"766","[大田海洋]鮭魚風味切片","Root;食材;海鮮類;魚類;鮭魚"
"767","[大田海洋]鱈魚杏仁脆片","Root;食材;堅果種子類;海鮮類;杏仁;魚類;鱈魚"
"768","[大田海洋]鱈魚香絲","Root;食材;海鮮類;魚類;鱈魚"
"769","[大尖山]雲林華山古坑二合一咖啡","Root;食材;其它類;飲品類;咖啡"
"770","[大拇指]五香牛肉乾","Root;食材;肉類;加工肉品;牛;肉乾"
"771","[大拇指]天然水","Root;食材;其它類;飲品類;飲用水"
"772","[大拇指]皮蛋","Root;食材;蛋類"
"773","[大拇指]全脂牛乳","Root;食材;乳品類;牛奶"
"774","[大拇指]竹炭水","Root;食材;其它類;飲品類;飲用水"
"775","[大拇指]初榨冷壓橄欖油","Root;食材;油類;橄欖油"
"776","[大拇指]芥花油","Root;食材;油類"
"777","[大拇指]純水","Root;食材;其它類;飲品類;飲用水"
"778","[大拇指]純橄欖油","Root;食材;油類;橄欖油"
"779","[大拇指]梅子醋","Root;食材;其它類;水果類;梅子;調味料;醋"
"780","[大拇指]細砂糖","Root;食材;其它類"
"781","[大拇指]麻辣牛肉乾","Root;食材;其它類;肉類;加工肉品;牛;調味料;肉乾;麻辣"
"782","[大拇指]結晶冰糖","Root;食材;其它類"
"783","[大拇指]黑胡椒豬肉乾","Root;食材;其它類;肉類;加工肉品;調味料;豬;肉乾;胡椒"
"784","[大拇指]黑糖","Root;食材;其它類;點心甜品類;黑糖"
"785","[大拇指]葵花油","Root;食材;油類;葵花油"
"786","[大拇指]蜜汁豬肉乾","Root;食材;其它類;肉類;加工肉品;豬;點心甜品類;肉乾;蜂蜜"
"787","[大拇指]寬鱈魚風味香絲","Root;食材;海鮮類;魚類;鱈魚"
"788","[大拇指]熟鹹蛋","Root;食材;蛋類"
"789","[大拇指]澳洲細燕麥片","Root;食材;全穀雜糧類;麥;燕麥"
"790","[大拇指]激氣泡水Power","Root;食材;其它類;飲品類;汽水"
"791","[大拇指]糯米粉","Root;食材;全穀雜糧類"
"792","[大拇指]蘋果醋","Root;食材;其它類;水果類;蘋果;調味料;醋"
"793","[大拇指]鱈魚風味香絲","Root;食材;海鮮類;魚類;鱈魚"
"794","[大拇指]鹼性離子水","Root;食材;其它類;飲品類;飲用水"
"795","[大拙匠人]鵝油先生金蔥鵝油","Root;食材;油類;蔬菜類;蔥"
"796","[大溪豆干]川味麻辣-全素","Root;食材;其它類;豆類;調味料;豆干;麻辣"
"797","[大溪豆干]素沙茶-全素","Root;食材;其它類;豆類;調味料;豆干;沙茶"
"798","[大溪豆干]黑胡椒-全素","Root;食材;其它類;豆類;調味料;豆干;胡椒"
"799","[小人物]濃厚版燕麥奶","Root;食材;全穀雜糧類;麥;燕麥"
"800","[小川漁屋]大比目魚厚切","Root;食材;海鮮類;魚類"
"801","[小川漁屋]台灣純海水低密度養殖鱸魚清肉排","Root;食材;海鮮類;魚類"
"802","[小川漁屋]台灣野生竹筴魚切片","Root;食材;海鮮類;魚類"
"803","[小川漁屋]台灣鱸魚清肉丁","Root;食材;海鮮類;魚類"
"804","[小川漁屋]外銷用台灣鯛魚片","Root;食材;海鮮類;魚類"
"805","[小川漁屋]巨無霸大比目魚厚切","Root;食材;海鮮類;魚類"
"806","[小川漁屋]石狗公清肉片","Root;食材;海鮮類;魚類"
"807","[小川漁屋]活凍南美白蝦","Root;食材;海鮮類;甲殼類;蝦"
"808","[小川漁屋]紅白雙星純肉鰻魚","Root;食材;海鮮類;魚類"
"809","[小川漁屋]香酥花枝排","Root;食材;海鮮類;頭足類"
"810","[小川漁屋]挪威鯖魚一夜干","Root;食材;海鮮類;魚類"
"811","[小川漁屋]特大安心開背蝦仁","Root;食材;海鮮類;甲殼類;蝦"
"812","[小川漁屋]特級純天然無刺巴沙魚排","Root;食材;海鮮類;魚類"
"813","[小川漁屋]紐西蘭雪鯛切片","Root;食材;海鮮類;魚類"
"814","[小川漁屋]野生北海大干貝","Root;食材;海鮮類;貝類;干貝"
"815","[小川漁屋]野生秋刀魚","Root;食材;海鮮類;魚類"
"816","[小川漁屋]野生挪威薄鹽鯖魚","Root;食材;其它類;海鮮類;調味料;魚類;鹽"
"817","[小川漁屋]智利巨大厚切鮭魚","Root;食材;海鮮類;魚類;鮭魚"
"818","[小川漁屋]智利鮮凍鮭魚切片","Root;食材;海鮮類;魚類;鮭魚"
"819","[小川漁屋]智利鮮凍鮭魚尾排","Root;食材;海鮮類;魚類;鮭魚"
"820","[小川漁屋]無肚洞厚切大比目魚","Root;食材;海鮮類;魚類"
"821","[小川漁屋]無肚洞家常大比目魚","Root;食材;海鮮類;魚類"
"822","[小川漁屋]極品南非活凍帶殼鮑魚","Root;食材;海鮮類;貝類"
"823","[小川漁屋]極鮮花枝蝦滑","Root;食材;海鮮類;甲殼類;頭足類;蝦"
"824","[小川漁屋]極鮮野生肉魚","Root;食材;海鮮類;魚類"
"825","[小川漁屋]極鮮飽滿花蛤貝肉","Root;食材;海鮮類;貝類"
"826","[小川漁屋]遠洋白帶魚切段","Root;食材;海鮮類;魚類"
"827","[小川漁屋]熟凍帶殼鮑魚","Root;食材;海鮮類;貝類"
"828","[小川漁屋]鮮凍刻花魷魚","Root;食材;海鮮類;頭足類;魷魚"
"829","[小川漁屋]鮮凍海灣珠貝","Root;食材;海鮮類;貝類"
"830","[小川漁屋]鮮凍無肚洞土魠魚切片","Root;食材;海鮮類;魚類"
"831","[小川漁屋]嚴選活凍鳳螺","Root;食材;海鮮類;貝類"
"832","[小川漁屋]嚴選家常鮭魚+大比目魚切片","Root;食材;海鮮類;魚類;鮭魚"
"833","[小林煎餅]超值綜合包","Root;食材;其它類;點心甜品類;零食餅乾"
"834","[小林煎餅]蜂蜜檸檬餅","Root;食材;其它類;水果類;柑橘;點心甜品類;檸檬;蜂蜜;零食餅乾"
"835","[小林煎餅]鮮奶薄餅","Root;食材;乳品類;其它類;牛奶;點心甜品類;零食餅乾"
"836","[小林煎餅]雞蛋煎餅","Root;食材;其它類;蛋類;點心甜品類;零食餅乾"
"837","[小倉食宅]尋蜜趣百花蜂蜜隨身瓶","Root;食材;其它類;點心甜品類;蜂蜜"
"838","[小倉食宅]尋蜜趣龍眼蜂蜜隨身瓶","Root;食材;其它類;水果類;點心甜品類;龍眼;蜂蜜"
"839","[小島食品]芝麻風味魚乾","Root;食材;堅果種子類;海鮮類;芝麻;魚類"
"840","[小嗡農]特級龍眼蜜","Root;食材;其它類;水果類;點心甜品類;龍眼;蜂蜜"
"841","[小磨坊]吃飯珍青鬆-鰹魚營養元素","Root;食材;海鮮類;魚類"
"842","[小磨坊]金黃蒜油","Root;食材;油類;蔬菜類;蒜"
"843","[小磨坊]金黃蔥油","Root;食材;油類;蔬菜類;蔥"
"844","[山本漢方]大麥若葉粉末","Root;食材;全穀雜糧類;麥"
"845","[山田大叔]金燦龍虎斑炊粉鍋","Root;食材;全穀雜糧類;其它類;海鮮類;複合食品;魚類;麵;火鍋"
"846","[山田大叔]野生去刺鮪魚腹肉排","Root;食材;海鮮類;魚類;鮪魚"
"847","[山田大叔]熟凍松葉蟹鉗","Root;食材;海鮮類;甲殼類;蟹"
"848","[川涌果園]純釀造柑橘果醋","Root;食材;其它類;水果類;柑橘;調味料;醋"
"849","[工研]好醋多多葡萄多","Root;食材;其它類;水果類;葡萄;調味料;醋"
"850","[工研]好醋多多蘋果多","Root;食材;其它類;水果類;蘋果;調味料;醋"
"851","[工研]果酢日和百香果果酢","Root;食材;其它類;水果類;百香果;調味料;醋"
"852","[工研]果酢日和梅子果酢","Root;食材;其它類;水果類;梅子;調味料;醋"
"853","[工研]果酢日和蘋果果酢","Root;食材;其它類;水果類;蘋果;調味料;醋"
"854","[工研]梅子酢","Root;食材;其它類;水果類;梅子;調味料;醋"
"855","[工研]綜合水果醋","Root;食材;其它類;水果類;調味料;醋"
"856","[工研]鳳梨酢","Root;食材;其它類;水果類;調味料;鳳梨;醋"
"857","[工研]蘋果酢","Root;食材;其它類;水果類;蘋果;調味料;醋"
"858","[不倒の菇]養生黑木耳露","Root;食材;蔬菜類;菌菇;木耳"
"859","[今川農場]蜂蜜黑木耳露","Root;食材;其它類;蔬菜類;菌菇;點心甜品類;木耳;蜂蜜"
"860","[元本山]海苔香鬆小魚","Root;食材;海鮮類;蔬菜類;海苔;魚類"
"861","[元氣家族]元氣豬肉條","Root;食材;肉類;豬"
"862","[元氣家族]豬肉條-黑胡椒口味","Root;食材;其它類;肉類;調味料;豬;胡椒"
"863","[午后時光]午后時光PREmIUm極奢系-紅蘊琥珀奶茶","Root;食材;其它類;飲品類;茶類;奶茶"
"864","[午后時光]王室阿薩姆奶茶","Root;食材;其它類;飲品類;茶類;奶茶"
"865","[午后時光]伯爵奶茶","Root;食材;其它類;飲品類;茶類;奶茶"
"866","[午后時光]阿薩姆奶茶","Root;食材;其它類;飲品類;茶類;奶茶"
"867","[午后時光]重乳奶茶","Root;食材;其它類;飲品類;茶類;奶茶"
"868","[午后時光]重乳咖啡拿鐵","Root;食材;乳品類;其它類;牛奶;飲品類;咖啡;拿鐵"
"869","[午后時光]重乳草莓奶茶","Root;食材;其它類;水果類;莓果;飲品類;茶類;草莓;奶茶"
"870","[午后時光]錫蘭紅茶","Root;食材;其它類;飲品類;茶類;紅茶"
"871","[午後時光]午后時光-伯爵奶茶","Root;食材;其它類;飲品類;茶類;奶茶"
"872","[午後時光]午后時光-錫蘭紅茶","Root;食材;其它類;飲品類;茶類;紅茶"
"873","[天仁]913茶王茶包","Root;食材;其它類;飲品類;茶類"
"874","[天仁]日月潭紅玉紅茶包","Root;食材;其它類;飲品類;茶類;紅茶"
"875","[天仁]冬賞茶","Root;食材;其它類;飲品類;茶類"
"876","[天仁]台灣茗品-金萱烏龍茶","Root;食材;其它類;飲品類;茶類;烏龍青茶"
"877","[天仁]台灣茗品-精焙烏龍茶","Root;食材;其它類;飲品類;茶類;烏龍青茶"
"878","[天仁]台灣茗品-翠玉烏龍茶","Root;食材;其它類;飲品類;茶類;烏龍青茶"
"879","[天仁]台灣茗品-鮮採綠茶","Root;食材;其它類;飲品類;茶類;綠茶抹茶"
"880","[天仁]台灣茗賞-凍頂烏龍茶","Root;食材;其它類;飲品類;茶類;烏龍青茶"
"881","[天仁]台灣茗賞-高山烏龍茶","Root;食材;其它類;飲品類;茶類;烏龍青茶"
"882","[天仁]台灣茗禮阿里山高山茶","Root;食材;其它類;飲品類;茶類"
"883","[天仁]台灣茗禮茶王","Root;食材;其它類;飲品類;茶類"
"884","[天仁]台灣靈芽-老茶王","Root;食材;其它類;飲品類;茶類"
"885","[天仁]台灣靈芽-凍頂烏龍茶","Root;食材;其它類;飲品類;茶類;烏龍青茶"
"886","[天仁]台灣靈芽-高山烏龍茶","Root;食材;其它類;飲品類;茶類;烏龍青茶"
"887","[天仁]四季春烏龍茶","Root;食材;其它類;飲品類;茶類;烏龍青茶"
"888","[天仁]杉林溪茶","Root;食材;其它類;飲品類;茶類"
"889","[天仁]防潮包茉莉花茶袋茶","Root;食材;其它類;飲品類;茶類"
"890","[天仁]防潮包茉莉綠茶","Root;食材;其它類;飲品類;茶類;綠茶抹茶"
"891","[天仁]防潮包高山烏龍茶袋茶","Root;食材;其它類;飲品類;茶類;烏龍青茶"
"892","[天仁]防潮包菊花普洱茶","Root;食材;其它類;飲品類;茶類"
"893","[天仁]防潮包綠茶","Root;食材;其它類;飲品類;茶類;綠茶抹茶"
"894","[天仁]咖啡香紅茶-古早味紅茶","Root;食材;其它類;飲品類;咖啡;茶類;紅茶"
"895","[天仁]東方美人茶","Root;食材;其它類;飲品類;茶類"
"896","[天仁]金萱茶小五斤","Root;食材;其它類;飲品類;茶類"
"897","[天仁]金讚新茶-高山烏龍","Root;食材;其它類;飲品類;茶類;烏龍青茶"
"898","[天仁]阿里山茶","Root;食材;其它類;飲品類;茶類"
"899","[天仁]阿薩姆紅茶","Root;食材;其它類;飲品類;茶類;紅茶"
"900","[天仁]急沏冷泡茶-阿薩姆紅茶","Root;食材;其它類;飲品類;茶類;紅茶"
"901","[天仁]急沏冷泡茶-茉香綠茶","Root;食材;其它類;飲品類;茶類;綠茶抹茶"
"902","[天仁]茉莉綠茶經濟包","Root;食材;其它類;飲品類;茶類;綠茶抹茶"
"903","[天仁]香片茶","Root;食材;其它類;飲品類;茶類"
"904","[天仁]原片高山烏龍茶","Root;食材;其它類;飲品類;茶類;烏龍青茶"
"905","[天仁]原片菊花普洱茶","Root;食材;其它類;飲品類;茶類"
"906","[天仁]原片黃金玄米茶","Root;食材;全穀雜糧類;其它類;米飯類;飲品類;糙米玄米;茶類"
"907","[天仁]原片鮮綠茶","Root;食材;其它類;飲品類;茶類;綠茶抹茶"
"908","[天仁]桂花金萱茶小巧罐","Root;食材;其它類;飲品類;茶類"
"909","[天仁]桂花綠茶包","Root;食材;其它類;飲品類;茶類;綠茶抹茶"
"910","[天仁]烏龍茶","Root;食材;其它類;飲品類;茶類;烏龍青茶"
"911","[天仁]烏龍袋茶","Root;食材;其它類;飲品類;茶類;烏龍青茶"
"912","[天仁]特選烏龍茶","Root;食材;其它類;飲品類;茶類;烏龍青茶"
"913","[天仁]特選綠茶粉","Root;食材;其它類;飲品類;茶類;綠茶抹茶"
"914","[天仁]特選鐵觀音茶","Root;食材;其它類;飲品類;茶類"
"915","[天仁]茗茶茉香綠茶","Root;食材;其它類;飲品類;茶類;綠茶抹茶"
"916","[天仁]茗選烏龍茶","Root;食材;其它類;飲品類;茶類;烏龍青茶"
"917","[天仁]高山烏龍茶","Root;食材;其它類;飲品類;茶類;烏龍青茶"
"918","[天仁]野生普洱茶王","Root;食材;其它類;飲品類;茶類"
"919","[天仁]黃金麥茶","Root;食材;全穀雜糧類;其它類;飲品類;麥;茶類"
"920","[天仁]精焙烏龍茶小巧罐","Root;食材;其它類;飲品類;茶類;烏龍青茶"
"921","[天仁]綠茶","Root;食材;其它類;飲品類;茶類;綠茶抹茶"
"922","[天仁]優選烏龍茶","Root;食材;其它類;飲品類;茶類;烏龍青茶"
"923","[天仁]鮮綠茶","Root;食材;其它類;飲品類;茶類;綠茶抹茶"
"924","[天仁]嚴選高山烏龍茶","Root;食材;其它類;飲品類;茶類;烏龍青茶"
"925","[天仁]鐵觀音","Root;食材;其它類;飲品類;茶類"
"926","[天然谷]燕麥棒-黑巧克力口味","Root;食材;全穀雜糧類;堅果種子類;可可;麥;燕麥"
"927","[天然谷]燕麥棒-蔓越莓","Root;食材;全穀雜糧類;水果類;莓果;麥;燕麥"
"928","[天然享活]有機黑木耳露","Root;食材;蔬菜類;菌菇;木耳"
"929","[天然鎂]100%海洋深層水","Root;食材;其它類;飲品類;飲用水"
"930","[太珍香]沙茶豆干","Root;食材;其它類;豆類;調味料;豆干;沙茶"
"931","[太珍香]豆干非基改-蒜條子","Root;食材;蔬菜類;豆類;蒜;豆干"
"932","[太珍香]蒜狠大蒜味豆干","Root;食材;蔬菜類;豆類;蒜;豆干"
"933","[巴部農]天然鹼性礦泉水","Root;食材;其它類;飲品類;飲用水"
"934","[日本九鬼]黑芝麻粉 無加糖","Root;食材;堅果種子類;芝麻"
"935","[日正]冷壓香油","Root;食材;油類;香油"
"936","[日正]特級香油","Root;食材;油類;香油"
"937","[日禾田]冰糖海燕窩","Root;食材;蔬菜類"
"938","[日安]細燕麥片","Root;食材;全穀雜糧類;麥;燕麥"
"939","[日安]嚴選陽光高纖燕麥片","Root;食材;全穀雜糧類;麥;燕麥"
"940","[比菲多]益生菌小Q果凍-原味","Root;食材;其它類;點心甜品類;凍類甜品;果凍"
"941","[比菲多]益生菌小Q果凍-荔枝","Root;食材;其它類;水果類;荔枝;點心甜品類;凍類甜品;果凍"
"942","[比菲多]益生菌小Q果凍-葡萄","Root;食材;其它類;水果類;葡萄;點心甜品類;凍類甜品;果凍"
"943","[比菲多]益生菌小Q果凍-蜜桃","Root;食材;其它類;水果類;水蜜桃;點心甜品類;凍類甜品;果凍"
"944","[水森活]怡漾鹼性離子水","Root;食材;其它類;飲品類;飲用水"
"945","[王老吉]涼茶植物飲料","Root;食材;其它類;飲品類"
"946","[王品嚴選]美國嫩肩里肌原塊牛排","Root;食材;肉類;牛"
"947","[王品嚴選]剝皮辣椒豬肉水餃","Root;食材;全穀雜糧類;肉類;蔬菜類;豬;辣椒;餃子"
"948","[王品嚴選]高麗菜豬肉水餃","Root;食材;全穀雜糧類;肉類;蔬菜類;葉菜類蔬菜;豬;餃子;高麗菜"
"949","[王品嚴選]鮮肉大餛飩","Root;食材;全穀雜糧類;肉類;餃子"
"950","[主廚精選]極品葵花油","Root;食材;油類;葵花油"
"951","[加多寶]涼茶","Root;食材;其它類;飲品類;茶類"
"952","[加鹼喝]加鹼喝鹼性水離子水","Root;食材;其它類;飲品類;飲用水"
"953","[北斗]小磨香油","Root;食材;油類;香油"
"954","[北斗]寶斗芝麻香油","Root;食材;堅果種子類;油類;芝麻;香油"
"955","[北斗]寶斗馨油","Root;食材;油類"
"956","[北斗]馨油","Root;食材;油類"
"957","[北海]鱈魚香絲","Root;食材;海鮮類;魚類;鱈魚"
"958","[北海]鱈魚香絲-芝麻口味","Root;食材;堅果種子類;海鮮類;芝麻;魚類;鱈魚"
"959","[北海]鱈魚香絲-紐奧良風味","Root;食材;海鮮類;魚類;鱈魚"
"960","[北海]鱈魚香絲-細條","Root;食材;海鮮類;魚類;鱈魚"
"961","[北海]鱈魚香絲-麻辣","Root;食材;其它類;海鮮類;調味料;魚類;鱈魚;麻辣"
"962","[北海]鱈魚香絲-寬條","Root;食材;海鮮類;魚類;鱈魚"
"963","[卡麥隆]黑麥汁-原味","Root;食材;全穀雜糧類;其它類;飲品類;麥;汽水"
"964","[卡薩]沖繩黑糖風味奶茶","Root;食材;其它類;飲品類;點心甜品類;茶類;黑糖;奶茶"
"965","[卡薩]阿拉比果香風味濾掛咖啡","Root;食材;其它類;水果類;飲品類;咖啡"
"966","[古道]百香綠茶","Root;食材;其它類;水果類;百香果;飲品類;茶類;綠茶抹茶"
"967","[古道]梅子綠茶","Root;食材;其它類;水果類;梅子;飲品類;茶類;綠茶抹茶"
"968","[古道]綠茶","Root;食材;其它類;飲品類;茶類;綠茶抹茶"
"969","[古道]雙味果茶-蘋果蜜桃茶","Root;食材;其它類;水果類;水蜜桃;蘋果;飲品類;茶類"
"970","[可口可樂]ZERO","Root;食材;其它類;飲品類;汽水"
"971","[可口可樂]纖維+汽水","Root;食材;其它類;飲品類;汽水"
"972","[可爾必思]水語原味","Root;食材;其它類;飲品類"
"973","[可爾必思]可爾必思發酵BLEND梅子酢乳酸菌飲","Root;食材;乳品類;其它類;水果類;梅子;牛奶;調味料;飲品類;發酵乳;醋"
"974","[可爾必思]乳酸菌發酵乳飲料","Root;食材;乳品類;其它類;牛奶;飲品類;發酵乳"
"975","[可爾必思]開心成長乳酸菌飲料","Root;食材;其它類;飲品類"
"976","[可爾必思]開心成長蘋果乳酸菌飲","Root;食材;其它類;水果類;蘋果;飲品類"
"977","[可爾必思]贅澤濃味乳酸菌飲料","Root;食材;其它類;飲品類"
"978","[台東初鹿] 原味保久乳","Root;食材;乳品類;牛奶;保久乳"
"979","[台畜]原味肉鬆","Root;食材;肉類;加工肉品;肉鬆"
"980","[台畜]海苔肉鬆","Root;食材;肉類;蔬菜類;加工肉品;海苔;肉鬆"
"981","[台酒]紅麴蕃茄汁","Root;食材;其它類;水果類;番茄;飲品類;蔬果汁"
"982","[台琥庫]莊園濾掛咖啡-紅玉咖啡","Root;食材;其它類;飲品類;咖啡"
"983","[台琥庫]莊園濾掛咖啡-熟成果香咖啡","Root;食材;其它類;水果類;飲品類;咖啡"
"984","[台農]牛寶寶巧克力保久乳飲品","Root;食材;乳品類;其它類;堅果種子類;可可;牛奶;飲品類;保久乳"
"985","[台糖]100%紅花籽油","Root;食材;堅果種子類;油類"
"986","[台糖]三彩藜麥","Root;食材;全穀雜糧類;麥"
"987","[台糖]大豆沙拉油","Root;食材;油類;豆類"
"988","[台糖]不飽和優質葵花油","Root;食材;油類;葵花油"
"989","[台糖]什穀大燕麥片","Root;食材;全穀雜糧類;麥;燕麥"
"990","[台糖]什錦果麥片(可素食)","Root;食材;全穀雜糧類;堅果種子類;麥"
"991","[台糖]台糖特級初榨橄欖油","Root;食材;油類;橄欖油"
"992","[台糖]台糖燕麥片","Root;食材;全穀雜糧類;麥;燕麥"
"993","[台糖]本土甘蔗糖","Root;食材;其它類"
"994","[台糖]安心豚肉酥 原味","Root;食材;肉類;豬"
"995","[台糖]安心豚紅麴肉酥","Root;食材;肉類;豬"
"996","[台糖]安心豚海苔芝麻肉酥","Root;食材;堅果種子類;肉類;蔬菜類;海苔;芝麻;豬"
"997","[台糖]安心豚葵花油肉酥","Root;食材;油類;肉類;葵花油;豬"
"998","[台糖]米麥纖穀片","Root;食材;全穀雜糧類;麥"
"999","[台糖]豆漿燕麥","Root;食材;全穀雜糧類;豆類;豆漿豆奶;麥;燕麥"
"1000","[台糖]果乾纖穀片","Root;食材;全穀雜糧類;水果類"
"1001","[台糖]芥花油","Root;食材;油類"
"1002","[台糖]紅豆紫米藜麥","Root;食材;全穀雜糧類;米飯類;紅豆綠豆;麥"
"1003","[台糖]紅花籽油","Root;食材;堅果種子類;油類"
"1004","[台糖]烤酥油","Root;食材;油類"
"1005","[台糖]特級初榨橄欖油禮盒","Root;食材;油類;橄欖油"
"1006","[台糖]高地小農濾掛式咖啡","Root;食材;其它類;飲品類;咖啡"
"1007","[台糖]高地小農濾掛式咖啡-梅酒果香","Root;食材;其它類;水果類;梅子;飲品類;咖啡;酒"
"1008","[台糖]晶冰糖","Root;食材;其它類"
"1009","[台糖]貳號砂糖","Root;食材;其它類"
"1010","[台糖]黑麥片","Root;食材;全穀雜糧類;麥"
"1011","[台糖]黑穀堅果","Root;食材;全穀雜糧類;堅果種子類"
"1012","[台糖]黑糖","Root;食材;其它類;點心甜品類;黑糖"
"1013","[台糖]黑糖薑母茶","Root;食材;其它類;蔬菜類;薑;飲品類;點心甜品類;茶類;黑糖"
"1014","[台糖]葵花油","Root;食材;油類;葵花油"
"1015","[台糖]蜆精","Root;食材;其它類;海鮮類;貝類;飲品類"
"1016","[台糖]精製特砂","Root;食材;其它類"
"1017","[台糖]精製細砂","Root;食材;其它類"
"1018","[台糖]綠豆薏仁銀耳","Root;食材;全穀雜糧類;蔬菜類;紅豆綠豆;菌菇;木耳"
"1019","[台糖]橄欖油禮盒","Root;食材;油類;橄欖油"
"1020","[台糖]薑母茶","Root;食材;其它類;蔬菜類;薑;飲品類;茶類"
"1021","[台糖]藜麥珍穀","Root;食材;全穀雜糧類;麥"
"1022","[台糖]蠔蜆精","Root;食材;其它類;海鮮類;貝類;飲品類"
"1023","[台鹽]海洋生成水","Root;食材;其它類;飲品類;飲用水"
"1024","[台鹽]海洋鹼性離子水","Root;食材;其它類;飲品類;飲用水"
"1025","[台灣好農]100%台灣產產銷履歷無糖黃豆奶","Root;食材;豆類;豆漿豆奶"
"1026","[台灣好農]100%台灣產產銷履歷無糖黑豆奶","Root;食材;豆類;豆漿豆奶"
"1027","[台灣好農]100%台灣產產銷履歷微糖黃豆奶","Root;食材;豆類;豆漿豆奶"
"1028","[台灣好農]100%台灣產產銷履歷微糖黑豆奶","Root;食材;豆類;豆漿豆奶"
"1029","[台灣茶人]熊鑽黑糖磚-濃厚老薑","Root;食材;其它類;蔬菜類;薑;點心甜品類;黑糖"
"1030","[四乘六]五香豆干","Root;食材;豆類;豆干"
"1031","[四乘六]沙茶豆干","Root;食材;其它類;豆類;調味料;豆干;沙茶"
"1032","[四乘六]香豆干","Root;食材;豆類;豆干"
"1033","[四乘六]香讚切干","Root;食材;豆類;豆干"
"1034","[四乘六]黑胡椒豆干","Root;食材;其它類;豆類;調味料;豆干;胡椒"
"1035","[四乘六]滷肉豆干","Root;食材;肉類;豆類;豆干;豬"
"1036","[本家]喜馬拉雅鹽味海苔酥","Root;食材;其它類;蔬菜類;海苔;調味料;鹽"
"1037","[生活]日月潭紅茶","Root;食材;其它類;飲品類;茶類;紅茶"
"1038","[生活]日月潭無糖紅茶","Root;食材;其它類;飲品類;茶類;紅茶"
"1039","[生活]日式無糖綠茶","Root;食材;其它類;飲品類;茶類;綠茶抹茶"
"1040","[生活]生活日月潭無糖紅茶","Root;食材;其它類;飲品類;茶類;紅茶"
"1041","[生活]生活泡沫奶茶","Root;食材;其它類;飲品類;茶類;奶茶"
"1042","[生活]生活泡沫花茶","Root;食材;其它類;飲品類;茶類"
"1043","[生活]生活泡沫綠茶","Root;食材;其它類;飲品類;茶類;綠茶抹茶"
"1044","[生活]生活蘇格蘭紅茶","Root;食材;其它類;飲品類;茶類;紅茶"
"1045","[生活]冰咖啡","Root;食材;其它類;飲品類;咖啡"
"1046","[生活]芒果泥好果泥紅茶","Root;食材;其它類;水果類;芒果;飲品類;茶類;紅茶"
"1047","[生活]泡沫奶茶","Root;食材;其它類;飲品類;茶類;奶茶"
"1048","[生活]泡沫花茶","Root;食材;其它類;飲品類;茶類"
"1049","[生活]泡沫紅茶","Root;食材;其它類;飲品類;茶類;紅茶"
"1050","[生活]泡沫綠茶","Root;食材;其它類;飲品類;茶類;綠茶抹茶"
"1051","[生活]珍珠奶茶","Root;食材;全穀雜糧類;其它類;珍珠粉粿;飲品類;茶類;奶茶"
"1052","[生活]新優植黑木耳露-黑糖口味","Root;食材;其它類;蔬菜類;菌菇;點心甜品類;木耳;黑糖"
"1053","[生活]新優植養生黑木耳露-銀杏口味","Root;食材;堅果種子類;蔬菜類;菌菇;木耳"
"1054","[生活]職人慢焙青茶","Root;食材;其它類;飲品類;茶類;烏龍青茶"
"1055","[生活]蘇格蘭紅茶","Root;食材;其它類;飲品類;茶類;紅茶"
"1056","[生活]蘇格蘭綠茶","Root;食材;其它類;飲品類;茶類;綠茶抹茶"
"1057","[生活良好]冷壓特級初榨橄欖油","Root;食材;油類;橄欖油"
"1058","[生活良好]特調濾杯咖啡","Root;食材;其它類;飲品類;咖啡"
"1059","[生活良好]起司鱈魚條","Root;食材;乳品類;海鮮類;起司;魚類;鱈魚"
"1060","[生活良好]鮭魚鬆","Root;食材;海鮮類;魚類;鮭魚"
"1061","[生發號]鐵蛋 鵪鶉蛋-原味","Root;食材;蛋類"
"1062","[生發號]鐵蛋 鵪鶉蛋-辣味","Root;食材;蔬菜類;蛋類;辣椒"
"1063","[生發號]鐵蛋-香辣","Root;食材;蔬菜類;蛋類;辣椒"
"1064","[生發號]鐵蛋-原味","Root;食材;蛋類"
"1065","[白蘭氏]旭沛蜆精","Root;食材;海鮮類;貝類"
"1066","[白蘭氏]養蔘飲禮盒","Root;食材;其它類;中藥材"
"1067","[石二鍋]123烏龍麵","Root;食材;全穀雜糧類;麵"
"1068","[禾圃原]迷你蔥仔餅","Root;食材;全穀雜糧類;蔬菜類;蔥;麵餅"
"1069","[立頓]奶茶","Root;食材;其它類;飲品類;茶類;奶茶"
"1070","[立頓]巧克力奶茶","Root;食材;其它類;堅果種子類;可可;飲品類;茶類;奶茶"
"1071","[立頓]立頓奶茶","Root;食材;其它類;飲品類;茶類;奶茶"
"1072","[立頓]立頓英式奶茶","Root;食材;其它類;飲品類;茶類;奶茶"
"1073","[立頓]立頓萃香奶綠","Root;食材;其它類;飲品類;茶類;奶茶"
"1074","[立頓]沁香奶綠","Root;食材;其它類;飲品類;茶類;奶茶"
"1075","[立頓]英式奶茶","Root;食材;其它類;飲品類;茶類;奶茶"
"1076","[立頓]原味奶茶","Root;食材;其它類;飲品類;茶類;奶茶"
"1077","[立頓]焙茶歐蕾","Root;食材;乳品類;其它類;牛奶;飲品類;茶類"
"1078","[立頓]琥珀紅茶","Root;食材;其它類;飲品類;茶類;紅茶"
"1079","[立頓]絕品醇日式抹茶歐蕾","Root;食材;乳品類;其它類;牛奶;飲品類;茶類;綠茶抹茶"
"1080","[立頓]絕品醇英式皇家奶茶","Root;食材;其它類;飲品類;茶類;奶茶"
"1081","[立頓]絕品醇焙香烏龍奶茶","Root;食材;其它類;飲品類;茶類;奶茶;烏龍青茶"
"1082","[立頓]絕品醇翡翠茉香奶綠","Root;食材;乳品類;其它類;牛奶;飲品類;茶類;綠茶抹茶"
"1083","[立頓]絕品醇-臺式芋頭奶茶","Root;食材;全穀雜糧類;其它類;芋頭;飲品類;茶類;奶茶"
"1084","[立頓]萃香奶綠","Root;食材;乳品類;其它類;牛奶;飲品類;茶類"
"1085","[立頓]蜂蜜紅茶","Root;食材;其它類;飲品類;點心甜品類;茶類;蜂蜜;紅茶"
"1086","[立頓]醇奶茶歐蕾","Root;食材;乳品類;其它類;牛奶;飲品類;茶類;奶茶"
"1087","[立頓]檸檬紅茶","Root;食材;其它類;水果類;柑橘;飲品類;檸檬;茶類;紅茶"
"1088","[伊藤園]大罐焙煎茶","Root;食材;其它類;飲品類;茶類"
"1089","[伊藤園]濃茶","Root;食材;其它類;飲品類;茶類"
"1090","[休閒食代]花椰米雞胸水餃","Root;食材;全穀雜糧類;肉類;雞;餃子"
"1091","[光泉]OAT燕麥奶","Root;食材;全穀雜糧類;麥;燕麥"
"1092","[光泉]午后時光-重乳奶茶","Root;食材;其它類;飲品類;茶類;奶茶"
"1093","[光泉]午后時光-重乳咖啡拿鐵","Root;食材;乳品類;其它類;牛奶;飲品類;咖啡;拿鐵"
"1094","[光泉]午后時光-重乳金麥奶茶","Root;食材;全穀雜糧類;其它類;飲品類;麥;茶類;奶茶"
"1095","[光泉]午后時光-重乳草莓奶茶","Root;食材;其它類;水果類;莓果;飲品類;茶類;草莓;奶茶"
"1096","[光泉]巧克力牛奶","Root;食材;乳品類;堅果種子類;可可;牛奶"
"1097","[光泉]巧克力牛乳","Root;食材;乳品類;堅果種子類;可可;牛奶"
"1098","[光泉]正庄-冬瓜茶","Root;食材;其它類;蔬菜類;瓜果類蔬菜;飲品類;冬瓜;茶類"
"1099","[光泉]正庄蜂蜜菊花茶","Root;食材;其它類;飲品類;點心甜品類;茶類;蜂蜜"
"1100","[光泉]光泉巧克力牛奶","Root;食材;乳品類;堅果種子類;可可;牛奶"
"1101","[光泉]光泉正庄蜂蜜菊花茶","Root;食材;其它類;飲品類;點心甜品類;茶類;蜂蜜"
"1102","[光泉]光泉全脂保久乳","Root;食材;乳品類;牛奶;保久乳"
"1103","[光泉]光泉低脂高鈣牛奶","Root;食材;乳品類;牛奶"
"1104","[光泉]光泉冷泡茶-冰釀烏龍","Root;食材;其它類;飲品類;茶類;烏龍青茶"
"1105","[光泉]光泉冷泡茶-冷萃綠茶","Root;食材;其它類;飲品類;茶類;綠茶抹茶"
"1106","[光泉]光泉果汁牛奶","Root;食材;乳品類;其它類;牛奶;飲品類;蔬果汁"
"1107","[光泉]光泉珍穀堅果牛乳","Root;食材;乳品類;堅果種子類;牛奶"
"1108","[光泉]光泉茉莉茶園-蜜茶","Root;食材;其它類;飲品類;點心甜品類;茶類;蜂蜜"
"1109","[光泉]光泉高鈣牛奶","Root;食材;乳品類;牛奶"
"1110","[光泉]光泉富維克礦泉水","Root;食材;其它類;飲品類;飲用水"
"1111","[光泉]光泉雞蛋豆奶","Root;食材;蛋類;豆類;豆漿豆奶"
"1112","[光泉]全脂保久乳","Root;食材;乳品類;牛奶;保久乳"
"1113","[光泉]低脂保久乳","Root;食材;乳品類;牛奶;保久乳"
"1114","[光泉]低脂高鈣牛乳","Root;食材;乳品類;牛奶"
"1115","[光泉]冷泡茶-冰釀紅茶","Root;食材;其它類;飲品類;茶類;紅茶"
"1116","[光泉]冷泡茶-冷韻青茶","Root;食材;其它類;飲品類;茶類;烏龍青茶"
"1117","[光泉]冷泡茶-春釀綠茶","Root;食材;其它類;飲品類;茶類;綠茶抹茶"
"1118","[光泉]冷泡茶-茶王烏龍","Root;食材;其它類;飲品類;茶類;烏龍青茶"
"1119","[光泉]冷泡茶-朝露紅茶.無糖","Root;食材;其它類;飲品類;茶類;紅茶"
"1120","[光泉]冷泡茶-朝露綠茶","Root;食材;其它類;飲品類;茶類;綠茶抹茶"
"1121","[光泉]果汁牛乳","Root;食材;乳品類;其它類;牛奶;飲品類;蔬果汁"
"1122","[光泉]珍穀堅果牛乳","Root;食材;乳品類;堅果種子類;牛奶"
"1123","[光泉]茉莉茶園-茉香柚茶","Root;食材;其它類;水果類;柑橘;飲品類;柚子;茶類"
"1124","[光泉]茉莉茶園-茉莉蜜茶","Root;食材;其它類;飲品類;點心甜品類;茶類;蜂蜜"
"1125","[光泉]茉莉茶園-香檸琥珀紅","Root;食材;其它類;水果類;柑橘;飲品類;檸檬;茶類"
"1126","[光泉]茉莉茶園-富蘋熟成紅","Root;食材;其它類;水果類;蘋果;飲品類;茶類"
"1127","[光泉]茉莉茶園-無糖茉莉清茶","Root;食材;其它類;飲品類;茶類"
"1128","[光泉]茉莉茶園-蜜茶","Root;食材;其它類;飲品類;點心甜品類;茶類;蜂蜜"
"1129","[光泉]茉莉茶園-蘋果紅茶","Root;食材;其它類;水果類;蘋果;飲品類;茶類;紅茶"
"1130","[光泉]純100%低脂牛乳","Root;食材;乳品類;牛奶"
"1131","[光泉]純100%保久乳","Root;食材;乳品類;牛奶;保久乳"
"1132","[光泉]高鈣牛奶","Root;食材;乳品類;牛奶"
"1133","[光泉]高鈣牛乳","Root;食材;乳品類;牛奶"
"1134","[光泉]麥芽牛乳","Root;食材;乳品類;全穀雜糧類;牛奶;麥"
"1135","[光泉]富維他牛乳","Root;食材;乳品類;牛奶"
"1136","[光泉]黑豆漿","Root;食材;豆類;豆漿豆奶"
"1137","[光泉]黑芝麻牛乳","Root;食材;乳品類;堅果種子類;牛奶;芝麻"
"1138","[光泉]濃可可","Root;食材;堅果種子類;可可"
"1139","[光泉]優質蛋白牛乳-原味","Root;食材;乳品類;牛奶"
"1140","[光泉]糙米漿","Root;食材;全穀雜糧類;米飯類;糙米玄米"
"1141","[光泉]薏仁糙米漿","Root;食材;全穀雜糧類;米飯類;糙米玄米"
"1142","[光泉]鮮豆漿","Root;食材;豆類;豆漿豆奶"
"1143","[光泉]雞蛋豆奶","Root;食材;蛋類;豆類;豆漿豆奶"
"1144","[光泉]蘋果牛乳","Root;食材;乳品類;水果類;牛奶;蘋果"
"1145","[光隆生技]花蓮七星潭海洋深層水","Root;食材;其它類;飲品類;飲用水"
"1146","[全國]巧克力牛乳","Root;食材;乳品類;堅果種子類;可可;牛奶"
"1147","[全國]草莓風味牛乳","Root;食材;乳品類;水果類;牛奶;莓果;草莓"
"1148","[全國]麥芽風味牛乳","Root;食材;乳品類;全穀雜糧類;牛奶;麥"
"1149","[全聯嚴選]砂鍋鮭魚頭","Root;食材;海鮮類;魚類;鮭魚"
"1150","[全聯嚴選]熟凍大白蝦","Root;食材;海鮮類;甲殼類;蝦"
"1151","[吃果籽]百香果愛玉吸凍飲","Root;食材;其它類;水果類;百香果;飲品類;點心甜品類;凍類甜品"
"1152","[吃果籽]檸檬愛玉吸凍飲","Root;食材;其它類;水果類;柑橘;飲品類;點心甜品類;凍類甜品;檸檬"
"1153","[吃貨]防彈奶茶","Root;食材;其它類;飲品類;茶類;奶茶"
"1154","[吃貨]防彈咖啡","Root;食材;其它類;飲品類;咖啡"
"1155","[名屋]牛奶花生","Root;食材;乳品類;堅果種子類;牛奶;花生"
"1156","[名屋]名屋燕麥綠豆湯","Root;食材;全穀雜糧類;其它類;紅豆綠豆;複合食品;麥;湯品;燕麥"
"1157","[名屋]紅豆蓮子湯","Root;食材;全穀雜糧類;其它類;堅果種子類;紅豆綠豆;複合食品;湯品"
"1158","[名屋]桂花冰糖銀耳露","Root;食材;蔬菜類;菌菇;木耳"
"1159","[名屋]菊花蜂蜜銀耳露","Root;食材;其它類;蔬菜類;菌菇;點心甜品類;木耳;蜂蜜"
"1160","[名屋]燕麥花生","Root;食材;全穀雜糧類;堅果種子類;花生;麥;燕麥"
"1161","[名屋]燕麥綠豆湯","Root;食材;全穀雜糧類;其它類;紅豆綠豆;複合食品;麥;湯品;燕麥"
"1162","[地中海]地中海竹炭水","Root;食材;其它類;飲品類;飲用水"
"1163","[多喝水]MORE+乳酸菌氣泡飲-乳酸風味","Root;食材;其它類;飲品類"
"1164","[多喝水]STAY COOL酷涼礦物質強氣泡水","Root;食材;其它類;飲品類;汽水"
"1165","[多喝水]多喝水微鹼性竹炭離子水","Root;食材;其它類;飲品類;飲用水"
"1166","[多喝水]百香果維他命氣泡水","Root;食材;其它類;水果類;百香果;飲品類;汽水"
"1167","[多喝水]乳酸菌氣泡飲-乳酸風味","Root;食材;其它類;飲品類;汽水"
"1168","[多喝水]味丹多喝水","Root;食材;其它類;飲品類;飲用水"
"1169","[多喝水]蜜桃氣泡水","Root;食材;其它類;水果類;水蜜桃;飲品類;汽水"
"1170","[多喝水]檸檬風味氣泡水","Root;食材;其它類;水果類;柑橘;飲品類;檸檬;汽水"
"1171","[好日籽]苦茶油","Root;食材;油類"
"1172","[好食文創]MACRO 100%正統天然玄米油","Root;食材;全穀雜糧類;油類;米飯類;糙米玄米"
"1173","[好食文創]Macro 100%正統純天然玄米油","Root;食材;全穀雜糧類;油類;米飯類;糙米玄米"
"1174","[好食文創]歐薇塔特級冷壓初榨橄欖油","Root;食材;油類;橄欖油"
"1175","[如意]牛蒡酥","Root;食材;蔬菜類;根莖類蔬菜"
"1176","[如意]紅毛苔香鬆","Root;食材;蔬菜類;海苔"
"1177","[如意]海苔素香鬆","Root;食材;蔬菜類;海苔"
"1178","[如意]堅果香鬆","Root;食材;堅果種子類"
"1179","[如意]猴頭菇絲","Root;食材;蔬菜類;菌菇"
"1180","[如意]進發素食海苔肉鬆","Root;食材;肉類;蔬菜類;加工肉品;海苔;肉鬆"
"1181","[守橄工坊]100%純葵花油","Root;食材;油類;葵花油"
"1182","[守橄工坊]100%嚴選純芥花油","Root;食材;油類"
"1183","[守橄工坊]大豆沙拉油","Root;食材;油類;豆類"
"1184","[守橄工坊]不飽和大豆沙拉油","Root;食材;油類;豆類"
"1185","[守橄工坊]玄米油","Root;食材;全穀雜糧類;油類;米飯類;糙米玄米"
"1186","[守橄工坊]好味香油","Root;食材;油類;香油"
"1187","[守橄工坊]守橄工坊頂級蒜油","Root;食材;油類;蔬菜類;蒜"
"1188","[守橄工坊]守橄工坊頂級蔥油","Root;食材;油類;蔬菜類;蔥"
"1189","[守橄工坊]守橄工坊噴霧油-蒜風味油","Root;食材;油類;蔬菜類;蒜"
"1190","[守橄工坊]守橄工坊噴霧油-蔥風味油","Root;食材;油類;蔬菜類;蔥"
"1191","[守橄工坊]冷壓特級初榨橄欖油","Root;食材;油類;橄欖油"
"1192","[守橄工坊]花生風味精華調合油","Root;食材;堅果種子類;油類;花生;調合油"
"1193","[守橄工坊]苦茶油","Root;食材;油類"
"1194","[守橄工坊]香油","Root;食材;油類;香油"
"1195","[守橄工坊]頂級香油","Root;食材;油類;香油"
"1196","[守橄工坊]頂級蔥油","Root;食材;油類;蔬菜類;蔥"
"1197","[守橄工坊]蒜風味油噴霧油","Root;食材;油類;蔬菜類;蒜"
"1198","[守橄工坊]蔥風味油噴霧油","Root;食材;油類;蔬菜類;蔥"
"1199","[守橄工坊]嚴選100%純葵花油","Root;食材;油類;葵花油"
"1200","[安永]安永鱸魚精","Root;食材;其它類;海鮮類;飲品類;魚類"
"1201","[安怡]好眠芝麻素高鈣低脂奶粉","Root;食材;乳品類;堅果種子類;牛奶;芝麻;奶粉"
"1202","[安怡]保護力長青高鈣低脂奶粉","Root;食材;乳品類;牛奶;奶粉"
"1203","[安怡]關鍵高鈣低脂奶粉","Root;食材;乳品類;牛奶;奶粉"
"1204","[安新]奶精","Root;食材;油類"
"1205","[成記]五香牛肉乾","Root;食材;肉類;加工肉品;牛;肉乾"
"1206","[成記]五香辣味豬肉乾","Root;食材;肉類;蔬菜類;加工肉品;豬;辣椒;肉乾"
"1207","[成記]南洋沙茶豬肉乾","Root;食材;其它類;肉類;加工肉品;調味料;豬;沙茶;肉乾"
"1208","[成記]珍味豬肉乾-碳烤蜜汁","Root;食材;其它類;肉類;加工肉品;豬;點心甜品類;肉乾;蜂蜜"
"1209","[成記]香辣牛肉乾","Root;食材;肉類;蔬菜類;加工肉品;牛;辣椒;肉乾"
"1210","[成記]香辣牛腱薄片","Root;食材;肉類;蔬菜類;牛;辣椒"
"1211","[成記]原汁滷牛筋","Root;食材;肉類;牛"
"1212","[成記]麻辣牛肉乾","Root;食材;其它類;肉類;加工肉品;牛;調味料;肉乾;麻辣"
"1213","[成記]辣味豬肉絲","Root;食材;肉類;蔬菜類;豬;辣椒"
"1214","[百家珍]洛神蜂蜜醋","Root;食材;其它類;調味料;點心甜品類;蜂蜜;醋"
"1215","[百家珍]紅葡萄醋","Root;食材;其它類;水果類;葡萄;調味料;醋"
"1216","[百家珍]桑椹醋","Root;食材;其它類;水果類;其他水果;調味料;醋"
"1217","[百家珍]健字號蔓越莓醋","Root;食材;其它類;水果類;莓果;調味料;醋"
"1218","[百家珍]梅子活性醋","Root;食材;其它類;水果類;梅子;調味料;醋"
"1219","[百家珍]梅子醋","Root;食材;其它類;水果類;梅子;調味料;醋"
"1220","[百家珍]蜂蜜蘋果醋","Root;食材;其它類;水果類;蘋果;調味料;點心甜品類;蜂蜜;醋"
"1221","[百家珍]鳳梨醋","Root;食材;其它類;水果類;調味料;鳳梨;醋"
"1222","[百家珍]蔓越莓醋","Root;食材;其它類;水果類;莓果;調味料;醋"
"1223","[百家珍]檸檬醋","Root;食材;其它類;水果類;柑橘;調味料;檸檬;醋"
"1224","[百家珍]嚴選精釀蘋果醋-無糖","Root;食材;其它類;水果類;蘋果;調味料;醋"
"1225","[百家珍]蘆薈醋","Root;食材;其它類;蔬菜類;調味料;醋"
"1226","[百家珍]蘋果即飲醋","Root;食材;其它類;水果類;蘋果;調味料;飲品類;醋"
"1227","[百家珍]蘋果醋","Root;食材;其它類;水果類;蘋果;調味料;醋"
"1228","[百格仕]頂級原味100%霍希布蘭卡橄欖油","Root;食材;油類;橄欖油"
"1229","[竹北市農會] 梅得冒泡有機黃梅氣泡飲","Root;食材;其它類;水果類;梅子;飲品類;汽水"
"1230","[米森]有機漢方人蔘茶","Root;食材;其它類;中藥材;飲品類;茶類"
"1231","[老協珍]熬雞精 紅棗枸杞口味","Root;食材;其它類;肉類;中藥材;雞;飲品類;紅棗"
"1232","[老協珍]熬雞精 暖薑口味","Root;食材;其它類;肉類;蔬菜類;薑;雞;飲品類"
"1233","[西井村]冰雞爪凍","Root;食材;肉類;雞"
"1234","[西井村]雞翅膀","Root;食材;肉類;雞"
"1235","[西雅圖]白咖啡二合一","Root;食材;其它類;飲品類;咖啡"
"1236","[西雅圖]白咖啡三合一","Root;食材;其它類;飲品類;咖啡"
"1237","[西雅圖]萃選大濾掛咖啡","Root;食材;其它類;飲品類;咖啡"
"1238","[西雅圖]極品咖啡貝瑞斯塔2+1","Root;食材;其它類;飲品類;咖啡"
"1239","[西雅圖]極品咖啡貝瑞斯塔3+1","Root;食材;其它類;飲品類;咖啡"
"1240","[西雅圖]極品萃選拿鐵三合一","Root;食材;其它類;飲品類;咖啡;拿鐵"
"1241","[西雅圖]極品綜合濾掛咖啡-藝伎綜合","Root;食材;其它類;飲品類;咖啡"
"1242","[西雅圖]極品濾掛咖啡-極品綜合","Root;食材;其它類;飲品類;咖啡"
"1243","[西雅圖]極品濾掛咖啡-藍山綜合","Root;食材;其它類;飲品類;咖啡"
"1244","[西雅圖]極品嚴焙大濾掛咖啡","Root;食材;其它類;飲品類;咖啡"
"1245","[西雅圖]綜合濾掛咖啡-全天候","Root;食材;其它類;飲品類;咖啡"
"1246","[西雅圖]濃黑冰咖啡","Root;食材;其它類;飲品類;咖啡"
"1247","[西雅圖]藍山風味拿鐵","Root;食材;其它類;飲品類;咖啡;拿鐵"
"1248","[西雅圖]藍山風味拿鐵二合一","Root;食材;其它類;飲品類;咖啡;拿鐵"
"1249","[西嶼阿東]花枝蝦餅","Root;食材;海鮮類;甲殼類;頭足類;蝦"
"1250","[伯朗]EX雙倍濃烈咖啡","Root;食材;其它類;飲品類;咖啡"
"1251","[伯朗]ONE BREW即溶-含糖咖啡","Root;食材;其它類;飲品類;咖啡"
"1252","[伯朗]ONE BREW即溶-黑咖啡","Root;食材;其它類;飲品類;咖啡;黑咖啡"
"1253","[伯朗]Pure Brew 醇厚拿鐵","Root;食材;其它類;飲品類;咖啡;拿鐵"
"1254","[伯朗]PureBrew 精萃美式無糖","Root;食材;其它類;飲品類;咖啡;黑咖啡"
"1255","[伯朗]二合一咖啡-無糖","Root;食材;其它類;飲品類;咖啡"
"1256","[伯朗]二合一曼特寧咖啡-無糖","Root;食材;其它類;飲品類;咖啡"
"1257","[伯朗]三合一可可亞","Root;食材;堅果種子類;可可"
"1258","[伯朗]三合一咖啡藍山風味","Root;食材;其它類;飲品類;咖啡"
"1259","[伯朗]三合一曼特寧咖啡","Root;食材;其它類;飲品類;咖啡"
"1260","[伯朗]千層風味拿鐵","Root;食材;其它類;飲品類;咖啡;拿鐵"
"1261","[伯朗]大濾掛咖啡-花柚晨曦風味","Root;食材;其它類;飲品類;咖啡"
"1262","[伯朗]大濾掛咖啡-堅果蜜香風味","Root;食材;其它類;堅果種子類;飲品類;咖啡"
"1263","[伯朗]大濾掛咖啡-義式中深焙","Root;食材;其它類;飲品類;咖啡"
"1264","[伯朗]大濾掛咖啡-精選深烘焙","Root;食材;其它類;飲品類;咖啡"
"1265","[伯朗]世界藏家五國特選拿鐵","Root;食材;其它類;飲品類;咖啡;拿鐵"
"1266","[伯朗]世界藏家五國頂級美式","Root;食材;其它類;飲品類;咖啡;黑咖啡"
"1267","[伯朗]白金頂級咖啡","Root;食材;其它類;飲品類;咖啡"
"1268","[伯朗]伯朗絲絨奶茶_濃厚乳感","Root;食材;其它類;飲品類;茶類;奶茶"
"1269","[伯朗]伯朗嚴選濾掛咖啡-焙郁醇香","Root;食材;其它類;飲品類;咖啡"
"1270","[伯朗]冷萃濾泡咖啡-堅果醇香風味","Root;食材;其它類;堅果種子類;飲品類;咖啡"
"1271","[伯朗]咖啡","Root;食材;其它類;飲品類;咖啡"
"1272","[伯朗]咖啡曼特寧風味2合1","Root;食材;其它類;飲品類;咖啡"
"1273","[伯朗]咖啡曼特寧風味3合1","Root;食材;其它類;飲品類;咖啡"
"1274","[伯朗]咖啡-越式風味咖啡/三合一","Root;食材;其它類;飲品類;咖啡"
"1275","[伯朗]重焙曼特寧風味","Root;食材;其它類;飲品類;咖啡"
"1276","[伯朗]特濃湖鹽咖啡三合一","Root;食材;其它類;調味料;飲品類;咖啡;鹽"
"1277","[伯朗]純萃無糖美式","Root;食材;其它類;飲品類;咖啡;黑咖啡"
"1278","[伯朗]曼特寧二合一咖啡","Root;食材;其它類;飲品類;咖啡"
"1279","[伯朗]曼特寧咖啡","Root;食材;其它類;飲品類;咖啡"
"1280","[伯朗]無糖醇香拿鐵二合一","Root;食材;其它類;飲品類;咖啡;拿鐵"
"1281","[伯朗]焦糖烤布蕾拿鐵","Root;食材;其它類;飲品類;點心甜品類;咖啡;拿鐵"
"1282","[伯朗]絲絨奶茶_濃厚乳感","Root;食材;其它類;飲品類;茶類;奶茶"
"1283","[伯朗]雲朵卡布奇諾三合一","Root;食材;其它類;飲品類;咖啡"
"1284","[伯朗]雲朵焦糖瑪琪朵三合一","Root;食材;其它類;飲品類;咖啡"
"1285","[伯朗]醇香拿鐵","Root;食材;其它類;飲品類;咖啡;拿鐵"
"1286","[伯朗]醇黑咖啡無糖","Root;食材;其它類;飲品類;咖啡;黑咖啡"
"1287","[伯朗]嚐家濾掛咖啡-盛綻果宴","Root;食材;其它類;飲品類;咖啡"
"1288","[伯朗]嚐家濾掛咖啡-榛曦","Root;食材;其它類;堅果種子類;榛果;飲品類;咖啡"
"1289","[伯朗]鮮萃奶茶","Root;食材;其它類;飲品類;茶類;奶茶"
"1290","[伯朗]藍山咖啡","Root;食材;其它類;飲品類;咖啡"
"1291","[伯朗]藍山極萃風味","Root;食材;其它類;飲品類;咖啡"
"1292","[克寧]100%純生乳奶粉","Root;食材;乳品類;牛奶;奶粉"
"1293","[克寧]SuperKid 高鈣成長牛乳","Root;食材;乳品類;牛奶"
"1294","[克寧]Superkid高鈣成長牛奶","Root;食材;乳品類;牛奶"
"1295","[克寧]UC-II靈活高鈣奶粉","Root;食材;乳品類;牛奶;奶粉"
"1296","[克寧]全家三倍鈣奶粉","Root;食材;乳品類;牛奶;奶粉"
"1297","[克寧]克寧SuperKid高鈣成長牛乳","Root;食材;乳品類;牛奶"
"1298","[克寧]克寧草莓優酪乳","Root;食材;乳品類;水果類;牛奶;莓果;發酵乳;草莓;優酪優格"
"1299","[克寧]克寧紫薯藜麥牛乳","Root;食材;乳品類;全穀雜糧類;地瓜;牛奶;麥"
"1300","[克寧]芭那那高纖牛乳","Root;食材;乳品類;水果類;牛奶;香蕉"
"1301","[克寧]紅豆燕麥牛乳","Root;食材;乳品類;全穀雜糧類;牛奶;紅豆綠豆;麥;燕麥"
"1302","[克寧]草莓優酪乳","Root;食材;乳品類;水果類;牛奶;莓果;發酵乳;草莓;優酪優格"
"1303","[克寧]晚安奶粉","Root;食材;乳品類;牛奶;奶粉"
"1304","[克寧]紫薯藜麥牛乳","Root;食材;乳品類;全穀雜糧類;地瓜;牛奶;麥"
"1305","[克寧]綜合莓果·漾牛乳","Root;食材;乳品類;水果類;牛奶;莓果"
"1306","[克寧]銀養奶粉高鈣順暢配方","Root;食材;乳品類;牛奶;奶粉"
"1307","[克寧]銀養高鈣全方位奶粉","Root;食材;乳品類;牛奶;奶粉"
"1308","[克寧]銀養高鈣葉黃素奶粉","Root;食材;乳品類;牛奶;奶粉"
"1309","[克寧]銀養高鈣葡萄糖胺奶粉","Root;食材;乳品類;牛奶;奶粉"
"1310","[克寧]銀養高鈣雙效奶粉","Root;食材;乳品類;牛奶;奶粉"
"1311","[呂師傅]豬肉高麗菜水餃","Root;食材;全穀雜糧類;肉類;蔬菜類;葉菜類蔬菜;豬;餃子;高麗菜"
"1312","[每朝]EX黑咖啡","Root;食材;其它類;飲品類;咖啡;黑咖啡"
"1313","[每朝]健康茶","Root;食材;其它類;飲品類;茶類"
"1314","[每朝]無糖紅茶","Root;食材;其它類;飲品類;茶類;紅茶"
"1315","[每朝]雙纖綠茶","Root;食材;其它類;飲品類;茶類;綠茶抹茶"
"1316","[每朝健康]無糖熟藏紅茶","Root;食材;其它類;飲品類;茶類;紅茶"
"1317","[每朝健康]綠茶","Root;食材;其它類;飲品類;茶類;綠茶抹茶"
"1318","[每朝健康]雙纖綠茶","Root;食材;其它類;飲品類;茶類;綠茶抹茶"
"1319","[究·選 SUAN]草莓紅茶氣泡飲","Root;食材;其它類;水果類;莓果;飲品類;茶類;草莓;紅茶"
"1320","[良金牧場]金門高粱牛肉角-原味","Root;食材;其它類;肉類;牛;飲品類;酒;高粱"
"1321","[良金牧場]金門高粱牛肉角-綜合","Root;食材;其它類;肉類;牛;飲品類;酒;高粱"
"1322","[良金牧場]金門高粱牛肉角-辣味","Root;食材;其它類;肉類;蔬菜類;牛;辣椒;飲品類;酒;高粱"
"1323","[良金牧場]高粱牛肉乾-原味","Root;食材;其它類;肉類;加工肉品;牛;飲品類;肉乾;酒;高粱"
"1324","[良金牧場]高粱牛肉乾-辣味","Root;食材;其它類;肉類;蔬菜類;加工肉品;牛;辣椒;飲品類;肉乾;酒;高粱"
"1325","[良澔]大溪名產-豆丁","Root;食材;豆類;豆干"
"1326","[良澔]大溪名產豆丁-蒜香口味","Root;食材;蔬菜類;豆類;蒜;豆干"
"1327","[良澔]大溪名產豆丁-辣味","Root;食材;蔬菜類;豆類;豆干;辣椒"
"1328","[良澔]蜜汁蒜香豬肉條","Root;食材;其它類;肉類;蔬菜類;蒜;豬;點心甜品類;蜂蜜"
"1329","[良澔]蜜汁豬肉乾","Root;食材;其它類;肉類;加工肉品;豬;點心甜品類;肉乾;蜂蜜"
"1330","[谷溜谷溜][!梅]漢方烏梅汁","Root;食材;其它類;水果類;梅子;飲品類;蔬果汁"
"1331","[貝納頌]二合一咖啡-拿鐵","Root;食材;其它類;飲品類;咖啡;拿鐵"
"1332","[貝納頌]二合一咖啡-曼特寧","Root;食材;其它類;飲品類;咖啡"
"1333","[貝納頌]三合一咖啡-曼特寧","Root;食材;其它類;飲品類;咖啡"
"1334","[貝納頌]咖啡-直火炭焙","Root;食材;其它類;飲品類;咖啡"
"1335","[貝納頌]咖啡-經典黑咖啡","Root;食材;其它類;飲品類;咖啡;黑咖啡"
"1336","[貝納頌]咖啡-榛果風味拿鐵","Root;食材;其它類;堅果種子類;榛果;飲品類;咖啡;拿鐵"
"1337","[貝納頌]黑咖啡","Root;食材;其它類;飲品類;咖啡;黑咖啡"
"1338","[貝納頌]經典拿鐵咖啡","Root;食材;其它類;飲品類;咖啡;拿鐵"
"1339","[貝納頌]經典曼特寧咖啡","Root;食材;其它類;飲品類;咖啡"
"1340","[貝納頌]義式特濃拿鐵","Root;食材;其它類;飲品類;咖啡;拿鐵"
"1341","[貝納頌]義式特濃黑咖啡","Root;食材;其它類;飲品類;咖啡;黑咖啡"
"1342","[貝納頌]輕負擔機能黑咖啡","Root;食材;其它類;飲品類;咖啡;黑咖啡"
"1343","[貝納頌]濾泡式咖啡曼特寧","Root;食材;其它類;飲品類;咖啡"
"1344","[貝納頌]濾泡經典咖啡哥倫比亞","Root;食材;其它類;飲品類;咖啡"
"1345","[赤豪家庭私廚]人蔘香菇雞湯","Root;食材;其它類;肉類;蔬菜類;中藥材;菌菇;複合食品;雞;湯品"
"1346","[赤豪家庭私廚]大份量全牛烤肉箱","Root;食材;肉類;牛"
"1347","[赤豪家庭私廚]大份量豬/雞烤肉箱","Root;食材;肉類;豬;雞"
"1348","[赤豪家庭私廚]古早味大腸麵線羹","Root;食材;全穀雜糧類;其它類;肉類;內臟及血製品;複合食品;麵;羹"
"1349","[赤豪家庭私廚]古早味里肌燒肉片","Root;食材;肉類"
"1350","[赤豪家庭私廚]古早味雞腿排","Root;食材;肉類;雞"
"1351","[赤豪家庭私廚]肉多多紅燒酸菜牛肉湯","Root;食材;其它類;肉類;蔬菜類;牛;葉菜類蔬菜;複合食品;湯品"
"1352","[赤豪家庭私廚]冷凍日式素蒸餃","Root;食材;全穀雜糧類;餃子"
"1353","[赤豪家庭私廚]冷凍韭菜豬肉熟蒸餃","Root;食材;全穀雜糧類;肉類;蔬菜類;葉菜類蔬菜;豬;餃子"
"1354","[赤豪家庭私廚]冷凍高麗菜豬肉熟蒸餃","Root;食材;全穀雜糧類;肉類;蔬菜類;葉菜類蔬菜;豬;餃子;高麗菜"
"1355","[赤豪家庭私廚]私房老醬滷牛三寶","Root;食材;肉類;內臟及血製品;牛"
"1356","[赤豪家庭私廚]岡山藥膳羊肉爐","Root;食材;其它類;肉類;中藥材;羊;複合食品;火鍋"
"1357","[赤豪家庭私廚]法式經典薯條","Root;食材;全穀雜糧類;馬鈴薯"
"1358","[赤豪家庭私廚]青蔥椒鹽牛舌","Root;食材;其它類;肉類;蔬菜類;牛;蔥;調味料;胡椒;鹽"
"1359","[赤豪家庭私廚]紅燒酸菜牛肉爐","Root;食材;其它類;肉類;牛;複合食品;火鍋"
"1360","[赤豪家庭私廚]美式牛肉漢堡排","Root;食材;肉類;加工肉品;牛"
"1361","[赤豪家庭私廚]美式調味楔型薯條","Root;食材;全穀雜糧類;馬鈴薯"
"1362","[赤豪家庭私廚]香烤豬粉腸","Root;食材;肉類;內臟及血製品;豬"
"1363","[赤豪家庭私廚]香酥英式炸魚條","Root;食材;海鮮類;魚類"
"1364","[赤豪家庭私廚]香酥蔥抓餅","Root;食材;全穀雜糧類;蔬菜類;蔥;麵餅"
"1365","[赤豪家庭私廚]家傳萬巒豬腳_附蒜蓉醬","Root;食材;肉類;蔬菜類;蒜;豬"
"1366","[赤豪家庭私廚]紐奧良燒烤翅小腿","Root;食材;肉類;雞"
"1367","[赤豪家庭私廚]高麗菜豬肉水餃","Root;食材;全穀雜糧類;肉類;蔬菜類;葉菜類蔬菜;豬;餃子;高麗菜"
"1368","[赤豪家庭私廚]章魚風味丸子燒","Root;食材;海鮮類;頭足類"
"1369","[赤豪家庭私廚]麻油火鍋","Root;食材;其它類;油類;複合食品;麻油;火鍋"
"1370","[赤豪家庭私廚]麻油松坂豬料理組","Root;食材;油類;肉類;豬;麻油"
"1371","[赤豪家庭私廚]麻油雞佛料理組","Root;食材;油類;肉類;內臟及血製品;雞;麻油"
"1372","[赤豪家庭私廚]椒鹽鮮嫩雞中翅","Root;食材;其它類;肉類;調味料;雞;胡椒;鹽"
"1373","[赤豪家庭私廚]無骨香酥雞米花","Root;食材;肉類;雞"
"1374","[赤豪家庭私廚]黑胡椒牛柳料理組","Root;食材;其它類;肉類;牛;調味料;胡椒"
"1375","[赤豪家庭私廚]黑胡椒醬鐵板麵","Root;食材;全穀雜糧類;其它類;調味料;麵;胡椒"
"1376","[赤豪家庭私廚]經典古早味干貝蝦仁海鮮羹","Root;食材;其它類;海鮮類;甲殼類;複合食品;貝類;干貝;羹;蝦"
"1377","[赤豪家庭私廚]經典奶黃包","Root;食材;全穀雜糧類;其它類;蛋類;包子饅頭;奶油"
"1378","[赤豪家庭私廚]經典酥嫩月亮蝦餅","Root;食材;全穀雜糧類;海鮮類;甲殼類;麵餅;蝦"
"1379","[赤豪家庭私廚]經典義大利麵組","Root;食材;全穀雜糧類;麵;義大利麵"
"1380","[赤豪家庭私廚]經典燒包任選","Root;食材;全穀雜糧類;包子饅頭"
"1381","[赤豪家庭私廚]蒙古火鍋","Root;食材;其它類;複合食品;火鍋"
"1382","[赤豪家庭私廚]酸菜白肉火鍋","Root;食材;其它類;肉類;蔬菜類;葉菜類蔬菜;複合食品;火鍋"
"1383","[赤豪家庭私廚]蔥燒鮮肉大餡餅","Root;食材;全穀雜糧類;肉類;蔬菜類;蔥;麵餅"
"1384","[赤豪家庭私廚]濃香芝麻包","Root;食材;全穀雜糧類;堅果種子類;包子饅頭;芝麻"
"1385","[赤豪家庭私廚]韓式泡菜火鍋超值組","Root;食材;其它類;蔬菜類;葉菜類蔬菜;複合食品;泡菜;火鍋"
"1386","[赤豪家庭私廚]鮮蔥肉包","Root;食材;全穀雜糧類;肉類;蔬菜類;包子饅頭;蔥"
"1387","[享活]有機黑木耳露-銀杏","Root;食材;堅果種子類;蔬菜類;菌菇;木耳"
"1388","[享活]雪銀耳露","Root;食材;蔬菜類;菌菇;木耳"
"1389","[京都小川]濾掛式咖啡-淺焙","Root;食材;其它類;飲品類;咖啡"
"1390","[依格閣]有機特級初榨橄欖油","Root;食材;油類;橄欖油"
"1391","[初品果]雲林口湖手工日曬一口吃烏魚子袋裝","Root;食材;海鮮類;魚類;魚卵"
"1392","[初品果]雲林口湖手工日曬一口吃烏魚子禮盒","Root;食材;海鮮類;魚類;魚卵"
"1393","[初品果]雲林口湖手工日曬烏魚子禮盒","Root;食材;海鮮類;魚類;魚卵"
"1394","[初鹿牧場]巧克力牛乳/保久調味乳","Root;食材;乳品類;堅果種子類;可可;牛奶;保久乳"
"1395","[初鹿牧場]原味牛乳","Root;食材;乳品類;牛奶"
"1396","[初鹿牧場]草莓乳酸飲","Root;食材;其它類;水果類;莓果;飲品類;草莓"
"1397","[初嚐]紅烏龍茶","Root;食材;其它類;飲品類;茶類;烏龍青茶"
"1398","[味丹]七喜檸檬汽水","Root;食材;其它類;水果類;柑橘;飲品類;檸檬;汽水"
"1399","[味丹]心茶道冬瓜茶","Root;食材;其它類;蔬菜類;瓜果類蔬菜;飲品類;冬瓜;茶類"
"1400","[味丹]心茶道健康青草茶","Root;食材;其它類;飲品類;茶類"
"1401","[味丹]心茶道鳳梨冬瓜茶","Root;食材;其它類;水果類;蔬菜類;瓜果類蔬菜;飲品類;鳳梨;冬瓜;茶類"
"1402","[味丹]心茶道檸檬冬瓜茶","Root;食材;其它類;水果類;蔬菜類;柑橘;瓜果類蔬菜;飲品類;冬瓜;檸檬;茶類"
"1403","[味丹]冬瓜茶","Root;食材;其它類;蔬菜類;瓜果類蔬菜;飲品類;冬瓜;茶類"
"1404","[味丹]多喝水","Root;食材;其它類;飲品類;飲用水"
"1405","[味丹]多喝水MORE+維他命氣泡水-百香果風味","Root;食材;其它類;水果類;百香果;飲品類;汽水"
"1406","[味丹]多喝水-MORE氣泡水","Root;食材;其它類;飲品類;汽水"
"1407","[味丹]多喝水MORE氣泡水-蜜桃風味","Root;食材;其它類;水果類;水蜜桃;飲品類;汽水"
"1408","[味丹]多喝水MORE氣泡水-檸檬風味","Root;食材;其它類;水果類;柑橘;飲品類;檸檬;汽水"
"1409","[味丹]多喝水-百香果維他命氣泡水","Root;食材;其它類;水果類;百香果;飲品類;汽水"
"1410","[味丹]多喝水-純氣泡水","Root;食材;其它類;飲品類;汽水"
"1411","[味丹]多喝水-微鹼性竹炭離子水","Root;食材;其它類;飲品類;飲用水"
"1412","[味丹]多喝水-蜜桃氣泡水","Root;食材;其它類;水果類;水蜜桃;飲品類;汽水"
"1413","[味丹]多喝水-檸檬風味氣泡水","Root;食材;其它類;水果類;柑橘;飲品類;檸檬;汽水"
"1414","[味丹]多喝水-檸檬氣泡水","Root;食材;其它類;水果類;柑橘;飲品類;檸檬;汽水"
"1415","[味丹]多喝水-礦泉水","Root;食材;其它類;飲品類;飲用水"
"1416","[味丹]多喝水鹼性竹炭水","Root;食材;其它類;飲品類;飲用水"
"1417","[味丹]竹炭水","Root;食材;其它類;飲品類;飲用水"
"1418","[味丹]究·選SUAN草莓紅茶氣泡飲","Root;食材;其它類;水果類;莓果;飲品類;茶類;草莓;紅茶"
"1419","[味丹]究·選SUAN草莓紅茶氣泡飲","Root;食材;其它類;水果類;莓果;飲品類;汽水;茶類;草莓;紅茶"
"1420","[味丹]究選SUAN氣泡蜜桃紅茶","Root;食材;其它類;水果類;水蜜桃;飲品類;茶類;紅茶"
"1421","[味丹]青草茶","Root;食材;其它類;飲品類;茶類"
"1422","[味丹]鳳梨冬瓜茶","Root;食材;其它類;水果類;蔬菜類;瓜果類蔬菜;飲品類;鳳梨;冬瓜;茶類"
"1423","[味全]牛乳","Root;食材;乳品類;牛奶"
"1424","[味全]極品限定可可牛乳","Root;食材;乳品類;堅果種子類;可可;牛奶"
"1425","[味全]極品限定高鈣牛乳","Root;食材;乳品類;牛奶"
"1426","[味全]極品限定蘋果牛乳","Root;食材;乳品類;水果類;牛奶;蘋果"
"1427","[味全]睡前牛乳","Root;食材;乳品類;牛奶"
"1428","[味島]香鬆-海苔香味","Root;食材;蔬菜類;海苔"
"1429","[味島]香鬆-鰹節香味","Root;食材;海鮮類;魚類"
"1430","[味覺生機]深海鮪魚糖","Root;食材;海鮮類;魚類;鮪魚"
"1431","[咖啡廣場]統一咖啡廣場-調合式冰咖啡","Root;食材;其它類;飲品類;咖啡"
"1432","[宗家府]食堂-韓國芝麻葉","Root;食材;蔬菜類;葉菜類蔬菜"
"1433","[旺日小舖]Pokka伊達麥茶","Root;食材;全穀雜糧類;其它類;飲品類;麥;茶類"
"1434","[旺旺]吸C凍可吸果凍-草莓果汁風味","Root;食材;其它類;水果類;莓果;飲品類;點心甜品類;凍類甜品;草莓;蔬果汁;果凍"
"1435","[旺旺]吸C凍可吸果凍-葡萄果汁風味","Root;食材;其它類;水果類;葡萄;飲品類;點心甜品類;凍類甜品;蔬果汁;果凍"
"1436","[旺旺]旺仔牛奶","Root;食材;乳品類;牛奶"
"1437","[旺旺]浪味-味付魚燒","Root;食材;海鮮類;魚類"
"1438","[昇樺]雞肉鬆","Root;食材;肉類;加工肉品;雞;肉鬆"
"1439","[昇樺]雞肉鬆-芝麻海苔","Root;食材;堅果種子類;肉類;蔬菜類;加工肉品;海苔;芝麻;雞;肉鬆"
"1440","[昊之蔘]人蔘禮盒","Root;食材;其它類;中藥材"
"1441","[昊之蔘]花漾人蔘禮盒","Root;食材;其它類;中藥材"
"1442","[易而善]100% 純鮮奶粉","Root;食材;乳品類;牛奶;奶粉"
"1443","[易而善]金配方高鈣奶粉","Root;食材;乳品類;牛奶;奶粉"
"1444","[易而善]恆醣定補鉻營養素奶粉","Root;食材;乳品類;牛奶;奶粉"
"1445","[易而善]新女性膠原纖亮奶粉","Root;食材;乳品類;牛奶;奶粉"
"1446","[易而善]蜂膠成人羊奶粉","Root;食材;乳品類;肉類;牛奶;羊;奶粉"
"1447","[易而善]蜂膠營養強化奶粉-幼兒奶粉","Root;食材;乳品類;牛奶;奶粉"
"1448","[易而善]蜂膠營養強化羊奶粉-幼兒適用","Root;食材;乳品類;肉類;牛奶;羊;奶粉"
"1449","[易而善]德森蜜 Q10 珍珠鈣奶粉","Root;食材;乳品類;牛奶;奶粉"
"1450","[易而善]德森蜜運動配方奶粉","Root;食材;乳品類;牛奶;奶粉"
"1451","[易而善]龜鹿雙寶葡萄糖胺營養素奶粉","Root;食材;乳品類;牛奶;奶粉"
"1452","[易而善]優蛋白高纖高鈣營養素奶粉","Root;食材;乳品類;牛奶;奶粉"
"1453","[東方飲]草莓風味氣泡飲","Root;食材;其它類;水果類;莓果;飲品類;汽水;草莓"
"1454","[東方飲]荔枝風味氣泡飲","Root;食材;其它類;水果類;荔枝;飲品類;汽水"
"1455","[東方飲]韓味柚子茶","Root;食材;其它類;水果類;柑橘;飲品類;柚子;茶類"
"1456","[東海大學]巧克力保久乳","Root;食材;乳品類;堅果種子類;可可;牛奶;保久乳"
"1457","[東海大學]原味保久乳","Root;食材;乳品類;牛奶;保久乳"
"1458","[東海大學]原味保久乳/巧克力保久乳","Root;食材;乳品類;堅果種子類;可可;牛奶;保久乳"
"1459","[東港]大豬公風味魚片","Root;食材;海鮮類;魚類"
"1460","[東港]炭烤魷魚風味條","Root;食材;海鮮類;頭足類;魷魚"
"1461","[東港]紅燒魚","Root;食材;海鮮類;魚類"
"1462","[東港]香之魚","Root;食材;海鮮類;魚類"
"1463","[東港]麻辣魚排燒","Root;食材;其它類;海鮮類;調味料;魚類;麻辣"
"1464","[東港]蜜汁沙茶","Root;食材;其它類;調味料;點心甜品類;沙茶;蜂蜜"
"1465","[林銀杏]滿杏仁飲","Root;食材;其它類;堅果種子類;杏仁;飲品類"
"1466","[林聰明]沙鍋菜+中鮭魚頭","Root;食材;其它類;海鮮類;複合食品;魚類;火鍋;鮭魚"
"1467","[林聰明]經典沙鍋菜","Root;食材;其它類;複合食品;火鍋"
"1468","[河小田]手拍爆汁和牛漢堡排","Root;食材;肉類;加工肉品;牛"
"1469","[河小田]手拍爆汁漢堡排","Root;食材;肉類;加工肉品"
"1470","[法國evian依雲]天然礦泉水","Root;食材;其它類;飲品類;飲用水"
"1471","[法國沛綠雅]氣泡天然礦泉水","Root;食材;其它類;飲品類;汽水;飲用水"
"1472","[法國富維克]天然礦泉水","Root;食材;其它類;飲品類;飲用水"
"1473","[波爾]天然水","Root;食材;其它類;飲品類;飲用水"
"1474","[波爾]波爾茶-葡萄柚口味","Root;食材;其它類;水果類;柑橘;飲品類;柚子;茶類"
"1475","[波爾]葡萄柚口味","Root;食材;水果類;柑橘;柚子"
"1476","[波蜜]100%蔬果汁","Root;食材;其它類;飲品類;蔬果汁"
"1477","[波蜜]100%蘋果葡萄汁","Root;食材;其它類;水果類;葡萄;蘋果;飲品類;蔬果汁"
"1478","[波蜜]C+果菜汁","Root;食材;其它類;飲品類;蔬果汁"
"1479","[波蜜]一日水果100%葡萄汁","Root;食材;其它類;水果類;葡萄;飲品類;蔬果汁"
"1480","[波蜜]一日水果100%蘋果汁","Root;食材;其它類;水果類;蘋果;飲品類;蔬果汁"
"1481","[波蜜]一日蔬果100%紫色蔬果汁","Root;食材;其它類;飲品類;蔬果汁"
"1482","[波蜜]一日蔬果100%蘋果柳橙綜合蔬果汁","Root;食材;其它類;水果類;柑橘;蘋果;飲品類;柳橙;蔬果汁"
"1483","[波蜜]一日蔬果蜜桃蘋果蔬果汁","Root;食材;其它類;水果類;水蜜桃;蘋果;飲品類;蔬果汁"
"1484","[波蜜]一日蔬果蘋果柳橙蔬果","Root;食材;其它類;水果類;柑橘;蘋果;飲品類;柳橙;蔬果汁"
"1485","[波蜜]元氣白桃煎茶","Root;食材;其它類;水果類;水蜜桃;飲品類;茶類"
"1486","[波蜜]元氣皇家奶茶","Root;食材;其它類;飲品類;茶類;奶茶"
"1487","[波蜜]元氣香橙果茶","Root;食材;其它類;水果類;柑橘;飲品類;柳橙;茶類"
"1488","[波蜜]水果豐味-特調嘉年華蔬果汁","Root;食材;其它類;飲品類;蔬果汁"
"1489","[波蜜]冬瓜露","Root;食材;蔬菜類;瓜果類蔬菜;冬瓜"
"1490","[波蜜]冰釀菊花","Root;食材;其它類;飲品類;茶類"
"1491","[波蜜]多果汁","Root;食材;其它類;飲品類;蔬果汁"
"1492","[波蜜]自然植感杏仁果奶","Root;食材;堅果種子類;杏仁"
"1493","[波蜜]自然植感核桃果奶","Root;食材;乳品類;堅果種子類;牛奶"
"1494","[波蜜]低卡果菜汁","Root;食材;其它類;飲品類;蔬果汁"
"1495","[波蜜]果菜汁","Root;食材;其它類;飲品類;蔬果汁"
"1496","[波蜜]波蜜100%蘋果葡萄汁","Root;食材;其它類;水果類;葡萄;蘋果;飲品類;蔬果汁"
"1497","[波蜜]波蜜哈密瓜牛乳","Root;食材;乳品類;水果類;其他水果;牛奶"
"1498","[波蜜]芭樂汁","Root;食材;其它類;水果類;芭樂;飲品類;蔬果汁"
"1499","[波蜜]哈密瓜牛乳","Root;食材;乳品類;水果類;其他水果;牛奶"
"1500","[波蜜]紅番茄汁","Root;食材;其它類;水果類;番茄;飲品類;蔬果汁"
"1501","[波蜜]香蕉牛乳","Root;食材;乳品類;水果類;牛奶;香蕉"
"1502","[波蜜]葡萄汁","Root;食材;其它類;水果類;葡萄;飲品類;蔬果汁"
"1503","[波蜜]漢宮冬瓜茶","Root;食材;其它類;蔬菜類;瓜果類蔬菜;飲品類;冬瓜;茶類"
"1504","[波蜜]漢宮蘆筍汁","Root;食材;其它類;蔬菜類;筍子;飲品類;蔬果汁"
"1505","[波蜜]輕飲果菜汁飲料","Root;食材;其它類;飲品類;蔬果汁"
"1506","[波蜜]蔬果牛乳","Root;食材;乳品類;水果類;蔬菜類;牛奶"
"1507","[波蜜]靠茶四季青茶","Root;食材;其它類;飲品類;茶類;烏龍青茶"
"1508","[波蜜]靠茶初茗紅茶","Root;食材;其它類;飲品類;茶類;紅茶"
"1509","[波蜜]靠茶初茗綠茶","Root;食材;其它類;飲品類;茶類;綠茶抹茶"
"1510","[爭鮮]鮭魚鬆","Root;食材;海鮮類;魚類;鮭魚"
"1511","[芝初]預購芝初黃金3顧苦茶油禮盒","Root;食材;油類"
"1512","[芬達]芬達橘子汽水","Root;食材;其它類;水果類;柑橘;飲品類;汽水"
"1513","[芬達]橘子汽水","Root;食材;其它類;水果類;柑橘;飲品類;汽水"
"1514","[芳茲]日月養生黃金蜆滴雞精彩盒款","Root;食材;其它類;海鮮類;肉類;貝類;雞;飲品類"
"1515","[芳茲]日月養生滴魚精禮盒","Root;食材;其它類;海鮮類;飲品類;魚類"
"1516","[芳茲]日月養生滴雞精禮盒","Root;食材;其它類;肉類;雞;飲品類"
"1517","[虱故鄉]熬魚淬 經典原味禮盒","Root;食材;其它類;海鮮類;飲品類;魚類"
"1518","[虱故鄉]熬魚淬 補氣蜆味禮盒","Root;食材;其它類;海鮮類;貝類;飲品類;魚類"
"1519","[虱故鄉]熬魚淬 養身漢方禮盒","Root;食材;其它類;海鮮類;飲品類;魚類"
"1520","[金車]Crystal Valley 礦沛氣泡水","Root;食材;其它類;飲品類;汽水"
"1521","[金車]Vita Daily 每日活力牛奶蛋白飲","Root;食材;乳品類;其它類;牛奶;飲品類"
"1522","[金車]冰淇淋口味汽水","Root;食材;其它類;飲品類;點心甜品類;冰品;汽水;冰淇淋"
"1523","[金車]波爾茶-葡萄柚口味","Root;食材;其它類;水果類;柑橘;飲品類;柚子;茶類"
"1524","[金車]茶韻-日曦紅茶","Root;食材;其它類;飲品類;茶類;紅茶"
"1525","[金車]茶韻-雲沐烏龍","Root;食材;其它類;飲品類;茶類;烏龍青茶"
"1526","[金車]健酪乳酸-原味","Root;食材;其它類;飲品類"
"1527","[金車]健酪乳酸氣泡飲-原味","Root;食材;其它類;飲品類;汽水"
"1528","[金車]梅子汽水","Root;食材;其它類;水果類;梅子;飲品類;汽水"
"1529","[金車]麥根沙士","Root;食材;其它類;飲品類;汽水"
"1530","[金車]麥根沙士-鳳梨可樂達","Root;食材;其它類;水果類;飲品類;鳳梨;汽水"
"1531","[金車]奧利多水FIBER IN纖維氣泡飲","Root;食材;其它類;飲品類;汽水"
"1532","[金車]微舒打 微氣泡葡萄口味果汁飲料","Root;食材;其它類;水果類;葡萄;飲品類;汽水;蔬果汁"
"1533","[金車]微舒打-葡萄果汁汽水","Root;食材;其它類;水果類;葡萄;飲品類;汽水;蔬果汁"
"1534","[金車]噶瑪蘭麥汁","Root;食材;全穀雜糧類;其它類;飲品類;麥;汽水"
"1535","[金車]礦沛PLUS+ 纖維氣泡水","Root;食材;其它類;飲品類;汽水"
"1536","[金車]蘋果汽水","Root;食材;其它類;水果類;蘋果;飲品類;汽水"
"1537","[金牌大師]原味滴雞精","Root;食材;其它類;肉類;雞;飲品類"
"1538","[金潤益]100%苦茶油","Root;食材;油類"
"1539","[金潤益]小磨香油","Root;食材;油類;香油"
"1540","[長松]大溪名產-滷汁豆乾","Root;食材;豆類;豆干"
"1541","[長松]香豆干","Root;食材;豆類;豆干"
"1542","[長松]海味系列-鱈魚條","Root;食材;海鮮類;魚類;鱈魚"
"1543","[長松]烤花枝魚干","Root;食材;海鮮類;頭足類;魚類"
"1544","[長松]燒切干辛豆腐條","Root;食材;豆類;豆腐"
"1545","[長松]燒切干純素豆皮","Root;食材;豆類"
"1546","[長松]燒切干純素豆乾-麻辣口味","Root;食材;其它類;豆類;調味料;豆干;麻辣"
"1547","[長松]燒切干素豆腐乾","Root;食材;豆類;豆干;豆腐"
"1548","[長松]鱈魚香絲","Root;食材;海鮮類;魚類;鱈魚"
"1549","[阿爸ㄟ土豆]香蔥花生","Root;食材;堅果種子類;蔬菜類;花生;蔥"
"1550","[阿爸ㄟ土豆]麻辣花生","Root;食材;其它類;堅果種子類;花生;調味料;麻辣"
"1551","[阿爸ㄟ土豆]蔥辣花生","Root;食材;堅果種子類;蔬菜類;花生;蔥;辣椒"
"1552","[阿城鵝肉]鵝油香蒜","Root;食材;油類;蔬菜類;蒜"
"1553","[阿城鵝肉]鵝油香蔥","Root;食材;油類;蔬菜類;蔥"
"1554","[阿琴水餃]熱賣經典-鮮豬肉手工冷凍水餃","Root;食材;全穀雜糧類;肉類;豬;餃子"
"1555","[阿琴水餃]鮮豬肉水餃-大根鮮肉","Root;食材;全穀雜糧類;肉類;蔬菜類;根莖類蔬菜;豬;餃子"
"1556","[阿琴水餃]鮮豬肉水餃-玉米濃湯","Root;食材;全穀雜糧類;其它類;肉類;玉米;複合食品;豬;餃子;湯品"
"1557","[阿琴水餃]鮮豬肉水餃-韭菜鮮肉","Root;食材;全穀雜糧類;肉類;蔬菜類;葉菜類蔬菜;豬;餃子"
"1558","[阿琴水餃]鮮豬肉水餃-高麗菜鮮肉","Root;食材;全穀雜糧類;肉類;蔬菜類;葉菜類蔬菜;豬;餃子;高麗菜"
"1559","[阿琴水餃]鮮豬肉水餃-瓠瓜鮮肉","Root;食材;全穀雜糧類;肉類;蔬菜類;瓜果類蔬菜;豬;餃子"
"1560","[阿薩姆]奶茶","Root;食材;其它類;飲品類;茶類;奶茶"
"1561","[阿薩姆]阿薩姆芋香奶茶","Root;食材;全穀雜糧類;其它類;芋頭;飲品類;茶類;奶茶"
"1562","[阿薩姆]阿薩姆草莓奶茶","Root;食材;其它類;水果類;莓果;飲品類;茶類;草莓;奶茶"
"1563","[阿薩姆]阿薩姆蘋果奶茶","Root;食材;其它類;水果類;蘋果;飲品類;茶類;奶茶"
"1564","[阿薩姆]紅茶","Root;食材;其它類;飲品類;茶類;紅茶"
"1565","[阿薩姆]原味奶茶","Root;食材;其它類;飲品類;茶類;奶茶"
"1566","[阿薩姆]雙茶會奶茶","Root;食材;其它類;飲品類;茶類;奶茶"
"1567","[青美嚴選]台灣嚴選厚切多汁豬肉條","Root;食材;肉類;豬"
"1568","[青森農協]日本APLS阿爾卑斯紅葡萄汁","Root;食材;其它類;水果類;葡萄;飲品類;蔬果汁"
"1569","[青森農協]希望之雫蘋果汁","Root;食材;其它類;水果類;蘋果;飲品類;蔬果汁"
"1570","[青森農協]林檎蘋果汁","Root;食材;其它類;水果類;蘋果;飲品類;蔬果汁"
"1571","[青森農協]青森蘋果汁盒裝系列","Root;食材;其它類;水果類;蘋果;飲品類;蔬果汁"
"1572","[青葉]有機紅豆湯","Root;食材;全穀雜糧類;其它類;紅豆綠豆;複合食品;湯品"
"1573","[青葉]枸杞燉銀耳","Root;食材;其它類;蔬菜類;中藥材;菌菇;木耳"
"1574","[非黑不可]蜂梨糖","Root;食材;其它類;點心甜品類"
"1575","[保力達]水蠻牛飲料","Root;食材;其它類;飲品類"
"1576","[保力達]蠻牛維他命B飲料","Root;食材;其它類;飲品類"
"1577","[南北坊]日正南北坊小磨香油","Root;食材;油類;香油"
"1578","[屏東縣農會]屏農紅豆湯","Root;食材;全穀雜糧類;其它類;紅豆綠豆;複合食品;湯品"
"1579","[建榮]旗魚脯","Root;食材;海鮮類;魚類"
"1580","[枸杞家園]All-in-1波森莓+鐵","Root;食材;水果類;莓果"
"1581","[枸杞家園]有機認證100%枸杞","Root;食材;其它類;中藥材"
"1582","[枸杞家園]有機認證枸杞原汁","Root;食材;其它類;中藥材;飲品類"
"1583","[枸杞家園]華世有機認證枸杞","Root;食材;其它類;中藥材"
"1584","[津津]蘆筍汁","Root;食材;其它類;蔬菜類;筍子;飲品類;蔬果汁"
"1585","[洽通]虱目魚皮","Root;食材;海鮮類;魚類;虱目魚"
"1586","[洽通]虱目魚柳","Root;食材;海鮮類;魚類;虱目魚"
"1587","[洽通]無刺虱目魚肚","Root;食材;海鮮類;魚類;虱目魚"
"1588","[珍珍]沖繩黑糖魷魚","Root;食材;其它類;海鮮類;頭足類;點心甜品類;魷魚;黑糖"
"1589","[珍珍]芝麻鱈絲","Root;食材;堅果種子類;海鮮類;芝麻;魚類"
"1590","[珍珍]香烤魷魚條","Root;食材;海鮮類;頭足類;魷魚"
"1591","[珍珍]魷魚片","Root;食材;海鮮類;頭足類;魷魚"
"1592","[珍珍]魷魚絲","Root;食材;海鮮類;頭足類;魷魚"
"1593","[珍珍]鮭魚風味手燒卷","Root;食材;海鮮類;魚類;鮭魚"
"1594","[珍珍]鱈香魚片","Root;食材;海鮮類;魚類;鱈魚"
"1595","[珍珍]鱈魚香絲","Root;食材;海鮮類;魚類;鱈魚"
"1596","[皇族]綜合優格果凍-水蜜桃+草莓","Root;食材;乳品類;其它類;水果類;水蜜桃;牛奶;莓果;點心甜品類;凍類甜品;發酵乳;草莓;優酪優格;果凍"
"1597","[皇族]綜合優格果凍-原味+草莓","Root;食材;乳品類;其它類;水果類;牛奶;莓果;點心甜品類;凍類甜品;發酵乳;草莓;優酪優格;果凍"
"1598","[皇嘉]Frantoio橄欖油","Root;食材;油類;橄欖油"
"1599","[皇嘉]Hojiblanca橄欖油","Root;食材;油類;橄欖油"
"1600","[皇嘉]雙品種橄欖油","Root;食材;油類;橄欖油"
"1601","[約克街肉舖]七里香燒烤串","Root;食材;肉類;雞"
"1602","[約克街肉舖]天然放牧無毒黑羽土雞切塊","Root;食材;肉類;雞"
"1603","[約克街肉舖]手拍A5和牛漢堡排","Root;食材;肉類;加工肉品;牛"
"1604","[約克街肉舖]日本A5極饌和牛燒肉片","Root;食材;肉類;牛"
"1605","[約克街肉舖]日本A5極饌雪紋和牛排","Root;食材;肉類;牛"
"1606","[約克街肉舖]日本F1奧羽雪紋和牛排","Root;食材;肉類;牛"
"1607","[約克街肉舖]古早味厚切排骨","Root;食材;肉類;豬;排骨"
"1608","[約克街肉舖]台灣去骨雞腿丁/雞胸肉任選","Root;食材;肉類;雞"
"1609","[約克街肉舖]台灣安心月亮豬軟骨","Root;食材;肉類;豬"
"1610","[約克街肉舖]台灣安心豬腳切塊","Root;食材;肉類;豬"
"1611","[約克街肉舖]台灣米血糕串","Root;食材;全穀雜糧類;肉類;內臟及血製品;米飯類"
"1612","[約克街肉舖]台灣國產厚切培根","Root;食材;肉類;加工肉品;培根"
"1613","[約克街肉舖]台灣國產無骨小里肌豬排","Root;食材;肉類;豬"
"1614","[約克街肉舖]台灣國產豬肉絲","Root;食材;肉類;豬"
"1615","[約克街肉舖]台灣國產優質去骨雞腿丁","Root;食材;肉類;雞"
"1616","[約克街肉舖]台灣國產優質沙朗豬排","Root;食材;肉類;豬"
"1617","[約克街肉舖]台灣國產優質家常培根切片","Root;食材;肉類;加工肉品;培根"
"1618","[約克街肉舖]台灣國產薄切雞胸肉","Root;食材;肉類;雞"
"1619","[約克街肉舖]台灣國產嚴選去骨雞腿排","Root;食材;肉類;雞"
"1620","[約克街肉舖]台灣國產嚴選豬五花厚切","Root;食材;肉類;豬"
"1621","[約克街肉舖]台灣國產嚴選雞中翅","Root;食材;肉類;雞"
"1622","[約克街肉舖]台灣帶骨梅花豬小排","Root;食材;肉類;豬"
"1623","[約克街肉舖]台灣優選豬棒腿","Root;食材;肉類;豬"
"1624","[約克街肉舖]台灣雞肉/豬肉串","Root;食材;肉類;豬;雞"
"1625","[約克街肉舖]台灣雞翅串","Root;食材;肉類;雞"
"1626","[約克街肉舖]安心僧帽肌雪花豬肉片","Root;食材;肉類;豬"
"1627","[約克街肉舖]西班牙低鹽切達起司片","Root;食材;乳品類;其它類;調味料;起司;鹽"
"1628","[約克街肉舖]孜然/蒜香牛肉串任選","Root;食材;肉類;蔬菜類;牛;蒜"
"1629","[約克街肉舖]孜然丁骨羊排","Root;食材;肉類;羊"
"1630","[約克街肉舖]孜然羊肩排","Root;食材;肉類;羊"
"1631","[約克街肉舖]法國總統牌有鹽純奶油","Root;食材;其它類;奶油;調味料;鹽"
"1632","[約克街肉舖]青花椒雪花帶骨豬小排","Root;食材;肉類;蔬菜類;豬;辣椒"
"1633","[約克街肉舖]厚切純淨台灣去皮雞胸排","Root;食材;肉類;雞"
"1634","[約克街肉舖]美國安格斯板腱牛排","Root;食材;肉類;牛"
"1635","[約克街肉舖]香烤豬大腸串","Root;食材;肉類;內臟及血製品;豬"
"1636","[約克街肉舖]家常牛豬雞絞肉任選","Root;食材;肉類;牛;豬;雞"
"1637","[約克街肉舖]紐西蘭PS沙朗牛排","Root;食材;肉類;牛"
"1638","[約克街肉舖]紐西蘭小羔羊肉片","Root;食材;肉類;羊"
"1639","[約克街肉舖]紐西蘭小羔羊後腿心菲力","Root;食材;肉類;羊"
"1640","[約克街肉舖]紐西蘭羊排骨切塊","Root;食材;肉類;羊"
"1641","[約克街肉舖]紐西蘭板腱牛排","Root;食材;肉類;牛"
"1642","[約克街肉舖]紐西蘭法式8骨小羔羊排","Root;食材;肉類;羊"
"1643","[約克街肉舖]紐西蘭厚切板腱牛排","Root;食材;肉類;牛"
"1644","[約克街肉舖]紐西蘭帶髓羊大骨","Root;食材;肉類;羊"
"1645","[約克街肉舖]純淨台灣國產豬絞肉","Root;食材;肉類;豬"
"1646","[約克街肉舖]純淨台灣國產雞皮","Root;食材;肉類;雞"
"1647","[約克街肉舖]純淨台灣國產雞翅尖","Root;食材;肉類;雞"
"1648","[約克街肉舖]純淨台灣國產雞胸肉丁","Root;食材;肉類;雞"
"1649","[約克街肉舖]純淨台灣國產雞胸絞肉","Root;食材;肉類;雞"
"1650","[約克街肉舖]純淨澳洲蜂巢牛肚切段","Root;食材;肉類;內臟及血製品;牛"
"1651","[約克街肉舖]草飼背肩牛絞肉","Root;食材;肉類;牛"
"1652","[約克街肉舖]國產豬里肌上蓋肋條","Root;食材;肉類;豬"
"1653","[約克街肉舖]軟嫩百頁豆腐串","Root;食材;豆類;豆腐"
"1654","[約克街肉舖]雪花帶骨豬小排","Root;食材;肉類;豬"
"1655","[約克街肉舖]椒鹽雪花帶骨豬小排","Root;食材;其它類;肉類;調味料;豬;胡椒;鹽"
"1656","[約克街肉舖]港式椒鹽豬五花肉排","Root;食材;其它類;肉類;調味料;豬;胡椒;鹽"
"1657","[約克街肉舖]精選台灣豬五花肉片","Root;食材;肉類;豬"
"1658","[約克街肉舖]精選台灣豬梅花肉片","Root;食材;肉類;豬"
"1659","[約克街肉舖]輕醃椒鹽雞棒腿","Root;食材;其它類;肉類;調味料;雞;胡椒;鹽"
"1660","[約克街肉舖]醃漬帶骨豬小排任選","Root;食材;肉類;豬"
"1661","[約克街肉舖]澳洲小牛嫩肩牛排","Root;食材;肉類;牛"
"1662","[約克街肉舖]澳洲頂級牛筋切段","Root;食材;肉類;牛"
"1663","[約克街肉舖]澳洲頂級老饕牛頰肉","Root;食材;肉類;牛"
"1664","[約克街肉舖]澳洲熟成沙朗牛排","Root;食材;肉類;牛"
"1665","[約克街肉舖]韓式雪花帶骨豬小排","Root;食材;肉類;豬"
"1666","[約克街肉舖]雞胗/雞心/雞皮任選","Root;食材;肉類;內臟及血製品;雞"
"1667","[約克街肉舖]嚴選澳洲小放山羊帶皮切塊","Root;食材;肉類;羊"
"1668","[紅布朗]堅果素香鬆","Root;食材;堅果種子類"
"1669","[紅茶花伝]皇家奶茶","Root;食材;其它類;飲品類;茶類;奶茶"
"1670","[紅茶花伝]皇家紅茶","Root;食材;其它類;飲品類;茶類;紅茶"
"1671","[紅牌]速纖纖維飲料","Root;食材;其它類;飲品類"
"1672","[紅牌]蜂蜜奶茶","Root;食材;其它類;飲品類;點心甜品類;茶類;蜂蜜;奶茶"
"1673","[美佐子 MISAKO]美味棧紅燒鮑魚罐頭","Root;食材;海鮮類;貝類"
"1674","[美佐子 MISAKO]嚴選肉乾系列-牛肉乾/豬肉條組合","Root;食材;肉類;加工肉品;牛;豬;肉乾"
"1675","[美佐子 MISAKO]嚴選肉乾系列-勁辣牛肉乾","Root;食材;肉類;蔬菜類;加工肉品;牛;辣椒;肉乾"
"1676","[美佐子 MISAKO]嚴選肉乾系列-原味牛肉乾","Root;食材;肉類;加工肉品;牛;肉乾"
"1677","[美佐子 MISAKO]嚴選肉乾系列-蜂蜜豬肉條","Root;食材;其它類;肉類;加工肉品;豬;點心甜品類;肉乾;蜂蜜"
"1678","[美佐子 MISAKO]嚴選海味系列-香烤魷魚鬚","Root;食材;海鮮類;頭足類;魷魚"
"1679","[美佐子 MISAKO]嚴選海味系列-原味魷魚絲","Root;食材;海鮮類;頭足類;魷魚"
"1680","[美佐子 MISAKO]嚴選海味系列-原燒中卷片","Root;食材;海鮮類;頭足類"
"1681","[美佐子 MISAKO]嚴選海味系列-碳烤魷魚絲","Root;食材;海鮮類;頭足類;魷魚"
"1682","[美佐子 MISAKO]嚴選海味系列-蜜汁魷魚","Root;食材;其它類;海鮮類;頭足類;點心甜品類;蜂蜜;魷魚"
"1683","[美粒果]白葡萄汁+蘆薈果粒","Root;食材;其它類;水果類;蔬菜類;葡萄;飲品類;蔬果汁"
"1684","[美粒果]白葡萄汁-添加清新蘆薈粒","Root;食材;其它類;水果類;蔬菜類;葡萄;飲品類;蔬果汁"
"1685","[美粒果]白葡萄果汁","Root;食材;其它類;水果類;葡萄;飲品類;蔬果汁"
"1686","[美粒果]柳橙汁","Root;食材;其它類;水果類;柑橘;飲品類;柳橙;蔬果汁"
"1687","[美粒果]零加糖葡萄蘇打","Root;食材;其它類;水果類;葡萄;飲品類;汽水"
"1688","[美粒果]零加糖蜜桃蘇打","Root;食材;其它類;水果類;水蜜桃;飲品類;汽水"
"1689","[美粒果]零加糖蘋果蘇打","Root;食材;其它類;水果類;蘋果;飲品類;汽水"
"1690","[美粒果]蘋果蘇打","Root;食材;其它類;水果類;蘋果;飲品類;汽水"
"1691","[美祿]巧克力牛奶-麥芽飲品","Root;食材;乳品類;全穀雜糧類;其它類;堅果種子類;可可;牛奶;飲品類;麥"
"1692","[美祿]美祿巧克力牛奶麥芽飲品","Root;食材;乳品類;全穀雜糧類;其它類;堅果種子類;可可;牛奶;飲品類;麥"
"1693","[美祿]美祿巧克力飲品減糖配方","Root;食材;其它類;堅果種子類;可可;飲品類"
"1694","[胖老爹]雞肉鬆","Root;食材;肉類;加工肉品;雞;肉鬆"
"1695","[胡同]元氣豆豉小魚/玻璃罐","Root;食材;海鮮類;豆類;魚類"
"1696","[胡同]元氣豬肉條-泰式檸檬微辣風味","Root;食材;水果類;肉類;蔬菜類;柑橘;豬;辣椒;檸檬"
"1697","[胡同]元氣豬肉條-蜜汁口味","Root;食材;其它類;肉類;豬;點心甜品類;蜂蜜"
"1698","[茉莉茶園]茉香柚茶","Root;食材;其它類;水果類;柑橘;飲品類;柚子;茶類"
"1699","[茉莉茶園]蜜茶","Root;食材;其它類;飲品類;點心甜品類;茶類;蜂蜜"
"1700","[茉莉茶園]檸檬紅茶","Root;食材;其它類;水果類;柑橘;飲品類;檸檬;茶類;紅茶"
"1701","[茉莉茶園]蘋果紅茶","Root;食材;其它類;水果類;蘋果;飲品類;茶類;紅茶"
"1702","[茉麗華]特級冷壓初榨橄欖油","Root;食材;油類;橄欖油"
"1703","[飛燕]加糖全脂煉乳","Root;食材;乳品類;其它乳製品"
"1704","[原味本舖]麥仔茶","Root;食材;全穀雜糧類;其它類;飲品類;麥;茶類"
"1705","[原味本舖]蜂蜜菊花茶","Root;食材;其它類;飲品類;點心甜品類;茶類;蜂蜜"
"1706","[原味巡禮]老滷豆干-大沙茶","Root;食材;其它類;豆類;調味料;豆干;沙茶"
"1707","[原味巡禮]老滷豆干-大豆丁","Root;食材;豆類;豆干"
"1708","[原味巡禮]老滷豆干-大板條","Root;食材;全穀雜糧類;豆類;米飯類;豆干"
"1709","[原味巡禮]老滷豆干-紅燒肉豆干","Root;食材;肉類;豆類;豆干"
"1710","[原味巡禮]老滷豆干-香Q豆絲","Root;食材;豆類;豆干"
"1711","[原味巡禮]老滷豆干-香辣豆干","Root;食材;蔬菜類;豆類;豆干;辣椒"
"1712","[原味巡禮]老滷豆干-麻辣板條","Root;食材;全穀雜糧類;其它類;豆類;米飯類;調味料;豆干;麻辣"
"1713","[原味巡禮]老滷豆干-滷肉珍味","Root;食材;肉類;豆類;豆干;豬"
"1714","[原味巡禮]老滷豆干-蒜茸豆絲","Root;食材;蔬菜類;豆類;蒜;豆干"
"1715","[原味巡禮]香菇素肉乾","Root;食材;肉類;蔬菜類;加工肉品;菌菇;肉乾"
"1716","[原味巡禮]辣味香菇素肉乾","Root;食材;肉類;蔬菜類;加工肉品;菌菇;辣椒;肉乾"
"1717","[原萃]日式焙香煎茶","Root;食材;其它類;飲品類;茶類"
"1718","[原萃]日式綠茶","Root;食材;其它類;飲品類;茶類;綠茶抹茶"
"1719","[原萃]玉露綠茶","Root;食材;其它類;飲品類;茶類;綠茶抹茶"
"1720","[原萃]冷萃日式深蒸綠茶","Root;食材;其它類;飲品類;茶類;綠茶抹茶"
"1721","[原萃]冷萃金萱烏龍茶","Root;食材;其它類;飲品類;茶類;烏龍青茶"
"1722","[原萃]冷萃春笠青茶","Root;食材;其它類;飲品類;茶類;烏龍青茶"
"1723","[原萃]冷萃蜜香紅茶","Root;食材;其它類;飲品類;茶類;紅茶"
"1724","[原萃]烏龍茶","Root;食材;其它類;飲品類;茶類;烏龍青茶"
"1725","[原萃]烏龍茶-文山包種","Root;食材;其它類;飲品類;茶類;烏龍青茶"
"1726","[原萃]綠茶玉露-寶特","Root;食材;其它類;飲品類;茶類;綠茶抹茶"
"1727","[原萃]蜜香台灣青茶","Root;食材;其它類;飲品類;茶類;烏龍青茶"
"1728","[原萃]蜜香青茶","Root;食材;其它類;飲品類;茶類;烏龍青茶"
"1729","[原萃]錫蘭無糖紅茶","Root;食材;其它類;飲品類;茶類;紅茶"
"1730","[原萃]鐵觀音","Root;食材;其它類;飲品類;茶類"
"1731","[娘家]熬雞精","Root;食材;其它類;肉類;雞;飲品類"
"1732","[宮北合作農場]苦茶油","Root;食材;油類"
"1733","[悅氏]Light氣泡水-葡萄柚口味","Root;食材;其它類;水果類;柑橘;飲品類;柚子;汽水"
"1734","[悅氏]Light礦泉氣泡水","Root;食材;其它類;飲品類;汽水;飲用水"
"1735","[悅氏]Light鹼性水","Root;食材;其它類;飲品類;飲用水"
"1736","[悅氏]上質好茶-金萱烏龍茶","Root;食材;其它類;飲品類;茶類;烏龍青茶"
"1737","[悅氏]上質好茶-琥珀高山青茶","Root;食材;其它類;飲品類;茶類;烏龍青茶"
"1738","[悅氏]山苦瓜油切綠茶","Root;食材;其它類;蔬菜類;瓜果類蔬菜;飲品類;茶類;綠茶抹茶"
"1739","[悅氏]天然水","Root;食材;其它類;飲品類;飲用水"
"1740","[悅氏]日式綠茶","Root;食材;其它類;飲品類;茶類;綠茶抹茶"
"1741","[悅氏]四季春茶","Root;食材;其它類;飲品類;茶類;烏龍青茶"
"1742","[悅氏]油切綠茶","Root;食材;其它類;飲品類;茶類;綠茶抹茶"
"1743","[悅氏]油切綠茶-無糖","Root;食材;其它類;飲品類;茶類;綠茶抹茶"
"1744","[悅氏]金萱烏龍茶","Root;食材;其它類;飲品類;茶類;烏龍青茶"
"1745","[悅氏]青草茶","Root;食材;其它類;飲品類;茶類"
"1746","[悅氏]悅氏天然水","Root;食材;其它類;飲品類;飲用水"
"1747","[悅氏]悅氏礦泉氣泡水","Root;食材;其它類;飲品類;汽水;飲用水"
"1748","[悅氏]茶花綠茶","Root;食材;其它類;飲品類;茶類;綠茶抹茶"
"1749","[悅氏]健茶到油切綠茶-無糖","Root;食材;其它類;飲品類;茶類;綠茶抹茶"
"1750","[悅氏]御坊烏梅釀","Root;食材;水果類;梅子"
"1751","[悅氏]梅子綠茶","Root;食材;其它類;水果類;梅子;飲品類;茶類;綠茶抹茶"
"1752","[悅氏]淡水酸梅湯","Root;食材;其它類;水果類;梅子;複合食品;湯品"
"1753","[悅氏]麥茶","Root;食材;全穀雜糧類;其它類;飲品類;麥;茶類"
"1754","[悅氏]黃金蕎麥綠茶","Root;食材;全穀雜糧類;其它類;飲品類;麥;茶類;綠茶抹茶"
"1755","[悅氏]黑烏龍茶","Root;食材;其它類;飲品類;茶類;烏龍青茶"
"1756","[悅氏]蜜香紅茶","Root;食材;其它類;飲品類;茶類;紅茶"
"1757","[悅氏]熟成無糖紅茶","Root;食材;其它類;飲品類;茶類;紅茶"
"1758","[悅氏]蔬果吧-胡蘿蔔綜合果蔬汁","Root;食材;其它類;蔬菜類;根莖類蔬菜;飲品類;蔬果汁;蘿蔔"
"1759","[悅氏]蔬果吧-熱帶綜合果蔬汁","Root;食材;其它類;飲品類;蔬果汁"
"1760","[悅氏]鎂日補給運動風味氣泡飲","Root;食材;其它類;飲品類;汽水"
"1761","[悅氏]鎂日補給鎂30補給水","Root;食材;其它類;飲品類;飲用水"
"1762","[悅氏]檸檬紅茶","Root;食材;其它類;水果類;柑橘;飲品類;檸檬;茶類;紅茶"
"1763","[悅氏]雙纖油切綠茶-無糖","Root;食材;其它類;飲品類;茶類;綠茶抹茶"
"1764","[悅氏]礦泉水","Root;食材;其它類;飲品類;飲用水"
"1765","[悅氏]礦泉茶品-梅子綠茶","Root;食材;其它類;水果類;梅子;飲品類;茶類;綠茶抹茶"
"1766","[悅氏]礦泉茶品-綠茶","Root;食材;其它類;飲品類;茶類;綠茶抹茶"
"1767","[悅氏]礦泉黃金烏龍茶-無糖","Root;食材;其它類;飲品類;茶類;烏龍青茶"
"1768","[悅氏]礦泉綠茶","Root;食材;其它類;飲品類;茶類;綠茶抹茶"
"1769","[悅氏]鹼性離子水","Root;食材;其它類;飲品類;飲用水"
"1770","[悦氏]上質好茶-黃金蕎麥綠茶","Root;食材;全穀雜糧類;其它類;飲品類;麥;茶類;綠茶抹茶"
"1771","[悦氏]上質好茶-熟成紅茶","Root;食材;其它類;飲品類;茶類;紅茶"
"1772","[扇屋]OHGIYA 一口鱈魚起司條","Root;食材;乳品類;海鮮類;起司;魚類;鱈魚"
"1773","[格力高]杏仁果效果-原味杏仁果飲","Root;食材;其它類;堅果種子類;杏仁;飲品類"
"1774","[格力高]杏仁果效果-無糖杏仁果飲","Root;食材;其它類;堅果種子類;杏仁;飲品類"
"1775","[桂格]成長奶粉健康三益菌配方","Root;食材;乳品類;牛奶;奶粉"
"1776","[桂格]杏仁果燕麥飲","Root;食材;全穀雜糧類;其它類;堅果種子類;杏仁;飲品類;麥;燕麥"
"1777","[桂格]奇動能量飲-熱帶百香果風味","Root;食材;其它類;水果類;百香果;飲品類"
"1778","[桂格]油切享纖白柚檸檬飲","Root;食材;其它類;水果類;柑橘;飲品類;柚子;檸檬"
"1779","[桂格]特濃黑芝麻穀飲","Root;食材;全穀雜糧類;其它類;堅果種子類;芝麻;飲品類"
"1780","[桂格]高麗人蔘禮盒","Root;食材;其它類;中藥材"
"1781","[桂格]葡萄糖胺高鈣奶粉","Root;食材;乳品類;牛奶;奶粉"
"1782","[桂格]補氣養蔘蜂蜜飲","Root;食材;其它類;飲品類;點心甜品類;蜂蜜"
"1783","[桂格]滴雞精","Root;食材;其它類;肉類;雞;飲品類"
"1784","[桂格]熬雞精","Root;食材;其它類;肉類;雞;飲品類"
"1785","[桂格]膠原蛋白高鐵高鈣奶粉","Root;食材;乳品類;牛奶;奶粉"
"1786","[桂格]養氣人蔘","Root;食材;其它類;中藥材"
"1787","[桂格]營養全穀奶-好眠高鈣(黑芝麻風味)","Root;食材;乳品類;堅果種子類;牛奶;芝麻;奶粉"
"1788","[桂格]雙效健康益生菌高鈣奶粉","Root;食材;乳品類;牛奶;奶粉"
"1789","[桂格]藜麥燕麥飲","Root;食材;全穀雜糧類;其它類;飲品類;麥;燕麥"
"1790","[桂格]嚴選醇濃全脂奶粉","Root;食材;乳品類;牛奶;奶粉"
"1791","[桃屋]桃屋生蒜醬","Root;食材;蔬菜類;蒜"
"1792","[桐花]客家創意料理 芋香米食盅","Root;食材;全穀雜糧類;米飯類;芋頭"
"1793","[桐花]客家創意料理 薑絲大腸","Root;食材;肉類;蔬菜類;內臟及血製品;薑"
"1794","[泰山] twist water 環保包裝水","Root;食材;其它類;飲品類;飲用水"
"1795","[泰山]Cheers Lemon檸檬氣泡水","Root;食材;其它類;水果類;柑橘;飲品類;檸檬;汽水"
"1796","[泰山]Cheers Peach水蜜桃氣泡水","Root;食材;其它類;水果類;水蜜桃;飲品類;汽水"
"1797","[泰山]Cheers Plum梅子氣泡水","Root;食材;其它類;水果類;梅子;飲品類;汽水"
"1798","[泰山]Cheers氣泡水","Root;食材;其它類;飲品類;汽水"
"1799","[泰山]Cheers蜂蜜氣泡水","Root;食材;其它類;飲品類;點心甜品類;汽水;蜂蜜"
"1800","[泰山]EX 強氣泡水","Root;食材;其它類;飲品類;汽水"
"1801","[泰山]Sunkist香吉士芭樂果汁飲料","Root;食材;其它類;水果類;芭樂;飲品類;蔬果汁"
"1802","[泰山]Sunkist香吉士柳橙果汁飲料","Root;食材;其它類;水果類;柑橘;飲品類;柳橙;蔬果汁"
"1803","[泰山]twist water環保包裝水","Root;食材;其它類;飲品類;飲用水"
"1804","[泰山]八寶粥","Root;食材;其它類;點心甜品類"
"1805","[泰山]十穀寶","Root;食材;全穀雜糧類"
"1806","[泰山]不飽和大豆沙拉油","Root;食材;油類;豆類"
"1807","[泰山]不飽和調合油","Root;食材;油類;調合油"
"1808","[泰山]主廚精選玄米油","Root;食材;全穀雜糧類;油類;米飯類;糙米玄米"
"1809","[泰山]仙草凍","Root;食材;其它類;中藥材;點心甜品類;仙草;凍類甜品"
"1810","[泰山]仙草蜜","Root;食材;其它類;中藥材;點心甜品類;仙草;蜂蜜"
"1811","[泰山]台灣花生湯","Root;食材;其它類;堅果種子類;花生;複合食品;湯品"
"1812","[泰山]玄米油","Root;食材;全穀雜糧類;油類;米飯類;糙米玄米"
"1813","[泰山]好理由純芥花油","Root;食材;油類"
"1814","[泰山]好理調合油","Root;食材;油類;調合油"
"1815","[泰山]自然就好系列-花生湯","Root;食材;其它類;堅果種子類;花生;複合食品;湯品"
"1816","[泰山]均衡369健康調合油","Root;食材;油類;調合油"
"1817","[泰山]均衡369嚴選調合油","Root;食材;油類;調合油"
"1818","[泰山]花生仁湯","Root;食材;其它類;堅果種子類;花生;複合食品;湯品"
"1819","[泰山]花生風味調合油","Root;食材;堅果種子類;油類;花生;調合油"
"1820","[泰山]珍珠薏仁饌","Root;食材;全穀雜糧類;珍珠粉粿"
"1821","[泰山]珍榖益南瓜藜麥粥","Root;食材;全穀雜糧類;蔬菜類;瓜果類蔬菜;米飯類;麥"
"1822","[泰山]紅豆湯","Root;食材;全穀雜糧類;其它類;紅豆綠豆;複合食品;湯品"
"1823","[泰山]泰山純葵花油","Root;食材;油類;葵花油"
"1824","[泰山]特級歐式蔬菜調合油","Root;食材;油類;調合油"
"1825","[泰山]純水","Root;食材;其它類;飲品類;飲用水"
"1826","[泰山]純芥花油","Root;食材;油類"
"1827","[泰山]純葵花油","Root;食材;油類;葵花油"
"1828","[泰山]健康好理油植醇葵花油","Root;食材;油類;葵花油"
"1829","[泰山]第一道冷壓橄欖油","Root;食材;油類;橄欖油"
"1830","[泰山]單元100%純芥花油","Root;食材;油類"
"1831","[泰山]單元不飽和純芥花油","Root;食材;油類"
"1832","[泰山]紫米紅豆湯","Root;食材;全穀雜糧類;其它類;米飯類;紅豆綠豆;複合食品;湯品"
"1833","[泰山]紫米薏仁","Root;食材;全穀雜糧類;米飯類"
"1834","[泰山]黑八寶","Root;食材;其它類;點心甜品類"
"1835","[泰山]黑八寶-沖繩黑糖","Root;食材;其它類;點心甜品類;黑糖"
"1836","[泰山]精選葡萄籽油","Root;食材;水果類;油類;葡萄"
"1837","[泰山]綠豆湯","Root;食材;全穀雜糧類;其它類;紅豆綠豆;複合食品;湯品"
"1838","[泰山]綠豆椰果湯","Root;食材;全穀雜糧類;其它類;椰子;紅豆綠豆;複合食品;湯品"
"1839","[泰山]綿密牛奶紅豆","Root;食材;乳品類;全穀雜糧類;牛奶;紅豆綠豆"
"1840","[泰山]輕怡調合油","Root;食材;油類;調合油"
"1841","[泰山]噴霧式玄米油","Root;食材;全穀雜糧類;油類;米飯類;糙米玄米"
"1842","[泰山]養生珍饌紫米薏仁","Root;食材;全穀雜糧類;米飯類"
"1843","[泰山]燕麥奶花生","Root;食材;全穀雜糧類;堅果種子類;花生;麥;燕麥"
"1844","[泰山]薏仁湯","Root;食材;全穀雜糧類;其它類;複合食品;湯品"
"1845","[泰凱食堂]冰火山溏心蛋","Root;食材;蛋類"
"1846","[泰凱食堂]超人氣椒香鹹水雞","Root;食材;肉類;蔬菜類;辣椒;雞"
"1847","[泰源農場]上等鵝油香蔥","Root;食材;油類;蔬菜類;蔥"
"1848","[泰源農場]苦茶油","Root;食材;油類"
"1849","[海夫健康生活館]花旗蔘銀耳露","Root;食材;其它類;蔬菜類;中藥材;菌菇;木耳"
"1850","[海夫健康生活館]紅棗銀耳露","Root;食材;其它類;蔬菜類;中藥材;菌菇;木耳;紅棗"
"1851","[海夫健康生活館]菊花銀耳露","Root;食材;蔬菜類;菌菇;木耳"
"1852","[海肉管家]大甲芋頭貢丸","Root;食材;全穀雜糧類;肉類;加工肉品;芋頭"
"1853","[海肉管家]台式經典薑母鴨","Root;食材;肉類;蔬菜類;薑;鴨"
"1854","[海肉管家]台式蔥抓餅","Root;食材;全穀雜糧類;蔬菜類;蔥;麵餅"
"1855","[海肉管家]叼嘴酸菜魚","Root;食材;海鮮類;蔬菜類;葉菜類蔬菜;魚類"
"1856","[海肉管家]金門高梁半筋半肉牛肉爐","Root;食材;其它類;肉類;牛;複合食品;飲品類;火鍋;酒"
"1857","[海肉管家]紅燒羊肉爐","Root;食材;其它類;肉類;羊;複合食品;火鍋"
"1858","[海肉管家]香蔥蛋餅皮","Root;食材;全穀雜糧類;蔬菜類;蛋類;蔥;麵餅"
"1859","[海肉管家]野放活凍超大巴拿馬白蝦","Root;食材;海鮮類;甲殼類;蝦"
"1860","[海肉管家]麻辣牛三寶","Root;食材;其它類;肉類;內臟及血製品;牛;調味料;麻辣"
"1861","[海肉管家]麻辣牛雜湯","Root;食材;其它類;肉類;內臟及血製品;牛;複合食品;調味料;湯品;麻辣"
"1862","[海肉管家]道地新竹原味貢丸","Root;食材;肉類;加工肉品"
"1863","[海肉管家]酸菜白肉鍋","Root;食材;其它類;肉類;蔬菜類;葉菜類蔬菜;複合食品;火鍋"
"1864","[海味家族]鮭魚風味小捲燒","Root;食材;海鮮類;魚類;鮭魚"
"1865","[海底撈]冬陰功泰式鍋底","Root;食材;其它類;複合食品;火鍋"
"1866","[海底撈]清油麻辣鍋底","Root;食材;其它類;油類;複合食品;調味料;火鍋;麻辣"
"1867","[海底撈]麻辣血旺豆腐火鍋湯底","Root;食材;其它類;肉類;豆類;內臟及血製品;複合食品;調味料;豆腐;湯品;火鍋;麻辣"
"1868","[海底撈]麻辣香鍋調味料","Root;食材;其它類;調味料;麻辣"
"1869","[海底撈]麻辣鴨血煲","Root;食材;其它類;肉類;內臟及血製品;調味料;鴨;麻辣"
"1870","[海底撈]番茄牛肉煲","Root;食材;水果類;肉類;牛;番茄"
"1871","[海底撈]酸香番茄鍋底","Root;食材;其它類;水果類;番茄;複合食品;火鍋"
"1872","[海底撈]酸菜白肉煲","Root;食材;肉類;蔬菜類;葉菜類蔬菜"
"1873","[海底撈]鮮香清湯湯底","Root;食材;其它類;複合食品;湯品"
"1874","[海昌]5°C天然無氣泡蘇打水","Root;食材;其它類;飲品類;汽水"
"1875","[海軒屋]珍味魷魚絲","Root;食材;海鮮類;頭足類;魷魚"
"1876","[海軒屋]珍味魷魚絲-日式唐辛子","Root;食材;海鮮類;蔬菜類;辣椒;頭足類;魷魚"
"1877","[海軒屋]珍味魷魚絲-沙茶碳烤","Root;食材;其它類;海鮮類;調味料;頭足類;沙茶;魷魚"
"1878","[海軒屋]珍味魷魚絲-韓式泡菜","Root;食材;海鮮類;蔬菜類;葉菜類蔬菜;頭足類;泡菜;魷魚"
"1879","[海軒屋]海之味鮪魚糖","Root;食材;海鮮類;魚類;鮪魚"
"1880","[海軒屋]碳烤魷魚絲","Root;食材;海鮮類;頭足類;魷魚"
"1881","[海陸管家]太平洋紅魚切片盤","Root;食材;海鮮類;魚類"
"1882","[海陸管家]太平洋紅魚無刺清肉片","Root;食材;海鮮類;魚類"
"1883","[海陸管家]日本北海道2S生食級干貝","Root;食材;海鮮類;貝類;干貝"
"1884","[海陸管家]日本北海道3S生食級干貝","Root;食材;海鮮類;貝類;干貝"
"1885","[海陸管家]日本北海道4S/5S生食級干貝","Root;食材;海鮮類;貝類;干貝"
"1886","[海陸管家]日本北海道5S生食級干貝","Root;食材;海鮮類;貝類;干貝"
"1887","[海陸管家]日本原裝全殼牡蠣2L尺寸","Root;食材;海鮮類;貝類"
"1888","[海陸管家]日本原裝全殼牡蠣L尺寸","Root;食材;海鮮類;貝類"
"1889","[海陸管家]日本原裝鮭魚卵","Root;食材;海鮮類;魚類;魚卵"
"1890","[海陸管家]日本宮城縣帶殼牡蠣","Root;食材;海鮮類;貝類"
"1891","[海陸管家]日本廣島帶殼生蠔","Root;食材;海鮮類;貝類"
"1892","[海陸管家]日本熟凍紅雪蟹切盤","Root;食材;海鮮類;甲殼類;蟹"
"1893","[海陸管家]日本藏出原裝明太子","Root;食材;海鮮類;魚類;魚卵"
"1894","[海陸管家]日式風味深海帝王蟹味棒","Root;食材;海鮮類;甲殼類;蟹"
"1895","[海陸管家]北海道風味薄鹽鮭魚","Root;食材;其它類;海鮮類;調味料;魚類;鮭魚;鹽"
"1896","[海陸管家]北海道熟凍含卵帆立貝","Root;食材;海鮮類;貝類"
"1897","[海陸管家]去刺虱目魚里肌柳條","Root;食材;海鮮類;魚類;虱目魚"
"1898","[海陸管家]古早味香酥炸芋餅","Root;食材;全穀雜糧類;芋頭"
"1899","[海陸管家]古早味福州丸","Root;食材;肉類;加工肉品"
"1900","[海陸管家]可口淡水魚丸","Root;食材;海鮮類;魚類"
"1901","[海陸管家]台南去刺鮮美虱目魚肚","Root;食材;海鮮類;魚類;虱目魚"
"1902","[海陸管家]台南老饕XL去刺虱目魚肚","Root;食材;海鮮類;魚類;虱目魚"
"1903","[海陸管家]台南老饕大片去刺虱目魚肚","Root;食材;海鮮類;魚類;虱目魚"
"1904","[海陸管家]台南老饕去刺虱目魚肚","Root;食材;海鮮類;魚類;虱目魚"
"1905","[海陸管家]台南無刺虱目魚皮","Root;食材;海鮮類;魚類;虱目魚"
"1906","[海陸管家]台灣午仔魚一夜干","Root;食材;海鮮類;魚類"
"1907","[海陸管家]台灣午仔魚清肉片","Root;食材;海鮮類;魚類"
"1908","[海陸管家]台灣特大鮮嫩金目鱸魚片","Root;食材;海鮮類;魚類"
"1909","[海陸管家]台灣特選SGS金鑽白蝦","Root;食材;海鮮類;甲殼類;蝦"
"1910","[海陸管家]台灣深海魷魚串","Root;食材;海鮮類;頭足類;魷魚"
"1911","[海陸管家]台灣產鮮甜新鮮去剌虱目魚肚","Root;食材;海鮮類;魚類;虱目魚"
"1912","[海陸管家]台灣野生肉魚","Root;食材;海鮮類;魚類"
"1913","[海陸管家]台灣黑鮪魚大腹肚條","Root;食材;海鮮類;魚類;鮪魚"
"1914","[海陸管家]台灣黑鮪魚腹菲力","Root;食材;海鮮類;魚類;鮪魚"
"1915","[海陸管家]台灣鮮嫩白帶魚清肉捲","Root;食材;海鮮類;魚類"
"1916","[海陸管家]台灣鮮嫩鯛魚下巴","Root;食材;海鮮類;魚類"
"1917","[海陸管家]台灣嚴選鮮嫩鯛魚片","Root;食材;海鮮類;魚類"
"1918","[海陸管家]巨無霸野生海草蝦","Root;食材;海鮮類;甲殼類;蝦"
"1919","[海陸管家]正宗韓式部隊鍋","Root;食材;其它類;複合食品;火鍋"
"1920","[海陸管家]生食級Beluga阿根廷天使紅蝦仁","Root;食材;海鮮類;甲殼類;蝦"
"1921","[海陸管家]米其林雙色乳酪絲家庭號","Root;食材;乳品類;起司"
"1922","[海陸管家]宏都拉斯活凍白蝦","Root;食材;海鮮類;甲殼類;蝦"
"1923","[海陸管家]味你好高麗菜鮮肉熟水餃","Root;食材;全穀雜糧類;肉類;蔬菜類;葉菜類蔬菜;餃子;高麗菜"
"1924","[海陸管家]奇巧豬肉熟高麗菜水餃","Root;食材;全穀雜糧類;肉類;蔬菜類;葉菜類蔬菜;豬;餃子;高麗菜"
"1925","[海陸管家]奇津冷凍上海生煎包","Root;食材;全穀雜糧類;包子饅頭"
"1926","[海陸管家]奇津冷凍素鍋貼","Root;食材;全穀雜糧類;餃子"
"1927","[海陸管家]奇津冷凍熟鍋貼","Root;食材;全穀雜糧類;餃子"
"1928","[海陸管家]奇美雙色巧克力饅頭","Root;食材;全穀雜糧類;堅果種子類;包子饅頭;可可"
"1929","[海陸管家]法式經典煙燻鮭魚切片","Root;食材;海鮮類;魚類;鮭魚"
"1930","[海陸管家]阿在伯冷凍手工餃子","Root;食材;全穀雜糧類;餃子"
"1931","[海陸管家]南方澳大片薄鹽鯖魚","Root;食材;其它類;海鮮類;調味料;魚類;鹽"
"1932","[海陸管家]屏東純手工鴨油","Root;食材;油類;肉類;鴨"
"1933","[海陸管家]活凍野生三點母蟹","Root;食材;海鮮類;甲殼類;蟹"
"1934","[海陸管家]活凍藍蟹","Root;食材;海鮮類;甲殼類;蟹"
"1935","[海陸管家]英國霸王蟹","Root;食材;海鮮類;甲殼類;蟹"
"1936","[海陸管家]香酥虱目魚排","Root;食材;海鮮類;魚類;虱目魚"
"1937","[海陸管家]香酥蛋黃芋泥丸","Root;食材;全穀雜糧類;蛋類;芋頭"
"1938","[海陸管家]香酥旗魚排","Root;食材;海鮮類;魚類"
"1939","[海陸管家]香酥旗魚塊","Root;食材;海鮮類;魚類"
"1940","[海陸管家]香酥蘋果派","Root;食材;水果類;蘋果"
"1941","[海陸管家]挪威/冰島爆蛋柳葉魚","Root;食材;海鮮類;魚類;魚卵"
"1942","[海陸管家]挪威肥嫩厚切3XL鮭魚","Root;食材;海鮮類;魚類;鮭魚"
"1943","[海陸管家]挪威特選黃金爆卵柳葉魚","Root;食材;海鮮類;魚類;魚卵"
"1944","[海陸管家]格陵蘭厚切大比目魚","Root;食材;海鮮類;魚類"
"1945","[海陸管家]特選北極甜蝦","Root;食材;海鮮類;甲殼類;蝦"
"1946","[海陸管家]紐西蘭福氣魚卵","Root;食材;海鮮類;魚類;魚卵"
"1947","[海陸管家]深海鮭魚肚條","Root;食材;海鮮類;魚類;鮭魚"
"1948","[海陸管家]細嫩鮭魚鰭邊肉","Root;食材;海鮮類;魚類;鮭魚"
"1949","[海陸管家]荷蘭經典洋蔥圈","Root;食材;蔬菜類;根莖類蔬菜"
"1950","[海陸管家]軟Q小金絲卷","Root;食材;全穀雜糧類;包子饅頭"
"1951","[海陸管家]富統小熱狗家庭號","Root;食材;肉類;加工肉品"
"1952","[海陸管家]智利頂級鮭魚切片","Root;食材;海鮮類;魚類;鮭魚"
"1953","[海陸管家]智利鮭魚輪切片","Root;食材;海鮮類;魚類;鮭魚"
"1954","[海陸管家]港式酥脆蘿蔔糕","Root;食材;蔬菜類;根莖類蔬菜;蘿蔔"
"1955","[海陸管家]港式蝦滑","Root;食材;海鮮類;甲殼類;蝦"
"1956","[海陸管家]無刺巴沙魚排","Root;食材;海鮮類;魚類"
"1957","[海陸管家]進口生食級日式蟹肉棒","Root;食材;海鮮類;甲殼類;蟹"
"1958","[海陸管家]酥脆卡啦雞腿排","Root;食材;肉類;雞"
"1959","[海陸管家]酥脆虱目魚塊_小魚造型","Root;食材;海鮮類;魚類;虱目魚"
"1960","[海陸管家]黃金卡啦豬排","Root;食材;肉類;豬"
"1961","[海陸管家]黃金厚厚魔鬼雞排","Root;食材;肉類;雞"
"1962","[海陸管家]黃金香酥魷米花","Root;食材;海鮮類;頭足類"
"1963","[海陸管家]黃金海鮮排","Root;食材;海鮮類"
"1964","[海陸管家]黃金酥炸竹莢魚片","Root;食材;海鮮類;魚類"
"1965","[海陸管家]黃金酥脆魷魚圈","Root;食材;海鮮類;頭足類;魷魚"
"1966","[海陸管家]道地新竹原味貢丸","Root;食材;肉類;加工肉品"
"1967","[海陸管家]翡翠/黃金/如意燒賣","Root;食材;全穀雜糧類;餃子"
"1968","[海陸管家]歐巴純手工韓式泡菜","Root;食材;蔬菜類;葉菜類蔬菜;泡菜"
"1969","[海陸管家]澎湖野生鮮凍海菜","Root;食材;蔬菜類"
"1970","[海陸管家]熟凍松葉蟹碎肉","Root;食材;海鮮類;甲殼類;蟹"
"1971","[海陸管家]熟凍爆卵小紅蟳","Root;食材;海鮮類;甲殼類;蟹"
"1972","[海陸管家]魷魚螺肉蒜","Root;食材;海鮮類;蔬菜類;蒜;貝類;頭足類;魷魚"
"1973","[海陸管家]築地蟹商熟凍松葉蟹切盤","Root;食材;海鮮類;甲殼類;蟹"
"1974","[海陸管家]營養迷你小蛋堡","Root;食材;全穀雜糧類;蛋類;麵包;堡"
"1975","[海陸管家]薑母雞/薑母鴨任選","Root;食材;肉類;蔬菜類;薑;雞;鴨"
"1976","[海陸管家]韓式剖半藍蟹","Root;食材;海鮮類;甲殼類;蟹"
"1977","[海陸管家]鮮凍特大開背鳳尾蝦仁","Root;食材;海鮮類;甲殼類;蝦"
"1978","[海陸管家]鮮凍野生軟絲","Root;食材;海鮮類;頭足類"
"1979","[海陸管家]鮮凍黃魚一夜干","Root;食材;海鮮類;魚類"
"1980","[海陸管家]鮮凍整尾三去黃魚","Root;食材;海鮮類;魚類"
"1981","[海陸管家]鮮凍鮭魚碎肉","Root;食材;海鮮類;魚類;鮭魚"
"1982","[海陸管家]鮮凍蟹管肉","Root;食材;海鮮類;甲殼類;蟹"
"1983","[海陸管家]鮮嫩小花枝","Root;食材;海鮮類;頭足類"
"1984","[海陸管家]鮮嫩格陵蘭大比目魚扁鱈","Root;食材;海鮮類;魚類"
"1985","[海陸管家]鮮嫩甜肥厚大花枝","Root;食材;海鮮類;頭足類"
"1986","[海陸管家]鮮嫩野生白鯧魚","Root;食材;海鮮類;魚類"
"1987","[海陸管家]藏出黑標日本原裝辛明太子","Root;食材;海鮮類;魚類;魚卵"
"1988","[海陸管家]嚴選冷凍軟殼蟹","Root;食材;海鮮類;甲殼類;蟹"
"1989","[海陸管家]嚴選阿根廷野生鮮凍魷魚","Root;食材;海鮮類;頭足類;魷魚"
"1990","[海陸管家]嚴選智利鮭魚切片","Root;食材;海鮮類;魚類;鮭魚"
"1991","[海陸管家]嚴選優質無肚洞土魠魚切片","Root;食材;海鮮類;魚類"
"1992","[海陸管家]嚴選鮮凍大草蝦","Root;食材;海鮮類;甲殼類;蝦"
"1993","[海陸管家]嚴選霸王大草蝦","Root;食材;海鮮類;甲殼類;蝦"
"1994","[海陸管家]蘿蔔絲酥捲","Root;食材;蔬菜類;根莖類蔬菜;蘿蔔"
"1995","[耆盛]豆鼓小魚干","Root;食材;海鮮類;豆類;魚類"
"1996","[耆盛]嫩薑","Root;食材;蔬菜類;薑"
"1997","[軒記]台灣肉乾王-川辣牛肉乾","Root;食材;肉類;蔬菜類;加工肉品;牛;辣椒;肉乾"
"1998","[軒記]台灣肉乾王-五香牛肉乾","Root;食材;肉類;加工肉品;牛;肉乾"
"1999","[軒記]泰式珍豬瓦片","Root;食材;肉類;豬"
"2000","[軒記]蜜汁珍豬瓦片","Root;食材;其它類;肉類;豬;點心甜品類;蜂蜜"
"2001","[馬玉山]奶油玉米濃湯","Root;食材;全穀雜糧類;其它類;奶油;玉米;複合食品;湯品"
"2002","[馬玉山]奶油蘑菇濃湯","Root;食材;其它類;蔬菜類;奶油;菌菇;複合食品;湯品"
"2003","[馬玉山]奶香南瓜濃湯","Root;食材;其它類;蔬菜類;瓜果類蔬菜;複合食品;湯品"
"2004","[馬玉山]好眠芝麻素高鈣奶粉","Root;食材;乳品類;堅果種子類;牛奶;芝麻;奶粉"
"2005","[馬玉山]葡萄糖胺高鈣奶粉","Root;食材;乳品類;牛奶;奶粉"
"2006","[馬來西亞 貓山王]榴槤冰淇淋泡芙","Root;食材;其它類;水果類;其他水果;點心甜品類;冰品;泡芙;冰淇淋"
"2007","[馬師傅]蔭鳳梨湯底","Root;食材;其它類;水果類;複合食品;鳳梨;湯品"
"2008","[馬斯特佐]義大利馬斯特佐頂級葵花油","Root;食材;油類;葵花油"
"2009","[馬辣]宮廷花雕雞火鍋湯底","Root;食材;其它類;肉類;複合食品;雞;飲品類;湯品;火鍋;酒"
"2010","[馬辣]麻辣鴨血","Root;食材;其它類;肉類;內臟及血製品;調味料;鴨;麻辣"
"2011","[馬辣]麻辣鍋火鍋湯底","Root;食材;其它類;複合食品;調味料;湯品;火鍋;麻辣"
"2012","[馬魯斯]香脆魚-黑胡椒味","Root;食材;其它類;海鮮類;調味料;魚類;胡椒"
"2013","[馬魯斯]烤魚+參魚片","Root;食材;海鮮類;魚類"
"2014","[馬魯斯]烤葉鯡魚片","Root;食材;海鮮類;魚類"
"2015","[高士達]特級冷壓初榨橄欖油","Root;食材;油類;橄欖油"
"2016","[高坑]香烤豬肉乾","Root;食材;肉類;加工肉品;豬;肉乾"
"2017","[高坑]原味牛肉角","Root;食材;肉類;牛"
"2018","[高坑]原味牛肉乾","Root;食材;肉類;加工肉品;牛;肉乾"
"2019","[高坑]高粱酒原味牛肉乾","Root;食材;其它類;肉類;加工肉品;牛;飲品類;肉乾;酒;高粱"
"2020","[高坑]高粱酒原味豬肉角","Root;食材;其它類;肉類;豬;飲品類;酒;高粱"
"2021","[高坑]高粱酒辣味牛肉乾","Root;食材;其它類;肉類;蔬菜類;加工肉品;牛;辣椒;飲品類;肉乾;酒;高粱"
"2022","[高坑]高粱酒辣味豬肉角","Root;食材;其它類;肉類;蔬菜類;豬;辣椒;飲品類;酒;高粱"
"2023","[高坑]麻辣牛肉乾","Root;食材;其它類;肉類;加工肉品;牛;調味料;肉乾;麻辣"
"2024","[高坑]蜜汁豬肉乾","Root;食材;其它類;肉類;加工肉品;豬;點心甜品類;肉乾;蜂蜜"
"2025","[高坑]辣味牛肉角","Root;食材;肉類;蔬菜類;牛;辣椒"
"2026","[高慶泉]甘味苦瓜","Root;食材;蔬菜類;瓜果類蔬菜"
"2027","[高慶泉]豆鼓","Root;食材;豆類"
"2028","[高慶泉]香辣御品榨菜","Root;食材;蔬菜類;葉菜類蔬菜;辣椒"
"2029","[高慶泉]高山甘樹子","Root;食材;其它類"
"2030","[高慶泉]高慶泉高山玉筍","Root;食材;蔬菜類;筍子"
"2031","[高慶泉]蔭瓜","Root;食材;蔬菜類;瓜果類蔬菜"
"2032","[健酪]Yogo fresh 乳酸飲料-原味","Root;食材;其它類;飲品類"
"2033","[健酪]乳酸飲料-原味","Root;食材;其它類;飲品類"
"2034","[健酪]乳酸飲料-草莓酪酪","Root;食材;其它類;水果類;莓果;飲品類;草莓"
"2035","[唯豐]培根肉乾禮盒","Root;食材;肉類;加工肉品;培根;肉乾"
"2036","[唯豐]蜜汁/黑胡椒/麻辣培根肉乾","Root;食材;其它類;肉類;加工肉品;調味料;點心甜品類;培根;肉乾;胡椒;蜂蜜;麻辣"
"2037","[啵樂樂]乳酸飲料-水蜜桃口味","Root;食材;其它類;水果類;水蜜桃;飲品類"
"2038","[啵樂樂]乳酸飲料-青葡萄口味","Root;食材;其它類;水果類;葡萄;飲品類"
"2039","[國姓鄉農會]梅子海苔","Root;食材;水果類;蔬菜類;梅子;海苔"
"2040","[專宇]古味辣印干","Root;食材;蔬菜類;豆類;豆干;辣椒"
"2041","[專宇]港式豆乾-黑面","Root;食材;豆類;豆干"
"2042","[崇德發]白麥汁","Root;食材;全穀雜糧類;其它類;飲品類;麥;汽水"
"2043","[崇德發]津津蘆筍汁","Root;食材;其它類;蔬菜類;筍子;飲品類;蔬果汁"
"2044","[崇德發]黑麥汁","Root;食材;全穀雜糧類;其它類;飲品類;麥;汽水"
"2045","[崇德發]黑麥汁易開罐","Root;食材;全穀雜糧類;其它類;飲品類;麥;汽水"
"2046","[崇德發]檸檬白麥汁","Root;食材;全穀雜糧類;其它類;水果類;柑橘;飲品類;麥;檸檬;汽水"
"2047","[康貝特]黃金康貝特能量飲料","Root;食材;其它類;飲品類"
"2048","[康迪]生機能量精力湯-均衡一生","Root;食材;其它類;複合食品;湯品"
"2049","[康迪]全穀堅果38-均衡一生","Root;食材;全穀雜糧類;堅果種子類"
"2050","[康健]紅牛火龍果風味能量飲料","Root;食材;其它類;水果類;其他水果;飲品類"
"2051","[康健]紅牛能量飲料","Root;食材;其它類;飲品類"
"2052","[康寶]2人份濃湯-自然原味火腿玉米","Root;食材;全穀雜糧類;其它類;肉類;加工肉品;玉米;複合食品;湯品;火腿"
"2053","[康寶]2人份濃湯-自然原味金黃玉米","Root;食材;全穀雜糧類;其它類;玉米;複合食品;湯品"
"2054","[康寶]2人份濃湯-自然原味海鮮總匯","Root;食材;其它類;海鮮類;複合食品;湯品"
"2055","[康寶]2人份濃湯-自然原味港式酸辣","Root;食材;其它類;蔬菜類;複合食品;辣椒;湯品"
"2056","[康寶]奶油風味濃湯-玉米","Root;食材;全穀雜糧類;其它類;奶油;玉米;複合食品;湯品"
"2057","[康寶]奶油風味濃湯-蕈菇","Root;食材;其它類;蔬菜類;奶油;菌菇;複合食品;湯品"
"2058","[康寶]奶油風味獨享杯-玉米","Root;食材;全穀雜糧類;其它類;奶油;玉米"
"2059","[康寶]奶油風味獨享杯-香蟹海鮮","Root;食材;其它類;海鮮類;奶油;甲殼類;蟹"
"2060","[康寶]奶油風味獨享杯-蘑菇","Root;食材;其它類;蔬菜類;奶油;菌菇"
"2061","[康寶]自然原味干貝雪菜","Root;食材;海鮮類;蔬菜類;葉菜類蔬菜;貝類;干貝"
"2062","[康寶]自然原味火腿玉米","Root;食材;全穀雜糧類;肉類;加工肉品;玉米;火腿"
"2063","[康寶]自然原味金黃玉米","Root;食材;全穀雜糧類;玉米"
"2064","[康寶]自然原味香菇雞蓉","Root;食材;肉類;蔬菜類;菌菇;雞"
"2065","[康寶]自然原味香蟹南瓜","Root;食材;海鮮類;蔬菜類;瓜果類蔬菜;甲殼類;蟹"
"2066","[康寶]自然原味海鮮總匯","Root;食材;海鮮類"
"2067","[康寶]自然原味銀魚海帶芽","Root;食材;海鮮類;蔬菜類;魚類"
"2068","[康寶]自然原味雞蓉玉米","Root;食材;全穀雜糧類;肉類;玉米;雞"
"2069","[康寶]味噌海帶芽豆腐湯","Root;食材;其它類;蔬菜類;豆類;複合食品;調味料;豆腐;湯品"
"2070","[康寶]金黃玉米濃湯","Root;食材;全穀雜糧類;其它類;玉米;複合食品;湯品"
"2071","[康寶]胡椒豚骨火鍋湯底","Root;食材;其它類;肉類;複合食品;調味料;豬;湯品;火鍋;胡椒"
"2072","[康寶]香菇湯塊","Root;食材;其它類;蔬菜類;菌菇;複合食品;湯品"
"2073","[康寶]海鮮湯塊","Root;食材;其它類;海鮮類;複合食品;湯品"
"2074","[康寶]培根風味起司馬鈴薯濃湯","Root;食材;乳品類;全穀雜糧類;其它類;肉類;加工肉品;複合食品;起司;馬鈴薯;培根;湯品"
"2075","[康寶]排骨風味湯塊","Root;食材;其它類;肉類;複合食品;豬;排骨;湯品"
"2076","[康寶]排骨湯塊","Root;食材;其它類;肉類;複合食品;豬;排骨;湯品"
"2077","[康寶]港式酸辣濃湯","Root;食材;其它類;蔬菜類;複合食品;辣椒;湯品"
"2078","[康寶]極湯味 小魚乾風味","Root;食材;其它類;海鮮類;複合食品;魚類;湯品"
"2079","[康寶]極湯味 香菇風味","Root;食材;其它類;蔬菜類;菌菇;複合食品;湯品"
"2080","[康寶]義式番茄蔬菜湯","Root;食材;其它類;水果類;番茄;複合食品;湯品"
"2081","[康寶]酸白菜火鍋湯底","Root;食材;其它類;蔬菜類;葉菜類蔬菜;複合食品;火鍋;白菜"
"2082","[康寶]濃湯-自然原味港式酸辣","Root;食材;其它類;蔬菜類;複合食品;辣椒;湯品"
"2083","[康寶]獨享杯日式味噌","Root;食材;其它類;調味料"
"2084","[康寶]雞湯塊","Root;食材;其它類;肉類;複合食品;雞;湯品"
"2085","[康寶]爆炒風味蒜頭雞白湯火鍋湯底","Root;食材;其它類;肉類;蔬菜類;蒜;複合食品;雞;湯品;火鍋"
"2086","[康寶娜]特級初榨橄欖油","Root;食材;油類;橄欖油"
"2087","[得意中華]原味豆干/辣味豆干","Root;食材;蔬菜類;豆類;豆干;辣椒"
"2088","[得意中華]蒲燒秋刀魚","Root;食材;海鮮類;魚類"
"2089","[得意中華]醬燒柳葉魚","Root;食材;海鮮類;魚類"
"2090","[得意的一天]100%純葡萄籽油","Root;食材;水果類;油類;葡萄"
"2091","[得意的一天]100%純葵花油","Root;食材;油類;葵花油"
"2092","[得意的一天]100%頂級初榨橄欖油","Root;食材;油類;橄欖油"
"2093","[得意的一天]100%頂級純芥花油","Root;食材;油類"
"2094","[得意的一天]100%義大利橄欖油","Root;食材;油類;橄欖油"
"2095","[得意的一天]100%葵花油","Root;食材;油類;葵花油"
"2096","[得意的一天]三益葵花油","Root;食材;油類;葵花油"
"2097","[得意的一天]不飽和葵花油","Root;食材;油類;葵花油"
"2098","[得意的一天]五珍寶健康調合油","Root;食材;油類;調合油"
"2099","[得意的一天]日本玄米油","Root;食材;全穀雜糧類;油類;米飯類;糙米玄米"
"2100","[得意的一天]玄米油","Root;食材;全穀雜糧類;油類;米飯類;糙米玄米"
"2101","[得意的一天]花膠瑤柱排骨燉湯","Root;食材;其它類;肉類;複合食品;豬;排骨;湯品"
"2102","[得意的一天]南洋肉骨茶豬腱燉湯","Root;食材;其它類;肉類;中藥材;複合食品;豬;湯品"
"2103","[得意的一天]香草羅宋牛腱燉湯","Root;食材;其它類;肉類;牛;複合食品;調味料;湯品;香草"
"2104","[得意的一天]海苔極選肉鬆","Root;食材;肉類;蔬菜類;加工肉品;海苔;肉鬆"
"2105","[得意的一天]純芥花油","Root;食材;油類"
"2106","[得意的一天]健生調和油","Root;食材;油類;調合油"
"2107","[得意的一天]清淡橄欖油","Root;食材;油類;橄欖油"
"2108","[得意的一天]頂級初榨橄欖油禮盒","Root;食材;油類;橄欖油"
"2109","[得意的一天]頂級純油雙饌禮盒","Root;食材;油類"
"2110","[得意的一天]頂級高油酸葵花油","Root;食材;油類;葵花油"
"2111","[得意的一天]單元葵花油","Root;食材;油類;葵花油"
"2112","[得意的一天]港式椒香燉牛肉湯","Root;食材;其它類;肉類;蔬菜類;牛;複合食品;辣椒;湯品"
"2113","[得意的一天]新春極選肉鬆禮盒","Root;食材;肉類;加工肉品;肉鬆"
"2114","[得意的一天]極選肉鬆","Root;食材;肉類;加工肉品;肉鬆"
"2115","[得意的一天]極選酪梨油","Root;食材;水果類;油類;其他水果"
"2116","[得意的一天]極選歐洲進口油禮盒-橄欖油+酪梨油","Root;食材;水果類;油類;其他水果;橄欖油"
"2117","[得意的一天]義大利純葡萄籽油","Root;食材;水果類;油類;葡萄"
"2118","[得意的一天]義大利橄欖油","Root;食材;油類;橄欖油"
"2119","[得意的一天]葵花油","Root;食材;油類;葵花油"
"2120","[得意的一天]酸白菜排骨燉湯","Root;食材;其它類;肉類;蔬菜類;葉菜類蔬菜;複合食品;豬;排骨;湯品;白菜"
"2121","[得意的一天]嚴選不飽和調合油","Root;食材;油類;調合油"
"2122","[得意的一天]寶寶肉鬆香蔬配方","Root;食材;肉類;加工肉品;肉鬆"
"2123","[御禾坊]京釀烏梅汁","Root;食材;其它類;水果類;梅子;飲品類;蔬果汁"
"2124","[御品能量]上等鵝油香蔥","Root;食材;油類;蔬菜類;蔥"
"2125","[御鎮湘]厚切豬肉條","Root;食材;肉類;豬"
"2126","[惜惜]康普茶-台灣香檬氣泡","Root;食材;其它類;水果類;柑橘;飲品類;檸檬;汽水;茶類"
"2127","[惜惜]康普茶-青梅氣泡","Root;食材;其它類;水果類;梅子;飲品類;汽水;茶類"
"2128","[惜惜]康普茶氣泡飲荔枝蘋果","Root;食材;其它類;水果類;荔枝;蘋果;飲品類;汽水;茶類"
"2129","[惜惜]康普茶氣泡飲-荔枝蘋果","Root;食材;其它類;水果類;荔枝;蘋果;飲品類;汽水;茶類"
"2130","[深夜燒烤攤]蜜汁岩燒豬肉條","Root;食材;其它類;肉類;豬;點心甜品類;蜂蜜"
"2131","[清淨園]100%頂級芝麻油","Root;食材;油類;麻油"
"2132","[清境]竹炭水","Root;食材;其它類;飲品類;飲用水"
"2133","[清境]純水","Root;食材;其它類;飲品類;飲用水"
"2134","[甜河谷生技]安心藥膳十全大補燉包","Root;食材;其它類;中藥材;複合食品;湯品"
"2135","[甜河谷生技]安心藥膳四物加味燉包","Root;食材;其它類;中藥材;複合食品;湯品"
"2136","[甜河谷生技]安心藥膳四神湯調理包","Root;食材;其它類;中藥材;複合食品;湯品"
"2137","[甜河谷生技]安心藥膳肉骨茶燉包","Root;食材;其它類;中藥材;複合食品;湯品"
"2138","[甜河谷生技]安心藥膳首烏靈芝燉包","Root;食材;其它類;中藥材;複合食品;湯品"
"2139","[甜河谷生技]安心藥膳當歸黃耆燉包","Root;食材;其它類;中藥材;複合食品;湯品"
"2140","[盛花園蔬果]台中石岡柳松菇","Root;食材;蔬菜類;菌菇"
"2141","[盛花園蔬果]台中特選25A椪柑","Root;食材;水果類;柑橘"
"2142","[盛花園蔬果]台中梨山高麗菜","Root;食材;蔬菜類;葉菜類蔬菜;高麗菜"
"2143","[盛花園蔬果]台中新社杏鮑菇","Root;食材;蔬菜類;菌菇"
"2144","[盛花園蔬果]台南佳里水果玉米","Root;食材;全穀雜糧類;玉米"
"2145","[盛花園蔬果]台南佳里帶殼玉米筍","Root;食材;全穀雜糧類;玉米"
"2146","[盛花園蔬果]台南佳里黑蜜水果玉米","Root;食材;全穀雜糧類;玉米"
"2147","[盛花園蔬果]台南佳里糯玉米","Root;食材;全穀雜糧類;玉米"
"2148","[盛花園蔬果]台南新化綠櫛瓜","Root;食材;蔬菜類;瓜果類蔬菜"
"2149","[盛花園蔬果]台灣金針菇","Root;食材;蔬菜類;菌菇"
"2150","[盛花園蔬果]台灣特選23A柳丁","Root;食材;水果類;柑橘;柳橙"
"2151","[盛花園蔬果]南投去殼茭白筍","Root;食材;蔬菜類;筍子"
"2152","[盛花園蔬果]南投信義鄉巨峰葡萄","Root;食材;水果類;葡萄"
"2153","[盛花園蔬果]南投埔里鮮香菇","Root;食材;蔬菜類;菌菇"
"2154","[盛花園蔬果]南投迷你水果彩椒","Root;食材;蔬菜類;辣椒"
"2155","[盛花園蔬果]南投國姓鄉美白菇","Root;食材;蔬菜類;菌菇"
"2156","[盛花園蔬果]南投國姓鄉鴻喜菇","Root;食材;蔬菜類;菌菇"
"2157","[盛花園蔬果]屏東有籽檸檬","Root;食材;水果類;柑橘;檸檬"
"2158","[盛花園蔬果]屏東頂級金鑽鳳梨","Root;食材;水果類;鳳梨"
"2159","[盛花園蔬果]美國優質馬鈴薯","Root;食材;全穀雜糧類;馬鈴薯"
"2160","[盛花園蔬果]泰國非基因玉米筍","Root;食材;全穀雜糧類;玉米"
"2161","[盛花園蔬果]高雄燕巢珍珠芭樂","Root;食材;水果類;芭樂"
"2162","[盛花園蔬果]進口洋蔥","Root;食材;蔬菜類;根莖類蔬菜"
"2163","[盛花園蔬果]雲林木瓜形阿成南瓜","Root;食材;蔬菜類;瓜果類蔬菜"
"2164","[盛花園蔬果]雲林台農57號黃金地瓜","Root;食材;全穀雜糧類;地瓜"
"2165","[盛花園蔬果]雲林台農66號紅心地瓜","Root;食材;全穀雜糧類;地瓜"
"2166","[盛花園蔬果]雲林西螺牛番茄","Root;食材;水果類;番茄"
"2167","[盛花園蔬果]雲林胡蘿蔔","Root;食材;蔬菜類;根莖類蔬菜;蘿蔔"
"2168","[盛花園蔬果]雲林崙背栗子南瓜","Root;食材;蔬菜類;瓜果類蔬菜"
"2169","[盛花園蔬果]嘉義玉女番茄","Root;食材;水果類;番茄"
"2170","[盛花園蔬果]嘉義金蜜品種甜玉米","Root;食材;全穀雜糧類;玉米"
"2171","[盛花園蔬果]嘉義特級木耳","Root;食材;蔬菜類;菌菇;木耳"
"2172","[盛花園蔬果]嘉義新港彩色甜椒","Root;食材;蔬菜類;辣椒"
"2173","[盛花園蔬果]嘉義聖女番茄","Root;食材;水果類;番茄"
"2174","[盛花園蔬果]彰化埔心鄉有機銀耳","Root;食材;蔬菜類;菌菇;木耳"
"2175","[盛花園蔬果]彰化特級洋菇","Root;食材;蔬菜類;菌菇"
"2176","[盛花園蔬果]彰化特選白肉火龍果","Root;食材;水果類;其他水果"
"2177","[盛花園蔬果]彰化特選秀珍菇","Root;食材;蔬菜類;菌菇"
"2178","[盛香珍]Dr.Q巨霸包蒟蒻果凍","Root;食材;其它類;點心甜品類;凍類甜品;果凍;蒟蒻"
"2179","[盛香珍]Dr.Q荔枝蒟蒻","Root;食材;其它類;水果類;荔枝;點心甜品類;凍類甜品;蒟蒻"
"2180","[盛香珍]Dr.Q葡萄蒟蒻","Root;食材;其它類;水果類;葡萄;點心甜品類;凍類甜品;蒟蒻"
"2181","[盛香珍]Dr.Q零卡蒟蒻果凍-白桃風味+草莓風味","Root;食材;其它類;水果類;水蜜桃;莓果;點心甜品類;凍類甜品;草莓;果凍;蒟蒻"
"2182","[盛香珍]Dr.Q雙味零卡蒟蒻-荔枝風味+芭樂風味","Root;食材;其它類;水果類;芭樂;荔枝;點心甜品類;凍類甜品;蒟蒻"
"2183","[盛香珍]Dr.Q雙味蒟蒻-水蜜桃+白葡萄","Root;食材;其它類;水果類;水蜜桃;葡萄;點心甜品類;凍類甜品;蒟蒻"
"2184","[盛香珍]哆啦A夢果味果涷-綜合口味","Root;食材;其它類;水果類;點心甜品類;凍類甜品;果凍"
"2185","[盛香珍]寒天雙層凍-蜂蜜黃金柚+優格","Root;食材;乳品類;其它類;水果類;柑橘;牛奶;點心甜品類;凍類甜品;柚子;發酵乳;蜂蜜;優酪優格"
"2186","[盛香珍]零卡蒟蒻-巨峰葡萄風味","Root;食材;其它類;水果類;葡萄;點心甜品類;凍類甜品;蒟蒻"
"2187","[盛香珍]零卡蒟蒻-荔枝風味","Root;食材;其它類;水果類;荔枝;點心甜品類;凍類甜品;蒟蒻"
"2188","[盛香珍]蒟蒻習慣-白桃蒟蒻","Root;食材;其它類;水果類;水蜜桃;點心甜品類;凍類甜品;蒟蒻"
"2189","[盛香珍]蒟蒻習慣-葡萄蒟蒻","Root;食材;其它類;水果類;葡萄;點心甜品類;凍類甜品;蒟蒻"
"2190","[盛香珍]蒟蒻椰果-荔枝口味","Root;食材;其它類;水果類;椰子;荔枝;點心甜品類;凍類甜品;蒟蒻"
"2191","[盛香珍]蒟蒻椰果-綜合口味","Root;食材;其它類;水果類;椰子;點心甜品類;凍類甜品;蒟蒻"
"2192","[盛香珍]蜜蜂工坊Dr.Q蜂蜜梅子蒟蒻","Root;食材;其它類;水果類;梅子;點心甜品類;凍類甜品;蜂蜜;蒟蒻"
"2193","[盛香珍]霸果實白桃鮮果凍","Root;食材;其它類;水果類;水蜜桃;點心甜品類;凍類甜品;果凍"
"2194","[盛香珍]霸果實白葡萄果凍","Root;食材;其它類;水果類;葡萄;點心甜品類;凍類甜品;果凍"
"2195","[盛香珍]霸果實綜合鮮果凍","Root;食材;其它類;水果類;點心甜品類;凍類甜品;果凍"
"2196","[盛香珍]霸果實蜜柑鮮果凍","Root;食材;其它類;水果類;柑橘;點心甜品類;凍類甜品;果凍"
"2197","[盛香珍]霸果實鮮柚茶凍","Root;食材;其它類;水果類;柑橘;點心甜品類;凍類甜品;柚子"
"2198","[第一山]100%酪梨油","Root;食材;水果類;油類;其他水果"
"2199","[第二市場 茂川肉圓]招牌特製水晶餃","Root;食材;全穀雜糧類;餃子"
"2200","[終極海鮮]3種貝類湯汁鍋湯包","Root;食材;其它類;海鮮類;複合食品;貝類;湯品;火鍋"
"2201","[終極海鮮]終極海鮮 海膽風味豆乳鍋湯包","Root;食材;其它類;海鮮類;豆類;複合食品;豆漿豆奶;湯品;火鍋"
"2202","[終極海鮮]蟹汁風味噌鍋湯包","Root;食材;其它類;海鮮類;甲殼類;複合食品;調味料;湯品;火鍋;蟹"
"2203","[統一]H2O純水","Root;食材;其它類;飲品類;飲用水"
"2204","[統一]PH9.0鹼性離子水","Root;食材;其它類;飲品類;飲用水"
"2205","[統一]大豆沙拉油","Root;食材;油類;豆類"
"2206","[統一]水事紀麥飯石礦泉水","Root;食材;其它類;飲品類;飲用水"
"2207","[統一]果然優綜合堅果","Root;食材;堅果種子類"
"2208","[統一]清爽家芥花油","Root;食材;油類"
"2209","[統一]綺麗健康油","Root;食材;油類"
"2210","[統一]蜜豆奶-牛奶","Root;食材;乳品類;豆類;牛奶;豆漿豆奶"
"2211","[統一]蜜豆奶-草莓","Root;食材;水果類;豆類;莓果;豆漿豆奶;草莓"
"2212","[統一]蜜豆奶-雞蛋","Root;食材;蛋類;豆類;豆漿豆奶"
"2213","[統一]蕃茄汁","Root;食材;其它類;水果類;番茄;飲品類;蔬果汁"
"2214","[統一生機]甘栗","Root;食材;堅果種子類"
"2215","[統一生機]果然優有機南瓜子","Root;食材;堅果種子類"
"2216","[統一生機]金黃甜玉米粒","Root;食材;全穀雜糧類;玉米"
"2217","[統一生機]原味夏威夷果","Root;食材;堅果種子類"
"2218","[統一生機]原味綜合堅果隨手包","Root;食材;堅果種子類"
"2219","[統一生機]鹽烤帶皮腰果","Root;食材;其它類;堅果種子類;調味料;鹽"
"2220","[統記]Hello Betty 蒟蒻條","Root;食材;其它類;點心甜品類;凍類甜品;蒟蒻"
"2221","[統記]甘源蒜香味青豌豆","Root;食材;蔬菜類;豆類;蒜"
"2222","[統記]甘源蟹黃味瓜子仁","Root;食材;堅果種子類;海鮮類;甲殼類;蟹"
"2223","[統記]廖心蘭老道沙茶豆干","Root;食材;其它類;豆類;調味料;豆干;沙茶"
"2224","[統記]廖心蘭老道黑胡椒豆干","Root;食材;其它類;豆類;調味料;豆干;胡椒"
"2225","[統記]廖心蘭老道滷味豆干","Root;食材;豆類;豆干"
"2226","[統記]廖心蘭老道燒辣豆干","Root;食材;蔬菜類;豆類;豆干;辣椒"
"2227","[統記]廖心蘭非基改原味小豆丁","Root;食材;豆類;豆干"
"2228","[統記]廖心蘭非基改蒜味小豆丁","Root;食材;蔬菜類;豆類;蒜;豆干"
"2229","[統記]廖心蘭辣台味豆干-麻辣鹽酥雞風味","Root;食材;其它類;肉類;豆類;調味料;豆干;雞;鹽;麻辣"
"2230","[統記]廖心蘭辣台味豆干-辣沙茶風味","Root;食材;其它類;蔬菜類;豆類;調味料;豆干;辣椒;沙茶"
"2231","[莉古瑪里]夾心餅(可可口味)","Root;食材;其它類;堅果種子類;可可;點心甜品類;零食餅乾"
"2232","[莉古瑪里]夾心餅(花生口味)","Root;食材;其它類;堅果種子類;花生;點心甜品類;零食餅乾"
"2233","[莉古瑪里]夾心餅(香草口味)","Root;食材;其它類;調味料;點心甜品類;零食餅乾;香草"
"2234","[莊家]葡萄沙其馬","Root;食材;其它類;水果類;葡萄;點心甜品類;零食餅乾"
"2235","[莫宰羊]川味鴨血羊肉爐","Root;食材;其它類;肉類;內臟及血製品;羊;複合食品;鴨;火鍋"
"2236","[許氏洋行]海峽會x許氏洋行花旗參雞湯火鍋濃湯包","Root;食材;其它類;肉類;中藥材;複合食品;雞;湯品;火鍋"
"2237","[這一小鍋]經典剝皮辣椒","Root;食材;蔬菜類;辣椒"
"2238","[這一小鍋]嚴選蔭鳳梨","Root;食材;水果類;鳳梨"
"2239","[這一鍋]御用老火湯火鍋湯底","Root;食材;其它類;複合食品;湯品;火鍋"
"2240","[這一鍋]御品酸白菜鍋火鍋湯底","Root;食材;其它類;蔬菜類;葉菜類蔬菜;複合食品;湯品;火鍋;白菜"
"2241","[這一鍋]這一鍋慢燉老火雞白湯","Root;食材;其它類;肉類;複合食品;雞;湯品"
"2242","[雀巢]100%紐西蘭乳源全脂奶粉","Root;食材;乳品類;牛奶;奶粉"
"2243","[雀巢]全脂牛奶","Root;食材;乳品類;牛奶"
"2244","[雀巢]咖啡伴侶-瓶裝奶精","Root;食材;其它類;油類;飲品類;咖啡"
"2245","[雀巢]咖啡伴侶-袋裝奶精","Root;食材;其它類;油類;飲品類;咖啡"
"2246","[雀巢]厚美祿可可飲品","Root;食材;其它類;堅果種子類;可可;飲品類"
"2247","[雀巢]雪梨茶","Root;食材;其它類;飲品類;茶類"
"2248","[雀巢]鱈魚黑芝麻夾心絲","Root;食材;堅果種子類;海鮮類;芝麻;魚類;鱈魚"
"2249","[雀巢]鷹牌煉奶","Root;食材;乳品類;其它乳製品"
"2250","[雪淨pure Drip]鹼性離子水","Root;食材;其它類;飲品類;飲用水"
"2251","[雪莉朵辣嚴選]古坑砂糖橘","Root;食材;水果類;柑橘"
"2252","[雪莉朵辣嚴選]金門小黃魚酥","Root;食材;海鮮類;魚類"
"2253","[雪莉朵辣嚴選]野生一口烏魚子","Root;食材;海鮮類;魚類;魚卵"
"2254","[雪莉朵辣嚴選]雲林口湖野生烏魚子","Root;食材;海鮮類;魚類;魚卵"
"2255","[雪莉朵辣嚴選]黃金茂谷柑","Root;食材;水果類;柑橘"
"2256","[雪莉朵辣嚴選]黑糖芭比蓮霧","Root;食材;其它類;水果類;其他水果;點心甜品類;黑糖"
"2257","[雪莉朵辣嚴選]彰化陳班長冠軍 白肉芭樂","Root;食材;水果類;芭樂"
"2258","[雪碧]汽水","Root;食材;其它類;飲品類;汽水"
"2259","[魚香涎]呷七碗X魚香涎 烏魚子干貝米糕","Root;食材;全穀雜糧類;海鮮類;米飯類;貝類;魚類;干貝;魚卵"
"2260","[善美的]日本海捕烏魚排","Root;食材;海鮮類;魚類"
"2261","[善美的]半殼鮑魚","Root;食材;海鮮類;貝類"
"2262","[善美的]宜蘭特選帶卵香魚","Root;食材;海鮮類;魚類;魚卵"
"2263","[善美的]特選蒲燒鰻","Root;食材;海鮮類;魚類"
"2264","[善美的]野生海午仔魚","Root;食材;海鮮類;魚類"
"2265","[善美的]頂級排翅煲湯","Root;食材;其它類;海鮮類;複合食品;魚類;湯品"
"2266","[善美的]壹塊吃烏魚子","Root;食材;海鮮類;魚類;魚卵"
"2267","[喜樂之泉]野生甘樹子","Root;食材;其它類"
"2268","[喬凡尼]老樹純橄欖油","Root;食材;油類;橄欖油"
"2269","[富維克]礦泉水","Root;食材;其它類;飲品類;飲用水"
"2270","[寒舍]和風昆布鍋火鍋湯底","Root;食材;其它類;蔬菜類;複合食品;湯品;火鍋"
"2271","[寒舍]豚骨胡椒豬肚鍋火鍋湯底","Root;食材;其它類;肉類;內臟及血製品;複合食品;調味料;豬;湯品;火鍋;胡椒"
"2272","[惠家香]100%苦茶油","Root;食材;油類"
"2273","[惠家香]小磨香油","Root;食材;油類;香油"
"2274","[惠家香]台灣極品100%亞麻仁油","Root;食材;油類"
"2275","[惠家香]南瓜籽油","Root;食材;堅果種子類;油類;蔬菜類;瓜果類蔬菜"
"2276","[掌生穀粒]migu糜咕熬米湯","Root;食材;全穀雜糧類;其它類;米飯類;複合食品;湯品"
"2277","[普一]牛肉乾禮盒","Root;食材;肉類;加工肉品;牛;肉乾"
"2278","[普一]豬肉條禮盒","Root;食材;肉類;豬"
"2279","[晶晶]百香果風味果凍","Root;食材;其它類;水果類;百香果;點心甜品類;凍類甜品;果凍"
"2280","[晶晶]芒果棒","Root;食材;水果類;芒果"
"2281","[晶晶]果凍條-綜合口味","Root;食材;其它類;點心甜品類;凍類甜品;果凍"
"2282","[晶晶]益生菌蒟蒻凍","Root;食材;其它類;點心甜品類;凍類甜品;蒟蒻"
"2283","[晶晶]荔枝風味椰果果凍","Root;食材;其它類;水果類;椰子;荔枝;點心甜品類;凍類甜品;果凍"
"2284","[晶晶]葡萄果汁棒","Root;食材;其它類;水果類;葡萄;飲品類;蔬果汁"
"2285","[晶晶]優格棒","Root;食材;乳品類;牛奶;發酵乳;優酪優格"
"2286","[晶晶]麝香白葡萄味果凍","Root;食材;其它類;水果類;葡萄;點心甜品類;凍類甜品;果凍"
"2287","[滋美珍肉乾]豬肉條 獨立包","Root;食材;肉類;加工肉品;豬;肉乾"
"2288","[無老鍋]美人番茄鍋火鍋湯底","Root;食材;其它類;水果類;番茄;複合食品;湯品;火鍋"
"2289","[無老鍋]無老豆腐白湯鍋火鍋湯底","Root;食材;其它類;豆類;複合食品;豆腐;湯品;火鍋"
"2290","[無老鍋]無老辣香鍋火鍋湯底","Root;食材;其它類;蔬菜類;複合食品;辣椒;湯品;火鍋"
"2291","[登豐]沙琪瑪-原味","Root;食材;其它類;點心甜品類;零食餅乾"
"2292","[登豐]黑糖沙琪瑪","Root;食材;其它類;點心甜品類;零食餅乾;黑糖"
"2293","[舒味思]氣泡水","Root;食材;其它類;飲品類;汽水"
"2294","[舒味思]氣泡水原味","Root;食材;其它類;飲品類;汽水"
"2295","[舒味思]氣泡水萊姆口味","Root;食材;其它類;水果類;柑橘;飲品類;檸檬;汽水"
"2296","[舒味思]通寧汽水","Root;食材;其它類;飲品類;汽水"
"2297","[舒味思]萊姆口味氣泡水","Root;食材;其它類;水果類;柑橘;飲品類;檸檬;汽水"
"2298","[舒味思]薑汁汽水","Root;食材;其它類;蔬菜類;薑;飲品類;汽水;蔬果汁"
"2299","[舒味思]蘇打汽水","Root;食材;其它類;飲品類;汽水"
"2300","[舒香]小磨香油","Root;食材;油類;香油"
"2301","[舒跑]天然水","Root;食材;其它類;飲品類;飲用水"
"2302","[舒跑]舒跑天然水","Root;食材;其它類;飲品類;飲用水"
"2303","[舒跑]舒跑鹼性離子水","Root;食材;其它類;飲品類;飲用水"
"2304","[舒跑]鹼性離子水","Root;食材;其它類;飲品類;飲用水"
"2305","[華味鳥]火鍋高湯底系列","Root;食材;其它類;複合食品;湯品;火鍋"
"2306","[華陀扶元堂]古傳滴雞精","Root;食材;其它類;肉類;雞;飲品類"
"2307","[華南]玉筍-香辣/玻璃瓶","Root;食材;蔬菜類;筍子;辣椒"
"2308","[華南]香辣蘿蔔/玻璃瓶","Root;食材;蔬菜類;根莖類蔬菜;辣椒;蘿蔔"
"2309","[萊瑞]100%葡萄籽油","Root;食材;水果類;油類;葡萄"
"2310","[萊瑞]100%酪梨油","Root;食材;水果類;油類;其他水果"
"2311","[萊瑞]西班牙100%玄米油","Root;食材;全穀雜糧類;油類;米飯類;糙米玄米"
"2312","[萊瑞]原裝玄米油禮盒組","Root;食材;全穀雜糧類;油類;米飯類;糙米玄米"
"2313","[萊瑞]酪梨油禮盒","Root;食材;水果類;油類;其他水果"
"2314","[貴州]便當菜","Root;食材;其它類;蔬菜類;複合食品;便當"
"2315","[貴州]香酥魚","Root;食材;海鮮類;魚類"
"2316","[貴州]純香魚","Root;食材;海鮮類;魚類"
"2317","[貴州]鮮辣榨菜","Root;食材;蔬菜類;葉菜類蔬菜;辣椒"
"2318","[逸湘齋]原味滴雞精","Root;食材;其它類;肉類;雞;飲品類"
"2319","[逸湘齋]滴雞精禮盒","Root;食材;其它類;肉類;雞;飲品類"
"2320","[雄雞標]冬蔭功火鍋湯底","Root;食材;其它類;複合食品;湯品;火鍋"
"2321","[雄雞標]馬來叨沙火鍋湯底","Root;食材;其它類;複合食品;湯品;火鍋"
"2322","[雅媽吉]鹽味地雞火鍋高湯","Root;食材;其它類;肉類;複合食品;調味料;雞;湯品;火鍋;鹽"
"2323","[順伊奶奶]正宗人蔘雞","Root;食材;其它類;肉類;中藥材;雞"
"2324","[順伊奶奶]韓國順伊奶奶-正宗清燉雞湯","Root;食材;其它類;肉類;複合食品;雞;湯品"
"2325","[順伊奶奶]韓國順伊奶奶-正宗辣雞湯","Root;食材;其它類;肉類;蔬菜類;複合食品;辣椒;雞;湯品"
"2326","[飯友]KA大土豆麵筋","Root;食材;其它類;堅果種子類;花生"
"2327","[飯友]KA水蜜桃","Root;食材;水果類;水蜜桃"
"2328","[飯友]KA嚕肉飯","Root;食材;全穀雜糧類;肉類;米飯類;豬"
"2329","[飯友]KA麵筋","Root;食材;其它類"
"2330","[飯友]水煮草菇","Root;食材;蔬菜類;菌菇"
"2331","[飯友]東北酸菜火鍋湯底","Root;食材;其它類;蔬菜類;葉菜類蔬菜;複合食品;湯品;火鍋"
"2332","[飯友]金菇麵筋","Root;食材;其它類;蔬菜類;菌菇"
"2333","[飯友]金標精選香甜玉米粒","Root;食材;全穀雜糧類;玉米"
"2334","[飯友]珍菇","Root;食材;蔬菜類;菌菇"
"2335","[飯友]臭豆腐酸白菜鍋","Root;食材;其它類;蔬菜類;豆類;葉菜類蔬菜;複合食品;豆腐;火鍋;白菜"
"2336","[飯友]養生珍菇","Root;食材;蔬菜類;菌菇"
"2337","[飯友]鮮菇高湯","Root;食材;其它類;蔬菜類;菌菇;複合食品;湯品"
"2338","[飯友]嚴選水蜜桃","Root;食材;水果類;水蜜桃"
"2339","[黃大目]沙茶大溪豆干","Root;食材;其它類;豆類;調味料;豆干;沙茶"
"2340","[黃大目]滷味大溪豆干","Root;食材;豆類;豆干"
"2341","[黃大目]隨緣香Q干","Root;食材;豆類;豆干"
"2342","[黑豆桑]醇釀極品純黑豆豉","Root;食材;豆類"
"2343","[黑松]C&C乳酸菌氣泡飲","Root;食材;其它類;飲品類;汽水"
"2344","[黑松]C&C氣泡飲-荔枝果茶口味","Root;食材;其它類;水果類;荔枝;飲品類;汽水"
"2345","[黑松]C&C氣泡飲-葡萄口味","Root;食材;其它類;水果類;葡萄;飲品類;汽水"
"2346","[黑松]C&C氣泡飲-檸檬口味","Root;食材;其它類;水果類;柑橘;飲品類;檸檬;汽水"
"2347","[黑松]加鹽沙士","Root;食材;其它類;調味料;飲品類;汽水;鹽"
"2348","[黑松]百香果C","Root;食材;水果類;百香果"
"2349","[黑松]汽水","Root;食材;其它類;飲品類;汽水"
"2350","[黑松]汽水C&C氣泡飲-葡萄口味","Root;食材;其它類;水果類;葡萄;飲品類;汽水"
"2351","[黑松]汽水C&C氣泡飲-檸檬口味","Root;食材;其它類;水果類;柑橘;飲品類;檸檬;汽水"
"2352","[黑松]汽水C&C氣泡飲-蘋果","Root;食材;其它類;水果類;蘋果;飲品類;汽水"
"2353","[黑松]沙士","Root;食材;其它類;飲品類;汽水"
"2354","[黑松]沙士-大人系啤酒花風味","Root;食材;其它類;飲品類;汽水;酒"
"2355","[黑松]乳酸菌蘋果汁","Root;食材;其它類;水果類;蘋果;飲品類;蔬果汁"
"2356","[黑松]桂花烏梅汁","Root;食材;其它類;水果類;梅子;飲品類;蔬果汁"
"2357","[黑松]清新紅柚風味沙士","Root;食材;其它類;水果類;柑橘;飲品類;柚子;汽水"
"2358","[黑松]黑松汽水C&C氣泡飲","Root;食材;其它類;飲品類;汽水"
"2359","[黑松]黑松汽水C&C氣泡飲-王林蘋果","Root;食材;其它類;水果類;蘋果;飲品類;汽水"
"2360","[黑松]黑松鹼性離子水","Root;食材;其它類;飲品類;飲用水"
"2361","[黑松]葡萄C","Root;食材;水果類;葡萄"
"2362","[黑松]蘋果C","Root;食材;水果類;蘋果"
"2363","[黑面蔡]楊桃汁飲料","Root;食材;其它類;水果類;其他水果;飲品類;蔬果汁"
"2364","[黑橋牌]黑橋牌原味旗魚酥","Root;食材;海鮮類;魚類"
"2365","[黑橋牌]預購黑橋牌港式香腸蘿蔔糕禮盒","Root;食材;肉類;蔬菜類;加工肉品;根莖類蔬菜;蘿蔔"
"2366","[黑龍]香菇豆豉","Root;食材;蔬菜類;豆類;菌菇"
"2367","[圓頭肉乾]金牛條","Root;食材;肉類;加工肉品;牛;肉乾"
"2368","[圓頭肉乾]金豬條","Root;食材;肉類;加工肉品;豬;肉乾"
"2369","[奧利多]奧利多水FIBER IN纖維氣泡飲","Root;食材;其它類;飲品類;汽水"
"2370","[奧利多]碳酸飲料","Root;食材;其它類;飲品類;汽水"
"2371","[奧利多]碳酸飲料-萊姆風味","Root;食材;其它類;水果類;柑橘;飲品類;檸檬;汽水"
"2372","[奧利多水]Fiber in纖維氣泡飲","Root;食材;其它類;飲品類;汽水"
"2373","[奧利多水]碳酸飲料-萊姆風味","Root;食材;其它類;水果類;柑橘;飲品類;檸檬;汽水"
"2374","[奧斯卡國王]橄欖油迷你沙丁魚","Root;食材;油類;海鮮類;橄欖油;魚類"
"2375","[奧斯卡國王]鱈魚嫩肝","Root;食材;海鮮類;肉類;內臟及血製品;魚類;鱈魚"
"2376","[愛之味]土豆麵筋","Root;食材;其它類;堅果種子類;花生"
"2377","[愛之味]分解茶-秋薑黃","Root;食材;其它類;蔬菜類;薑;飲品類;茶類"
"2378","[愛之味]水煮鮪魚","Root;食材;海鮮類;魚類;鮪魚"
"2379","[愛之味]牛奶花生","Root;食材;乳品類;堅果種子類;牛奶;花生"
"2380","[愛之味]冰燒仙草","Root;食材;其它類;中藥材;仙草"
"2381","[愛之味]妞妞珍珠圓","Root;食材;全穀雜糧類;珍珠粉粿"
"2382","[愛之味]妞妞紅豆粉粿","Root;食材;全穀雜糧類;珍珠粉粿;紅豆綠豆"
"2383","[愛之味]妞妞甜八寶","Root;食材;其它類;點心甜品類"
"2384","[愛之味]杏仁派","Root;食材;堅果種子類;杏仁"
"2385","[愛之味]咖哩豆腐","Root;食材;其它類;豆類;調味料;豆腐;咖哩"
"2386","[愛之味]油切分解茶四季春風味","Root;食材;其它類;飲品類;茶類;烏龍青茶"
"2387","[愛之味]青脆菜心","Root;食材;蔬菜類"
"2388","[愛之味]珍保玉筍","Root;食材;蔬菜類;筍子"
"2389","[愛之味]珍珠圓","Root;食材;全穀雜糧類;珍珠粉粿"
"2390","[愛之味]珍寶三明治鮪魚","Root;食材;全穀雜糧類;海鮮類;魚類;麵包;三明治;鮪魚"
"2391","[愛之味]純濃燕麥","Root;食材;全穀雜糧類;麥;燕麥"
"2392","[愛之味]純濃燕麥青春三效","Root;食材;全穀雜糧類;麥;燕麥"
"2393","[愛之味]純濃燕麥活力雙效","Root;食材;全穀雜糧類;麥;燕麥"
"2394","[愛之味]純濃燕麥舒眠三效","Root;食材;全穀雜糧類;麥;燕麥"
"2395","[愛之味]純濃燕麥葉黃素配方","Root;食材;全穀雜糧類;麥;燕麥"
"2396","[愛之味]純濃燕麥-葡萄糖胺活力雙效","Root;食材;全穀雜糧類;麥;燕麥"
"2397","[愛之味]純濃燕麥-瑪卡鋅能量","Root;食材;全穀雜糧類;麥;燕麥"
"2398","[愛之味]純濃燕麥-膠原蛋白青春三效","Root;食材;全穀雜糧類;麥;燕麥"
"2399","[愛之味]甜八寶","Root;食材;其它類;點心甜品類"
"2400","[愛之味]莎莎亞椰奶","Root;食材;其它類;椰子"
"2401","[愛之味]麻油炊飯","Root;食材;全穀雜糧類;油類;米飯類;麻油"
"2402","[愛之味]麻婆豆腐","Root;食材;豆類;豆腐"
"2403","[愛之味]壺底蔭瓜","Root;食材;蔬菜類;瓜果類蔬菜"
"2404","[愛之味]寒天嫩仙草","Root;食材;其它類;中藥材;仙草"
"2405","[愛之味]寒天檸檬愛玉冰","Root;食材;其它類;水果類;柑橘;點心甜品類;冰品;凍類甜品;檸檬"
"2406","[愛之味]植萃調合油","Root;食材;油類;調合油"
"2407","[愛之味]筒仔米糕","Root;食材;全穀雜糧類;米飯類"
"2408","[愛之味]筒仔碗粿","Root;食材;其它類"
"2409","[愛之味]黃金比例純芥花油","Root;食材;油類"
"2410","[愛之味]黑巧燕麥","Root;食材;全穀雜糧類;堅果種子類;可可;麥;燕麥"
"2411","[愛之味]愛之味分解茶","Root;食材;其它類;飲品類;茶類"
"2412","[愛之味]愛之味沖繩黑八寶","Root;食材;其它類;點心甜品類"
"2413","[愛之味]愛之味花生豆花","Root;食材;堅果種子類;豆類;花生"
"2414","[愛之味]愛之味純濃燕麥舒眠三效","Root;食材;全穀雜糧類;麥;燕麥"
"2415","[愛之味]愛之味黑巧燕麥","Root;食材;全穀雜糧類;堅果種子類;可可;麥;燕麥"
"2416","[愛之味]愛健御白玉薏仁水","Root;食材;全穀雜糧類;其它類;飲品類"
"2417","[愛之味]愛健黑豆水","Root;食材;其它類;豆類;飲品類"
"2418","[愛之味]愛健萬丹紅紅豆水","Root;食材;全穀雜糧類;其它類;紅豆綠豆;飲品類"
"2419","[愛之味]愛健雙健茶王蜜香烏龍","Root;食材;其它類;飲品類;茶類;烏龍青茶"
"2420","[愛之味]蜂蜜燕麥","Root;食材;全穀雜糧類;其它類;麥;點心甜品類;燕麥;蜂蜜"
"2421","[愛之味]綠豆意人爽","Root;食材;全穀雜糧類;紅豆綠豆"
"2422","[愛之味]綠美人剝皮辣椒","Root;食材;蔬菜類;辣椒"
"2423","[愛之味]蒟蒻紅豆粉粿","Root;食材;全穀雜糧類;其它類;珍珠粉粿;紅豆綠豆;點心甜品類;凍類甜品;蒟蒻"
"2424","[愛之味]燕麥奶花生","Root;食材;全穀雜糧類;堅果種子類;花生;麥;燕麥"
"2425","[愛之味]薏仁寶","Root;食材;全穀雜糧類"
"2426","[愛之味]韓式泡菜","Root;食材;蔬菜類;葉菜類蔬菜;泡菜"
"2427","[愛之味]韓泡豆腐煲","Root;食材;豆類;豆腐"
"2428","[愛之味]鮪魚片","Root;食材;海鮮類;魚類;鮪魚"
"2429","[愛之味]鮮味脆瓜","Root;食材;蔬菜類;瓜果類蔬菜"
"2430","[愛之味]鮮脆條瓜","Root;食材;蔬菜類;瓜果類蔬菜"
"2431","[愛之味]鮮採蕃茄汁OLIGO","Root;食材;其它類;水果類;番茄;飲品類;蔬果汁"
"2432","[愛之味]鮮採蕃茄綜合蔬菜汁","Root;食材;其它類;水果類;番茄;飲品類;蔬果汁"
"2433","[愛之味]鮮採蕃茄蔬菜汁","Root;食材;其它類;水果類;番茄;飲品類;蔬果汁"
"2434","[愛鄉]辣油香筍","Root;食材;蔬菜類;筍子;辣椒"
"2435","[新東陽]水煮鮪魚片","Root;食材;海鮮類;魚類;鮪魚"
"2436","[新東陽]古早味炭烤豬肉乾","Root;食材;肉類;加工肉品;豬;肉乾"
"2437","[新東陽]瓜仔肉醬","Root;食材;肉類;蔬菜類;加工肉品;瓜果類蔬菜"
"2438","[新東陽]芒果果凍","Root;食材;其它類;水果類;芒果;點心甜品類;凍類甜品;果凍"
"2439","[新東陽]豆鼓香酥鰻","Root;食材;海鮮類;豆類;魚類"
"2440","[新東陽]味噌鯖魚","Root;食材;其它類;海鮮類;調味料;魚類"
"2441","[新東陽]炙燒小香腸-原味","Root;食材;肉類;加工肉品"
"2442","[新東陽]炙燒小香腸-麻辣龍蝦風味","Root;食材;其它類;海鮮類;肉類;加工肉品;甲殼類;調味料;蝦;麻辣"
"2443","[新東陽]厚切豬肉乾隨手包","Root;食材;肉類;加工肉品;豬;肉乾"
"2444","[新東陽]活力生雙潔淨純豬肉鬆","Root;食材;肉類;加工肉品;豬;肉鬆"
"2445","[新東陽]活力生雙潔淨純豬肉鬆-海苔","Root;食材;肉類;蔬菜類;加工肉品;海苔;豬;肉鬆"
"2446","[新東陽]紅燒牛肉","Root;食材;肉類;牛"
"2447","[新東陽]紅燒牛肉鍋","Root;食材;其它類;肉類;牛;複合食品;火鍋"
"2448","[新東陽]紅燒香酥鰻","Root;食材;海鮮類;魚類"
"2449","[新東陽]茄汁鯖魚","Root;食材;水果類;海鮮類;番茄;魚類"
"2450","[新東陽]香幼筍","Root;食材;蔬菜類;筍子"
"2451","[新東陽]原味牛肉乾","Root;食材;肉類;加工肉品;牛;肉乾"
"2452","[新東陽]原味牛肉醬","Root;食材;肉類;加工肉品;牛"
"2453","[新東陽]原味肉醬","Root;食材;肉類;加工肉品"
"2454","[新東陽]荔枝果凍","Root;食材;其它類;水果類;荔枝;點心甜品類;凍類甜品;果凍"
"2455","[新東陽]高粱酒原味牛肉角","Root;食材;其它類;肉類;牛;飲品類;酒;高粱"
"2456","[新東陽]高粱酒原味牛肉乾","Root;食材;其它類;肉類;加工肉品;牛;飲品類;肉乾;酒;高粱"
"2457","[新東陽]高粱酒辣味牛肉角","Root;食材;其它類;肉類;蔬菜類;牛;辣椒;飲品類;酒;高粱"
"2458","[新東陽]高粱酒辣味牛肉乾","Root;食材;其它類;肉類;蔬菜類;加工肉品;牛;辣椒;飲品類;肉乾;酒;高粱"
"2459","[新東陽]雪花金錢豬肉乾隨手包","Root;食材;肉類;加工肉品;豬;肉乾"
"2460","[新東陽]麻婆豆腐","Root;食材;豆類;豆腐"
"2461","[新東陽]麻辣牛肉乾","Root;食材;其它類;肉類;加工肉品;牛;調味料;肉乾;麻辣"
"2462","[新東陽]新東陽原味肉醬","Root;食材;肉類;加工肉品"
"2463","[新東陽]義大利麵肉醬","Root;食材;全穀雜糧類;肉類;加工肉品;麵;義大利麵"
"2464","[新東陽]滷肉燥","Root;食材;肉類;豬"
"2465","[新東陽]碳烤魷魚片","Root;食材;海鮮類;頭足類;魷魚"
"2466","[新東陽]碳烤魷魚條","Root;食材;海鮮類;頭足類;魷魚"
"2467","[新東陽]精緻海苔肉鬆","Root;食材;肉類;蔬菜類;加工肉品;海苔;肉鬆"
"2468","[新東陽]精緻旗魚鬆","Root;食材;海鮮類;魚類"
"2469","[新東陽]精緻豬肉鬆","Root;食材;肉類;加工肉品;豬;肉鬆"
"2470","[新東陽]蜜汁豬肉乾","Root;食材;其它類;肉類;加工肉品;豬;點心甜品類;肉乾;蜂蜜"
"2471","[新東陽]辣味牛肉乾","Root;食材;肉類;蔬菜類;加工肉品;牛;辣椒;肉乾"
"2472","[新東陽]辣味牛肉醬","Root;食材;肉類;蔬菜類;加工肉品;牛;辣椒"
"2473","[新東陽]辣味肉醬","Root;食材;肉類;蔬菜類;加工肉品;辣椒"
"2474","[新東陽]辣味豬肉乾","Root;食材;肉類;蔬菜類;加工肉品;豬;辣椒;肉乾"
"2475","[新東陽]豬肉鬆-履歷","Root;食材;肉類;加工肉品;豬;肉鬆"
"2476","[新東陽]魷魚絲-炭烤","Root;食材;海鮮類;頭足類;魷魚"
"2477","[新東陽]魷魚絲原味","Root;食材;海鮮類;頭足類;魷魚"
"2478","[新東陽]鮭魚鬆","Root;食材;海鮮類;魚類;鮭魚"
"2479","[新東陽]藥膳羊肉鍋","Root;食材;其它類;肉類;中藥材;羊;複合食品;火鍋"
"2480","[新東陽]寶兒細肉鬆-1~3歲兒童專用","Root;食材;肉類;加工肉品;肉鬆"
"2481","[椰活]純椰子水","Root;食材;其它類;椰子;飲品類;蔬果汁"
"2482","[源順]100%玉米胚芽油","Root;食材;全穀雜糧類;油類;玉米"
"2483","[源順]100%香油","Root;食材;油類;香油"
"2484","[源順]低溫鮮榨100%花生油","Root;食材;堅果種子類;油類;花生"
"2485","[源順]冷萃花生風味調合油","Root;食材;堅果種子類;油類;花生;調合油"
"2486","[源順]初榨花生風味調合油","Root;食材;堅果種子類;油類;花生;調合油"
"2487","[源順]特優初榨苦茶油","Root;食材;油類"
"2488","[源順]極品初榨純正土豆油","Root;食材;堅果種子類;油類;花生"
"2489","[源順]極品苦茶調合油","Root;食材;油類;調合油"
"2490","[源順]嚴選調合香油","Root;食材;油類;調合油;香油"
"2491","[義大利 ORO]義大利ORO去皮切丁蕃茄","Root;食材;水果類;番茄"
"2492","[義大利 ORO]義大利ORO去皮整顆蕃茄","Root;食材;水果類;番茄"
"2493","[義皇寶]OceanBomb荔枝風味氣泡水","Root;食材;其它類;水果類;荔枝;飲品類;汽水"
"2494","[義皇寶]OceanBomb黃金柚風味氣泡水","Root;食材;其它類;水果類;柑橘;飲品類;柚子;汽水"
"2495","[義美]100%芥花油","Root;食材;油類"
"2496","[義美]100%純葵花油","Root;食材;油類;葵花油"
"2497","[義美]小魚干脆花生","Root;食材;堅果種子類;海鮮類;花生;魚類"
"2498","[義美]牛乳-保久乳","Root;食材;乳品類;牛奶;保久乳"
"2499","[義美]巧克力牛乳","Root;食材;乳品類;堅果種子類;可可;牛奶"
"2500","[義美]好食堅果小魚杏仁","Root;食材;堅果種子類;海鮮類;杏仁;魚類"
"2501","[義美]好食堅果夏威夷綜合果","Root;食材;堅果種子類"
"2502","[義美]好食堅果烘焙綜合果","Root;食材;堅果種子類"
"2503","[義美]好食堅果薄鹽夏威夷果","Root;食材;其它類;堅果種子類;調味料;鹽"
"2504","[義美]好食瓶9號香脆花生","Root;食材;堅果種子類;花生"
"2505","[義美]好食瓶9號蔥蒜脆花生","Root;食材;堅果種子類;蔬菜類;花生;蒜;蔥"
"2506","[義美]好食瓶9號鹽酥脆花生","Root;食材;其它類;堅果種子類;花生;調味料;鹽"
"2507","[義美]好食瓶油爆花生","Root;食材;堅果種子類;花生"
"2508","[義美]好食瓶香脆花生","Root;食材;堅果種子類;花生"
"2509","[義美]好食瓶椒麻辣脆花生","Root;食材;其它類;堅果種子類;花生;調味料;麻辣"
"2510","[義美]好食瓶蔥蒜脆花生","Root;食材;堅果種子類;蔬菜類;花生;蒜;蔥"
"2511","[義美]低糖豆奶","Root;食材;豆類;豆漿豆奶"
"2512","[義美]豆奶","Root;食材;豆類;豆漿豆奶"
"2513","[義美]原味堅果-綜合六果","Root;食材;堅果種子類"
"2514","[義美]純肉鬆歡聚飄香禮盒","Root;食材;肉類;加工肉品;肉鬆"
"2515","[義美]純豬肉鬆","Root;食材;肉類;加工肉品;豬;肉鬆"
"2516","[義美]純豬肉鬆-海苔芝麻","Root;食材;堅果種子類;肉類;蔬菜類;加工肉品;海苔;芝麻;豬;肉鬆"
"2517","[義美]高鈣營養牛乳-保久乳","Root;食材;乳品類;牛奶;保久乳"
"2518","[義美]麥芽牛乳-保久乳","Root;食材;乳品類;全穀雜糧類;牛奶;麥;保久乳"
"2519","[義美]無加糖元氣豆奶","Root;食材;豆類;豆漿豆奶"
"2520","[義美]無加糖元氣黑豆奶","Root;食材;豆類;豆漿豆奶"
"2521","[義美]黑豆奶","Root;食材;豆類;豆漿豆奶"
"2522","[義美]義美100%純芝麻香油","Root;食材;堅果種子類;油類;芝麻;香油"
"2523","[義美]酸梅湯","Root;食材;其它類;水果類;梅子;複合食品;湯品"
"2524","[義美]噗啾益生菌果凍-白葡萄","Root;食材;其它類;水果類;葡萄;點心甜品類;凍類甜品;果凍"
"2525","[義美]噗啾益生菌果凍-原味","Root;食材;其它類;點心甜品類;凍類甜品;果凍"
"2526","[義美]噗啾益生菌果凍-草莓乳酸","Root;食材;其它類;水果類;莓果;點心甜品類;凍類甜品;草莓;果凍"
"2527","[義美]噗啾益生菌果凍-葡萄","Root;食材;其它類;水果類;葡萄;點心甜品類;凍類甜品;果凍"
"2528","[義美]噗啾益生菌果凍-蘋果","Root;食材;其它類;水果類;蘋果;點心甜品類;凍類甜品;果凍"
"2529","[義美]糙米奶","Root;食材;全穀雜糧類;米飯類;糙米玄米"
"2530","[義美]寶吉純果汁-柳橙綜合","Root;食材;其它類;水果類;柑橘;飲品類;柳橙;蔬果汁"
"2531","[義美]寶吉純果汁-葡萄綜合","Root;食材;其它類;水果類;葡萄;飲品類;蔬果汁"
"2532","[義美]寶吉純果汁-蘋果","Root;食材;其它類;水果類;蘋果;飲品類;蔬果汁"
"2533","[義美]寶吉蔬果汁-葡萄莓果","Root;食材;其它類;水果類;莓果;葡萄;飲品類;蔬果汁"
"2534","[義美]寶吉蔬果汁-蘋果柳橙","Root;食材;其它類;水果類;柑橘;蘋果;飲品類;柳橙;蔬果汁"
"2535","[聖沛黎洛]聖沛黎洛天然氣泡礦泉水","Root;食材;其它類;飲品類;汽水;飲用水"
"2536","[萬丹]保久乳","Root;食材;乳品類;牛奶;保久乳"
"2537","[萬歲牌]大宴六喜堅果禮盒","Root;食材;堅果種子類"
"2538","[萬歲牌]大宴六喜綜合堅果禮盒","Root;食材;堅果種子類"
"2539","[萬歲牌]什錦堅果仁","Root;食材;堅果種子類"
"2540","[萬歲牌]吉祥迎春堅果禮盒","Root;食材;堅果種子類"
"2541","[萬歲牌]伯爵奶茶風味腰果","Root;食材;其它類;堅果種子類;飲品類;茶類;奶茶"
"2542","[萬歲牌]杏仁小魚","Root;食材;堅果種子類;海鮮類;杏仁;魚類"
"2543","[萬歲牌]杏仁果","Root;食材;堅果種子類;杏仁"
"2544","[萬歲牌]每日堅果","Root;食材;堅果種子類"
"2545","[萬歲牌]柿米果海苔杏仁小魚","Root;食材;其它類;堅果種子類;海鮮類;蔬菜類;杏仁;海苔;魚類;點心甜品類;零食餅乾"
"2546","[萬歲牌]珍味雙果","Root;食材;堅果種子類"
"2547","[萬歲牌]珍珠開心果","Root;食材;堅果種子類"
"2548","[萬歲牌]珍脆堅果仁","Root;食材;堅果種子類"
"2549","[萬歲牌]珍饌綜合禮盒","Root;食材;堅果種子類"
"2550","[萬歲牌]盈春綜合堅果禮盒","Root;食材;堅果種子類"
"2551","[萬歲牌]香酥腰果","Root;食材;堅果種子類"
"2552","[萬歲牌]原味珍珠開心果","Root;食材;堅果種子類"
"2553","[萬歲牌]原味開心果","Root;食材;堅果種子類"
"2554","[萬歲牌]海苔杏仁小魚","Root;食材;堅果種子類;海鮮類;蔬菜類;杏仁;海苔;魚類"
"2555","[萬歲牌]特選甘栗","Root;食材;堅果種子類"
"2556","[萬歲牌]特選甘栗禮盒","Root;食材;堅果種子類"
"2557","[萬歲牌]起司乾酪堅果松露風味","Root;食材;乳品類;堅果種子類;蔬菜類;菌菇;起司"
"2558","[萬歲牌]起司乾酪堅果美式燒烤風味","Root;食材;乳品類;堅果種子類;起司"
"2559","[萬歲牌]起司乾酪堅果椒鹽風味","Root;食材;乳品類;其它類;堅果種子類;調味料;起司;胡椒;鹽"
"2560","[萬歲牌]堅果食感禮盒","Root;食材;堅果種子類"
"2561","[萬歲牌]堅果時刻綜合堅果禮盒","Root;食材;堅果種子類"
"2562","[萬歲牌]堅果禮盒","Root;食材;堅果種子類"
"2563","[萬歲牌]莓果綜合堅果禮盒","Root;食材;堅果種子類;水果類;莓果"
"2564","[萬歲牌]富貴有餘堅果禮盒","Root;食材;堅果種子類"
"2565","[萬歲牌]椒鹽風味綜合堅果","Root;食材;其它類;堅果種子類;調味料;胡椒;鹽"
"2566","[萬歲牌]無調味杏仁果罐","Root;食材;堅果種子類;杏仁"
"2567","[萬歲牌]無調味珍珠開心果","Root;食材;堅果種子類"
"2568","[萬歲牌]無調味夏威夷果","Root;食材;堅果種子類"
"2569","[萬歲牌]無調味核桃","Root;食材;堅果種子類"
"2570","[萬歲牌]無調味烘焙杏仁果","Root;食材;堅果種子類;杏仁"
"2571","[萬歲牌]無調味烘焙綜合果","Root;食材;堅果種子類"
"2572","[萬歲牌]無調味堅果","Root;食材;堅果種子類"
"2573","[萬歲牌]無調味堅果禮盒","Root;食材;堅果種子類"
"2574","[萬歲牌]無調味開心果","Root;食材;堅果種子類"
"2575","[萬歲牌]無調味腰果","Root;食材;堅果種子類"
"2576","[萬歲牌]無調味腰果夏威夷豆","Root;食材;堅果種子類"
"2577","[萬歲牌]無調味綜合果","Root;食材;堅果種子類;水果類;其他水果"
"2578","[萬歲牌]無調味養生綜合堅果","Root;食材;堅果種子類"
"2579","[萬歲牌]楓糖腰果","Root;食材;堅果種子類"
"2580","[萬歲牌]極饌六喜全素堅果禮盒","Root;食材;堅果種子類"
"2581","[萬歲牌]綜合米果禮盒-蒜香黑胡椒風味","Root;食材;其它類;蔬菜類;蒜;調味料;點心甜品類;胡椒;零食餅乾"
"2582","[萬歲牌]綜合堅果乾優格風味","Root;食材;乳品類;堅果種子類;牛奶;發酵乳;優酪優格"
"2583","[萬歲牌]蒜味珍珠開心果","Root;食材;堅果種子類;蔬菜類;蒜"
"2584","[萬歲牌]蒜味開心果","Root;食材;堅果種子類;蔬菜類;蒜"
"2585","[萬歲牌]蒜味魷魚風味花生豆堅果綜合果","Root;食材;堅果種子類;海鮮類;蔬菜類;花生;蒜;頭足類"
"2586","[萬歲牌]蜜汁腰果","Root;食材;其它類;堅果種子類;點心甜品類;蜂蜜"
"2587","[萬歲牌]蔓越莓核桃","Root;食材;堅果種子類;水果類;莓果"
"2588","[萬歲牌]蔥燒辣小魚花生","Root;食材;堅果種子類;海鮮類;蔬菜類;花生;蔥;辣椒;魚類"
"2589","[萬歲牌]濃起司堅果","Root;食材;乳品類;堅果種子類;起司"
"2590","[萬歲牌]櫛瓜蔬菜堅果","Root;食材;堅果種子類;蔬菜類;瓜果類蔬菜"
"2591","[萬歲牌]總匯點心包","Root;食材;其它類;點心甜品類;零食餅乾"
"2592","[萬歲牌]薄脆堅果-起司風味&椒鹽風味","Root;食材;乳品類;其它類;堅果種子類;調味料;起司;胡椒;鹽"
"2593","[萬歲牌]薄鹽杏仁果","Root;食材;其它類;堅果種子類;杏仁;調味料;鹽"
"2594","[萬歲牌]薄鹽烘焙核桃","Root;食材;其它類;堅果種子類;調味料;鹽"
"2595","[萬歲牌]雙芝腰果","Root;食材;堅果種子類;芝麻"
"2596","[萬歲牌]饗艷綜合堅果禮盒","Root;食材;堅果種子類"
"2597","[萬歲牌]鹽之花綜合果","Root;食材;其它類;堅果種子類;調味料;鹽"
"2598","[萬歲牌]鹽味魷魚風味花生豆堅果綜合果","Root;食材;其它類;堅果種子類;海鮮類;花生;調味料;頭足類;鹽"
"2599","[葡萄王]田七瑪卡王精華飲","Root;食材;其它類;飲品類"
"2600","[葡萄王]康普茶雙纖飲-葡柚蜜香風味","Root;食材;其它類;水果類;柑橘;飲品類;柚子;茶類"
"2601","[葡萄王]靈芝王精華飲","Root;食材;其它類;飲品類"
"2602","[誠泰]蔭豆豉","Root;食材;豆類"
"2603","[農純鄉]紅棗枸杞滴雞精","Root;食材;其它類;肉類;中藥材;雞;飲品類;紅棗"
"2604","[農會牌]100%台灣產_產銷履歷農產品 黑豆奶,黃豆奶","Root;食材;豆類;豆漿豆奶"
"2605","[鈴木榮光堂]北海道風味綜合豆果子","Root;食材;堅果種子類;豆類"
"2606","[鈴木榮光堂]鈴木榮光堂杏仁小魚乾","Root;食材;堅果種子類;海鮮類;杏仁;魚類"
"2607","[寧記]豆豉香魚","Root;食材;海鮮類;豆類;魚類"
"2608","[寧記]剝皮脆辣椒","Root;食材;蔬菜類;辣椒"
"2609","[寧記]脆蘿蔔辣椒","Root;食材;蔬菜類;根莖類蔬菜;辣椒;蘿蔔"
"2610","[寧記]麻辣 酸菜鍋","Root;食材;其它類;蔬菜類;葉菜類蔬菜;複合食品;調味料;火鍋;麻辣"
"2611","[寧記]麻辣鍋","Root;食材;其它類;複合食品;調味料;火鍋;麻辣"
"2612","[寧記]蔭樹子","Root;食材;其它類"
"2613","[熊出沒注意]惡魔豆干","Root;食材;豆類;豆干"
"2614","[瑪伊娜]有機100%特級橄欖油","Root;食材;油類;橄欖油"
"2615","[瑪伊娜]嚴選特級第一道冷壓橄欖油","Root;食材;油類;橄欖油"
"2616","[甄品油鋪]冷壓鮮榨油-黃金亞麻仁油黑瓶","Root;食材;油類"
"2617","[甄拾堂]純粹鹽香花生","Root;食材;其它類;堅果種子類;花生;調味料;鹽"
"2618","[甄拾堂]濃厚蒜香花生","Root;食材;堅果種子類;蔬菜類;花生;蒜"
"2619","[福伯]鍋巴脆餅(香辣口味)","Root;食材;其它類;蔬菜類;辣椒;點心甜品類;零食餅乾"
"2620","[福伯]鍋巴脆餅(燒烤口味)","Root;食材;其它類;點心甜品類;零食餅乾"
"2621","[福忠字號]麻辣鴨血獨享鍋","Root;食材;其它類;肉類;內臟及血製品;複合食品;調味料;鴨;火鍋;麻辣"
"2622","[福松]幼脆條瓜","Root;食材;蔬菜類;瓜果類蔬菜"
"2623","[福松]玉露香筍","Root;食材;蔬菜類;筍子"
"2624","[福松]剝皮辣椒","Root;食材;蔬菜類;辣椒"
"2625","[福松]黃金樹子","Root;食材;其它類"
"2626","[福壽]100% 純芥花油","Root;食材;油類"
"2627","[福壽]100% 純葵花油","Root;食材;油類;葵花油"
"2628","[福壽]100%純芝麻油","Root;食材;油類;麻油"
"2629","[福壽]100%純芥花油","Root;食材;油類"
"2630","[福壽]大豆沙拉油","Root;食材;油類;豆類"
"2631","[福壽]不飽和大豆沙拉油","Root;食材;油類;豆類"
"2632","[福壽]玄米油","Root;食材;全穀雜糧類;油類;米飯類;糙米玄米"
"2633","[福壽]好味香油","Root;食材;油類;香油"
"2634","[福壽]花生風味精華調合油","Root;食材;堅果種子類;油類;花生;調合油"
"2635","[福壽]青果多酚精華調合油","Root;食材;油類;調合油"
"2636","[福壽]胡麻油","Root;食材;油類;麻油"
"2637","[福壽]香油","Root;食材;油類;香油"
"2638","[福壽]原始種黑錦土雞滴雞精","Root;食材;其它類;肉類;雞;飲品類"
"2639","[福壽]福壽油禮盒","Root;食材;油類"
"2640","[福壽伯]鯛魚片","Root;食材;海鮮類;魚類"
"2641","[福樂]100%生乳保久乳-全脂","Root;食材;乳品類;牛奶;保久乳"
"2642","[福樂]一番鮮保久乳","Root;食材;乳品類;牛奶;保久乳"
"2643","[福樂]全脂牛乳100%生乳","Root;食材;乳品類;牛奶"
"2644","[福樂]好眠高鈣營養牛乳","Root;食材;乳品類;牛奶"
"2645","[福樂]明亮寶貝金盞花萃取精華營養牛乳","Root;食材;乳品類;牛奶"
"2646","[福樂]金盞花保久乳","Root;食材;乳品類;牛奶;保久乳"
"2647","[福樂]保久乳-巧克力牛乳","Root;食材;乳品類;堅果種子類;可可;牛奶;保久乳"
"2648","[福樂]保久乳-香蕉牛乳","Root;食材;乳品類;水果類;牛奶;香蕉;保久乳"
"2649","[福樂]保久乳-高鈣低脂牛乳","Root;食材;乳品類;牛奶;保久乳"
"2650","[福樂]保久乳-堅果牛乳","Root;食材;乳品類;堅果種子類;牛奶;保久乳"
"2651","[福樂]保久乳-雙麥牛乳","Root;食材;乳品類;全穀雜糧類;牛奶;麥;保久乳"
"2652","[福樂]保久乳-蘋果牛乳","Root;食材;乳品類;水果類;牛奶;蘋果;保久乳"
"2653","[福樂]香蕉牛乳","Root;食材;乳品類;水果類;牛奶;香蕉"
"2654","[福樂]堅果牛乳","Root;食材;乳品類;堅果種子類;牛奶"
"2655","[福樂]超能蛋白營養牛乳-奶茶口味","Root;食材;乳品類;其它類;牛奶;飲品類;茶類;奶茶"
"2656","[福樂]鈣多多高鈣牛乳","Root;食材;乳品類;牛奶"
"2657","[福樂]福樂高鈣低脂牛乳","Root;食材;乳品類;牛奶"
"2658","[福樂]雙麥牛乳","Root;食材;乳品類;全穀雜糧類;牛奶;麥"
"2659","[福穀樂]奶油紅豆包","Root;食材;全穀雜糧類;其它類;包子饅頭;奶油;紅豆綠豆"
"2660","[福穀樂]奶酥起士包","Root;食材;乳品類;全穀雜糧類;其它類;包子饅頭;奶油;起司"
"2661","[福穀樂]巧食.無添加彩虹麵疙瘩","Root;食材;全穀雜糧類;麵"
"2662","[福穀樂]享嘉.香醇杏仁茶","Root;食材;其它類;堅果種子類;杏仁;飲品類;茶類"
"2663","[福穀樂]高麗菜菇菇包","Root;食材;全穀雜糧類;蔬菜類;包子饅頭;菌菇;葉菜類蔬菜;高麗菜"
"2664","[福穀樂]高麗菜鮮肉雜糧水餃","Root;食材;全穀雜糧類;肉類;蔬菜類;葉菜類蔬菜;餃子;高麗菜"
"2665","[福穀樂]黑麥雜糧饅頭","Root;食材;全穀雜糧類;包子饅頭;麥"
"2666","[福穀樂]蔬香雲絲包","Root;食材;全穀雜糧類;蔬菜類;包子饅頭"
"2667","[福穀樂]爆漿香芋包","Root;食材;全穀雜糧類;包子饅頭;芋頭"
"2668","[綠巨人]人珍珠玉米醬","Root;食材;全穀雜糧類;玉米"
"2669","[綠巨人]天然特甜玉米粒","Root;食材;全穀雜糧類;玉米"
"2670","[綠巨人]天然無鹽玉米粒","Root;食材;全穀雜糧類;玉米"
"2671","[綠巨人]生機無鹽玉米粒/易開罐","Root;食材;全穀雜糧類;玉米"
"2672","[綠巨人]金玉雙色玉米粒","Root;食材;全穀雜糧類;玉米"
"2673","[綠巨人]珍珠玉米粒","Root;食材;全穀雜糧類;玉米"
"2674","[綠巨人]脆甜玉米粒","Root;食材;全穀雜糧類;玉米"
"2675","[綠巨人]清盈Light玉米粒","Root;食材;全穀雜糧類;玉米"
"2676","[維大力]加鹽沙士","Root;食材;其它類;調味料;飲品類;汽水;鹽"
"2677","[維大力]白葡萄風味氣水","Root;食材;其它類;水果類;葡萄;飲品類;汽水"
"2678","[維大力]蘋果風味汽水","Root;食材;其它類;水果類;蘋果;飲品類;汽水"
"2679","[維他露]繽果大蘋果蘇打","Root;食材;其它類;水果類;蘋果;飲品類;汽水"
"2680","[維他露P]大蘋果蘇打","Root;食材;其它類;水果類;蘋果;飲品類;汽水"
"2681","[維他露P]汽水","Root;食材;其它類;飲品類;汽水"
"2682","[維他露P]海鹽沙士","Root;食材;其它類;調味料;飲品類;汽水;鹽"
"2683","[維義]100%特級初榨橄欖油","Root;食材;油類;橄欖油"
"2684","[維義]100%頭等橄欖金鑽橄欖油","Root;食材;油類;橄欖油"
"2685","[維義]Omega3 芥花不飽和調合油","Root;食材;油類;調合油"
"2686","[維義]不飽和向日葵花調和油","Root;食材;油類;調合油"
"2687","[維義]不飽和冷壓調和油","Root;食材;油類;調合油"
"2688","[維義]玄米油","Root;食材;全穀雜糧類;油類;米飯類;糙米玄米"
"2689","[維義]伴天下鍋物香油","Root;食材;油類;香油"
"2690","[維義]伴天下飄香蒜油","Root;食材;油類;蔬菜類;蒜"
"2691","[維義]冷壓雙果調合油","Root;食材;油類;調合油"
"2692","[維義]油之鑽127鑽石級調合油","Root;食材;油類;調合油"
"2693","[維義]特級初榨橄欖油","Root;食材;油類;橄欖油"
"2694","[維義]純芥花油","Root;食材;油類"
"2695","[維義]堅果精華調合油","Root;食材;油類;調合油"
"2696","[維義]御膳食堂-剝皮辣椒","Root;食材;蔬菜類;辣椒"
"2697","[維義]頂級玄米油","Root;食材;全穀雜糧類;油類;米飯類;糙米玄米"
"2698","[維義]單元多多冷壓香油","Root;食材;油類;香油"
"2699","[維義]頭等100%純油-低溫適用","Root;食材;油類"
"2700","[維義]頭等100%純油-高溫適用","Root;食材;油類"
"2701","[維義]頭等Omega3 芥花不飽和調和油","Root;食材;油類;調合油"
"2702","[維義]頭等冷壓雙果調合油","Root;食材;油類;調合油"
"2703","[維義]頭等兩用調合油-高低溫適用","Root;食材;油類;調合油"
"2704","[維義]頭等活力能量調合油","Root;食材;油類;調合油"
"2705","[維義]頭等堅果精華調合油","Root;食材;堅果種子類;油類;調合油"
"2706","[翠果子]天天Bites綜合堅果","Root;食材;堅果種子類"
"2707","[翠果子]原味豆","Root;食材;豆類"
"2708","[翠果子]醬燒豆","Root;食材;豆類"
"2709","[聚]北海道昆布熬高湯","Root;食材;其它類;蔬菜類;複合食品;湯品"
"2710","[聚]聚-北海道蒜香豚骨鍋火鍋湯底","Root;食材;其它類;肉類;蔬菜類;蒜;複合食品;豬;湯品;火鍋"
"2711","[聚]聚-北海道藥膳滋養鍋火鍋湯底","Root;食材;其它類;中藥材;複合食品;湯品;火鍋"
"2712","[臺鹽]海洋生成水","Root;食材;其它類;飲品類;飲用水"
"2713","[臺鹽]海洋鹼性離子水","Root;食材;其它類;飲品類;飲用水"
"2714","[臺灣通利]唯寶鳳梨剝皮辣椒-玻璃罐","Root;食材;水果類;蔬菜類;辣椒;鳳梨"
"2715","[蒜一下]特製蒜香蠶豆","Root;食材;蔬菜類;豆類;蒜"
"2716","[豪鮮牛肉]手工美國超厚100%純牛漢堡排","Root;食材;肉類;加工肉品;牛"
"2717","[豪鮮牛肉]南美天然草飼嫩肩牛排","Root;食材;肉類;牛"
"2718","[豪鮮牛肉]南美厚切草原之心全天然肋眼牛排","Root;食材;肉類;牛"
"2719","[豪鮮牛肉]南美草原之心天然牛肋條切段","Root;食材;肉類;牛"
"2720","[豪鮮牛肉]南美草原之心全天然肋眼牛排","Root;食材;肉類;牛"
"2721","[豪鮮牛肉]南美草原之心熟成菲力厚切","Root;食材;肉類;牛"
"2722","[豪鮮牛肉]南美草原熟成嫩肩肉片","Root;食材;肉類;牛"
"2723","[豪鮮牛肉]南美草飼之星全天然牛腱切塊","Root;食材;肉類;牛"
"2724","[豪鮮牛肉]美國PRIME安格斯肋眼牛排","Root;食材;肉類;牛"
"2725","[豪鮮牛肉]美國安格斯PRIME頂級霜降沙朗骰子","Root;食材;肉類;牛"
"2726","[豪鮮牛肉]美國安格斯帶骨牛小排","Root;食材;肉類;牛"
"2727","[豪鮮牛肉]美國安格斯雪花無骨牛小排","Root;食材;肉類;牛"
"2728","[豪鮮牛肉]美國安格斯雪花嫩肩牛排厚切","Root;食材;肉類;牛"
"2729","[豪鮮牛肉]美國安格斯雪花嫩肩牛排薄切","Root;食材;肉類;牛"
"2730","[豪鮮牛肉]美國安格斯凝脂牛五花牛排","Root;食材;肉類;牛"
"2731","[豪鮮牛肉]美國安格斯霜降翼板牛排","Root;食材;肉類;牛"
"2732","[豪鮮牛肉]美國特選板腱牛肉片","Root;食材;肉類;牛"
"2733","[豪鮮牛肉]美國穀飼精修上肩牛肋切段","Root;食材;肉類;牛"
"2734","[豪鮮牛肉]美國凝脂厚切雪花牛肉片","Root;食材;肉類;牛"
"2735","[豪鮮牛肉]美國霜降翼板牛肉片","Root;食材;肉類;牛"
"2736","[豪鮮牛肉]紐西蘭老饕牛舌切片","Root;食材;肉類;牛"
"2737","[豪鮮牛肉]頂級霜降沙朗牛排","Root;食材;肉類;牛"
"2738","[辣椒叔叔]鮮脆剝皮辣椒-玻璃瓶","Root;食材;蔬菜類;辣椒"
"2739","[遠洋牌]三明治鮪魚","Root;食材;全穀雜糧類;海鮮類;魚類;麵包;三明治;鮪魚"
"2740","[遠洋牌]水煮鮪魚罐","Root;食材;海鮮類;魚類;鮪魚"
"2741","[遠洋牌]玉米鮪魚三明治","Root;食材;全穀雜糧類;海鮮類;玉米;魚類;麵包;三明治;鮪魚"
"2742","[遠洋牌]豆豉燒鰻","Root;食材;海鮮類;豆類;魚類"
"2743","[遠洋牌]紅燒鰻","Root;食材;海鮮類;魚類"
"2744","[遠洋牌]香辣燒鰻","Root;食材;海鮮類;蔬菜類;辣椒;魚類"
"2745","[遠洋牌]嘉義雞肉飯料","Root;食材;全穀雜糧類;肉類;米飯類;雞"
"2746","[遠洋牌]碳燒鮪魚","Root;食材;海鮮類;魚類;鮪魚"
"2747","[遠洋牌]鮪魚片","Root;食材;海鮮類;魚類;鮪魚"
"2748","[遠洋牌]鮪魚抹醬","Root;食材;海鮮類;魚類;鮪魚"
"2749","[酷椰嶼]椰子俱樂部100%椰子水","Root;食材;其它類;椰子;飲品類;蔬果汁"
"2750","[墨鮑牌]樂可思秘魯鮑-一般蓋","Root;食材;海鮮類;貝類"
"2751","[廚鮮食代]椰子燉土雞湯","Root;食材;其它類;肉類;椰子;複合食品;雞;湯品"
"2752","[廣川]韓國廣川海苔酥","Root;食材;蔬菜類;海苔"
"2753","[廣吉]高級奶精","Root;食材;油類"
"2754","[廣達香]肉醬-原味","Root;食材;肉類;加工肉品"
"2755","[廣達香]肉醬組合包","Root;食材;肉類;加工肉品"
"2756","[廣達香]拌飯魯肉醬","Root;食材;肉類;加工肉品;豬"
"2757","[廣達香]香辣肉醬","Root;食材;肉類;蔬菜類;加工肉品;辣椒"
"2758","[廣達香]海苔魚鬆","Root;食材;海鮮類;蔬菜類;海苔;魚類"
"2759","[廣達香]純肉鬆","Root;食材;肉類;加工肉品;肉鬆"
"2760","[廣達香]素食香鬆-海苔芝麻","Root;食材;堅果種子類;蔬菜類;海苔;芝麻"
"2761","[廣達香]魚鬆","Root;食材;海鮮類;魚類"
"2762","[廣達香]辣紅燒牛肉","Root;食材;肉類;蔬菜類;牛;辣椒"
"2763","[廣達香]豬肉酥","Root;食材;肉類;豬"
"2764","[廣濟堂]漢方蠶豆酥","Root;食材;豆類"
"2765","[廣濟堂]廣濟堂豆干丁三角包","Root;食材;豆類;豆干"
"2766","[德助]香椒泡筍","Root;食材;蔬菜類;筍子;辣椒"
"2767","[德助]黃金泡菜","Root;食材;蔬菜類;葉菜類蔬菜;泡菜"
"2768","[德昌]五香小丁豆乾","Root;食材;豆類;豆干"
"2769","[德昌]沙茶豆乾","Root;食材;其它類;豆類;調味料;豆干;沙茶"
"2770","[德昌]豆乾-沙茶","Root;食材;其它類;豆類;調味料;豆干;沙茶"
"2771","[德昌]豆乾-素食香菇","Root;食材;蔬菜類;豆類;菌菇;豆干"
"2772","[德昌]豆乾-黑胡椒","Root;食材;其它類;豆類;調味料;豆干;胡椒"
"2773","[德昌]豆乾-滷肉","Root;食材;肉類;豆類;豆干;豬"
"2774","[德昌]炭燒角豆乾","Root;食材;豆類;豆干"
"2775","[德昌]紅標五香豆乾","Root;食材;豆類;豆干"
"2776","[德昌]紅燒牛肉","Root;食材;肉類;牛"
"2777","[德昌]麻辣五香豆乾","Root;食材;其它類;豆類;調味料;豆干;麻辣"
"2778","[德昌]麻辣紅標豆乾-純素","Root;食材;其它類;豆類;調味料;豆干;麻辣"
"2779","[德昌]滷香豆乾","Root;食材;豆類;豆干"
"2780","[德昌]滷條豆乾-牛肉","Root;食材;肉類;豆類;牛;豆干"
"2781","[德昌]蒜絲豆乾","Root;食材;蔬菜類;豆類;蒜;豆干"
"2782","[德記]梅子豆腐乳","Root;食材;水果類;豆類;梅子;豆腐"
"2783","[德記]甜酒豆腐乳","Root;食材;其它類;豆類;豆腐;飲品類;酒"
"2784","[德莊]清油麻辣火鍋底料","Root;食材;其它類;油類;複合食品;調味料;火鍋;麻辣"
"2785","[德莊]番茄火鍋底料","Root;食材;其它類;水果類;番茄;複合食品;火鍋"
"2786","[德莊]德莊青一色鮮椒火鍋底料","Root;食材;其它類;蔬菜類;複合食品;辣椒;火鍋"
"2787","[德麗莎]特級初榨橄欖油","Root;食材;油類;橄欖油"
"2788","[慶尚北道]韓式泡菜","Root;食材;蔬菜類;葉菜類蔬菜;泡菜"
"2789","[慶尚北道]韓式結頭菜","Root;食材;蔬菜類;葉菜類蔬菜"
"2790","[樂可思]智利鮑罐頭","Root;食材;海鮮類;貝類"
"2791","[樂禾屋]樂禾屋x台南晶英酒店川麻鴨血","Root;食材;肉類;內臟及血製品;鴨"
"2792","[樂活生技]香檳茸能量蛋","Root;食材;蛋類"
"2793","[樂雅樂]樂雅樂x十味觀味噌咖哩牛奶鍋火鍋湯底","Root;食材;乳品類;其它類;牛奶;複合食品;調味料;咖哩;湯品;火鍋"
"2794","[樂雅樂]樂雅樂x十味觀鹽麴香醇雞白湯鍋火鍋湯底","Root;食材;其它類;肉類;複合食品;調味料;雞;湯品;火鍋;鹽"
"2795","[歐典生機]雪蓮燉銀耳","Root;食材;蔬菜類;菌菇;木耳"
"2796","[歐典生機]養生黑木耳","Root;食材;蔬菜類;菌菇;木耳"
"2797","[歐納丘]可可腰果","Root;食材;堅果種子類;可可"
"2798","[歐納丘]肉桂胡桃","Root;食材;堅果種子類"
"2799","[歐嘉]職人款橄欖油","Root;食材;油類;橄欖油"
"2800","[澎湖明興]花枝漿","Root;食材;海鮮類;頭足類"
"2801","[澎湖明興]花枝蝦漿","Root;食材;海鮮類;甲殼類;頭足類;蝦"
"2802","[鄧師傅功夫菜]熱炒吧-宮保雞丁","Root;食材;肉類;雞"
"2803","[鄧師傅功夫菜]熱炒吧-梅汁糖醋肉","Root;食材;其它類;水果類;肉類;梅子;調味料;醋"
"2804","[鄧師傅功夫菜]熱炒吧-麻辣牛雙寶","Root;食材;其它類;肉類;內臟及血製品;牛;調味料;麻辣"
"2805","[鄧師傅功夫菜]熱炒吧-黑椒牛肉","Root;食材;肉類;牛"
"2806","[鄧師傅功夫菜]熱炒吧-鳳梨糖醋魚","Root;食材;其它類;水果類;海鮮類;調味料;魚類;鳳梨;醋"
"2807","[鄧師傅功夫菜]鄧師傅花雕雞火鍋","Root;食材;其它類;肉類;複合食品;雞;飲品類;火鍋;酒"
"2808","[鄧師傅功夫菜]鄧師傅蔭鳳梨花蛤雞湯","Root;食材;其它類;水果類;海鮮類;肉類;複合食品;貝類;雞;鳳梨;湯品"
"2809","[養樂多]100%蘋果汁","Root;食材;其它類;水果類;蘋果;飲品類;蔬果汁"
"2810","[養樂多]鮮豆漿","Root;食材;豆類;豆漿豆奶"
"2811","[黎花院]韓式泡菜/玻璃瓶","Root;食材;蔬菜類;葉菜類蔬菜;泡菜"
"2812","[噶瑪蘭]黑麥汁","Root;食材;全穀雜糧類;其它類;飲品類;麥;汽水"
"2813","[戰豆]日式唐辛子風味脆青豆","Root;食材;蔬菜類;豆類;辣椒"
"2814","[戰豆]鹹蛋黃風味蠶豆片","Root;食材;蛋類;豆類"
"2815","[樹頂]100%石榴莓綜合果汁","Root;食材;其它類;水果類;其他水果;莓果;飲品類;蔬果汁"
"2816","[樹頂]100%純柳橙汁","Root;食材;其它類;水果類;柑橘;飲品類;柳橙;蔬果汁"
"2817","[樹頂]100%純蘋果汁","Root;食材;其它類;水果類;蘋果;飲品類;蔬果汁"
"2818","[樹頂]100%蜜桃綜合果汁","Root;食材;其它類;水果類;水蜜桃;飲品類;蔬果汁"
"2819","[樹頂]蘋果氣泡飲","Root;食材;其它類;水果類;蘋果;飲品類;汽水"
"2820","[樹懶老爺]海苔肉鬆","Root;食材;肉類;蔬菜類;加工肉品;海苔;肉鬆"
"2821","[樹懶老爺]脆脆豬","Root;食材;肉類;豬"
"2822","[橄欖諾娃]CANOLIVA第一道冷壓特級純橄欖油","Root;食材;油類;橄欖油"
"2823","[橄欖諾娃]第一道冷壓特級橄欖油","Root;食材;油類;橄欖油"
"2824","[橘平屋]海苔醬-屏大醬油口味 玻璃罐","Root;食材;蔬菜類;海苔"
"2825","[橘平屋]海苔醬-原味 玻璃瓶","Root;食材;蔬菜類;海苔"
"2826","[激浪]汽水","Root;食材;其它類;飲品類;汽水"
"2827","[燕山明珠]甘栗仁","Root;食材;堅果種子類"
"2828","[膳食家]人蔘糯米雞","Root;食材;全穀雜糧類;其它類;肉類;中藥材;米飯類;雞"
"2829","[膳食家]竹籠櫻花蝦米糕","Root;食材;全穀雜糧類;海鮮類;甲殼類;米飯類;蝦"
"2830","[膳食家]胡椒豬肚雞湯","Root;食材;其它類;肉類;內臟及血製品;複合食品;調味料;豬;雞;湯品;胡椒"
"2831","[膳食家]黑蒜頭燉雞湯","Root;食材;其它類;肉類;蔬菜類;蒜;複合食品;雞;湯品"
"2832","[膳體家]紅棗核桃","Root;食材;其它類;堅果種子類;中藥材;紅棗"
"2833","[錢家]野生一口烏魚","Root;食材;海鮮類;魚類"
"2834","[錢家]野生片狀 烏魚子禮盒","Root;食材;海鮮類;魚類;魚卵"
"2835","[錢家]野生烏魚子提盒款禮盒","Root;食材;海鮮類;魚類;魚卵"
"2836","[錦霞樓]老滷冰糖豬腳","Root;食材;肉類;豬"
"2837","[錦霞樓]紅蟳干貝米糕","Root;食材;全穀雜糧類;海鮮類;甲殼類;米飯類;貝類;干貝;蟹"
"2838","[錦霞樓]胡椒豬肚干貝雞湯","Root;食材;其它類;海鮮類;肉類;內臟及血製品;複合食品;調味料;豬;貝類;雞;干貝;湯品;胡椒"
"2839","[錦霞樓]經典海鮮羹","Root;食材;其它類;海鮮類;複合食品;羹"
"2840","[錦霞樓]魷魚螺肉蒜","Root;食材;海鮮類;蔬菜類;蒜;貝類;頭足類;魷魚"
"2841","[隨意煮]鹿港祖傳鴨肉米糕","Root;食材;全穀雜糧類;肉類;米飯類;鴨"
"2842","[隨意煮]福氣金瓜海鮮羹","Root;食材;其它類;海鮮類;蔬菜類;瓜果類蔬菜;複合食品;羹"
"2843","[隨緣]海苔堅果香鬆","Root;食材;堅果種子類;蔬菜類;海苔"
"2844","[隨緣]素肉骨茶鮮高湯","Root;食材;其它類;中藥材;複合食品;湯品"
"2845","[隨緣]椒香燕麥奶湯底","Root;食材;全穀雜糧類;其它類;蔬菜類;複合食品;辣椒;麥;湯品;燕麥"
"2846","[隨緣]猴頭菇香鬆","Root;食材;蔬菜類;菌菇"
"2847","[隨緣]薑黃椰香湯底","Root;食材;其它類;蔬菜類;椰子;薑;複合食品;湯品"
"2848","[隨緣]鮮蔬昆布鮮高湯","Root;食材;其它類;蔬菜類;複合食品;湯品"
"2849","[頭等倉堅果]帶皮腰果","Root;食材;堅果種子類"
"2850","[龍口]天下拉麵","Root;食材;全穀雜糧類;麵"
"2851","[龍口]天下油麵","Root;食材;全穀雜糧類;麵"
"2852","[龍口]天下壽麵","Root;食材;全穀雜糧類;麵"
"2853","[龍口]天下寬麵","Root;食材;全穀雜糧類;麵"
"2854","[龍口]天下雞蛋麵","Root;食材;全穀雜糧類;蛋類;麵"
"2855","[龍口]天下麵條","Root;食材;全穀雜糧類;麵"
"2856","[龍口]天下麵線","Root;食材;全穀雜糧類;麵"
"2857","[龍口]萬龍營養拉麵","Root;食材;全穀雜糧類;麵"
"2858","[龍口]萬龍營養麵條","Root;食材;全穀雜糧類;麵"
"2859","[龍宏]香脆筍","Root;食材;蔬菜類;筍子"
"2860","[龍宏]香脆酸菜","Root;食材;蔬菜類;葉菜類蔬菜"
"2861","[龍宏]香筍","Root;食材;蔬菜類;筍子"
"2862","[龍宏]嫩薑","Root;食材;蔬菜類;薑"
"2863","[龍宏]韓式泡菜","Root;食材;蔬菜類;葉菜類蔬菜;泡菜"
"2864","[龍廚]花椒芝麻寬粉","Root;食材;全穀雜糧類;堅果種子類;蔬菜類;芝麻;辣椒;麵"
"2865","[龜甲萬]龜甲萬豆乳-紅茶風味","Root;食材;其它類;豆類;豆漿豆奶;飲品類;茶類;紅茶"
"2866","[優雅食]星太郎超寬條餅大盛巨人包-雞汁口味","Root;食材;其它類;肉類;雞;點心甜品類;零食餅乾"
"2867","[優雅食]星太郎點心麵-小雞汁","Root;食材;其它類;肉類;雞;點心甜品類;零食餅乾"
"2868","[優雅食]星太郎點心麵-雞汁原味分享包","Root;食材;其它類;肉類;雞;點心甜品類;零食餅乾"
"2869","[優鮮沛]100%蘋果蔓越莓綜合果汁","Root;食材;其它類;水果類;莓果;蘋果;飲品類;蔬果汁"
"2870","[優鮮沛]蔓越莓綜合果汁","Root;食材;其它類;水果類;莓果;飲品類;蔬果汁"
"2871","[勵拓]日清油菜籽大豆調和油","Root;食材;堅果種子類;油類;蔬菜類;豆類;葉菜類蔬菜;調合油"
"2872","[懋勝堂]三杯塔香拌麵","Root;食材;全穀雜糧類;蔬菜類;葉菜類蔬菜;麵"
"2873","[懋勝堂]台灣油蔥拌麵","Root;食材;全穀雜糧類;油類;蔬菜類;蔥;麵"
"2874","[總舖獅]大甲芋頭丸","Root;食材;全穀雜糧類;芋頭"
"2875","[總舖獅]頂級帶塊花枝丸","Root;食材;海鮮類;頭足類"
"2876","[總舖獅]爆漿雞腿肉捲","Root;食材;肉類;雞"
"2877","[薄雪萊]竹炭水","Root;食材;其它類;飲品類;飲用水"
"2878","[謝記]傳統鴨賞肉","Root;食材;肉類;鴨"
"2879","[韓味不二]海苔酥-玉米濃湯風味","Root;食材;全穀雜糧類;其它類;蔬菜類;海苔;玉米;複合食品;湯品"
"2880","[韓國 Doori Doori]拉麵拌飯","Root;食材;全穀雜糧類;米飯類;麵"
"2881","[韓國 Doori Doori]拉麵拌飯-辣牛肉湯味","Root;食材;全穀雜糧類;其它類;肉類;蔬菜類;牛;米飯類;複合食品;辣椒;麵;湯品"
"2882","[韓國水協]波浪魚板串","Root;食材;海鮮類;魚類"
"2883","[韓國百濟]韓國百濟米麵線","Root;食材;全穀雜糧類;米飯類;麵"
"2884","[韓國樂天]草莓優格風味碳酸飲","Root;食材;乳品類;其它類;水果類;牛奶;莓果;飲品類;汽水;發酵乳;草莓;優酪優格"
"2885","[韓國樂天]葡萄優格風味碳酸飲","Root;食材;乳品類;其它類;水果類;牛奶;葡萄;飲品類;汽水;發酵乳;優酪優格"
"2886","[韓國樂天]優格風味碳酸飲","Root;食材;乳品類;其它類;牛奶;飲品類;汽水;發酵乳;優酪優格"
"2887","[韓國樂天]韓國樂天牛奶味飲料","Root;食材;其它類;飲品類;汽水"
"2888","[韓國樂天]韓國樂天草莓味飲料","Root;食材;其它類;水果類;莓果;飲品類;草莓"
"2889","[韓國樂天]韓國樂天經典汽水","Root;食材;其它類;飲品類;汽水"
"2890","[韓華]INTAKE水蜜桃風味氣泡水","Root;食材;其它類;水果類;水蜜桃;飲品類;汽水"
"2891","[韓華]INTAKE麝香葡萄風味氣泡水","Root;食材;其它類;水果類;葡萄;飲品類;汽水"
"2892","[駿茂]坎佩納天使髮麵","Root;食材;全穀雜糧類;麵"
"2893","[駿茂]坎佩納細扁麵","Root;食材;全穀雜糧類;麵"
"2894","[駿茂]坎佩納通心義大利麵","Root;食材;全穀雜糧類;麵;義大利麵"
"2895","[駿茂]坎佩納筆管義大利麵","Root;食材;全穀雜糧類;麵;義大利麵"
"2896","[駿茂]坎佩納標準麵","Root;食材;全穀雜糧類;麵"
"2897","[駿茂]坎佩納螺絲義大利麵","Root;食材;全穀雜糧類;麵;義大利麵"
"2898","[駿茂]德國農家綜合堅果","Root;食材;堅果種子類"
"2899","[鮮大王]鮮滋道-金蔥鵝油","Root;食材;油類;蔬菜類;蔥"
"2900","[鮮肉王國]櫻桃鴨肉串","Root;食材;肉類;鴨"
"2901","[鮮乳坊]巧克力保久調味乳","Root;食材;乳品類;堅果種子類;可可;牛奶;保久乳"
"2902","[鮮味]台灣擔仔麵-拉麵","Root;食材;全穀雜糧類;麵"
"2903","[鮮味]台灣擔仔麵-油麵","Root;食材;全穀雜糧類;麵"
"2904","[鮮味]台灣擔仔麵-陽春麵","Root;食材;全穀雜糧類;麵"
"2905","[鮮味]關廟麵-小刀削麵","Root;食材;全穀雜糧類;麵"
"2906","[鮮味]關廟麵-手打拉麵","Root;食材;全穀雜糧類;麵"
"2907","[鮮味]關廟麵-家庭號","Root;食材;全穀雜糧類;麵"
"2908","[鮮味]關廟麵-家常寬麵","Root;食材;全穀雜糧類;麵"
"2909","[鮮剖]100%純椰子汁","Root;食材;其它類;椰子;飲品類;蔬果汁"
"2910","[鮮剖]100%椰子水","Root;食材;其它類;椰子;飲品類;蔬果汁"
"2911","[鮮盒子]香菇雞湯","Root;食材;其它類;肉類;蔬菜類;菌菇;複合食品;雞;湯品"
"2912","[檸檬大叔]半乳寡糖檸檬膠囊","Root;食材;水果類;柑橘;檸檬"
"2913","[檸檬大叔]金桔檸檬膠囊","Root;食材;水果類;柑橘;檸檬"
"2914","[檸檬大叔]海鹽檸檬膠囊","Root;食材;其它類;水果類;柑橘;調味料;檸檬;鹽"
"2915","[檸檬大叔]烏梅檸檬膠囊","Root;食材;水果類;柑橘;梅子;檸檬"
"2916","[檸檬大叔]純檸檬磚","Root;食材;水果類;柑橘;檸檬"
"2917","[檸檬大叔]蜂蜜檸檬膠囊","Root;食材;其它類;水果類;柑橘;點心甜品類;檸檬;蜂蜜"
"2918","[檸檬啾]微笑檸檬檸檬原汁","Root;食材;其它類;水果類;柑橘;飲品類;檸檬;蔬果汁"
"2919","[藍舍花園]客家梅干扣肉","Root;食材;肉類;蔬菜類;葉菜類蔬菜;豬"
"2920","[藍海饌]得獎牛肉麵多口味任選","Root;食材;全穀雜糧類;肉類;牛;麵"
"2921","[豐力富]Nature幼兒成長奶粉1-3歲","Root;食材;乳品類;牛奶;奶粉"
"2922","[豐力富]全家人高鈣營養奶粉","Root;食材;乳品類;牛奶;奶粉"
"2923","[豐力富]高優質純生乳奶粉","Root;食材;乳品類;牛奶;奶粉"
"2924","[醫生日記]活力麥蛋白麵","Root;食材;全穀雜糧類;麥;麵"
"2925","[醫生日記]海米菇菇鵝油醬醬拌麵","Root;食材;全穀雜糧類;油類;蔬菜類;菌菇;麵"
"2926","[醬天下]高粱豆腐乳","Root;食材;其它類;豆類;豆腐;飲品類;酒;高粱"
"2927","[雙響泡]沙茶鍋燒湯麵","Root;食材;全穀雜糧類;其它類;複合食品;調味料;麵;沙茶;湯品"
"2928","[雙響泡]府城擔仔湯麵","Root;食材;全穀雜糧類;其它類;複合食品;麵;湯品"
"2929","[雙響泡]鹽味豚骨湯麵","Root;食材;全穀雜糧類;其它類;肉類;複合食品;調味料;豬;麵;湯品;鹽"
"2930","[馥可 Fooko]椰子蘇打","Root;食材;其它類;椰子;飲品類;汽水"
"2931","[鵝油媽媽]老薑麻油拌冬粉-純素","Root;食材;全穀雜糧類;油類;蔬菜類;薑;麵;麻油"
"2932","[鵝油媽媽]金蔥鵝油拌冬粉-原味","Root;食材;全穀雜糧類;油類;蔬菜類;蔥;麵"
"2933","[羅東鎮農會]羅董有機青仁黑豆奶","Root;食材;豆類;豆漿豆奶"
"2934","[羅東鎮農會]羅董有機黑糖黑木耳露","Root;食材;其它類;蔬菜類;菌菇;點心甜品類;木耳;黑糖"
"2935","[羅東鎮農會]羅董有機銀耳露","Root;食材;蔬菜類;菌菇;木耳"
"2936","[羅東鎮農會]羅董有機糙米奶","Root;食材;全穀雜糧類;米飯類;糙米玄米"
"2937","[羅東鎮農會]羅董宜蘭有機豆漿","Root;食材;豆類;豆漿豆奶"
"2938","[藤澤]杏仁小魚乾","Root;食材;堅果種子類;海鮮類;杏仁;魚類"
"2939","[關公]麻辣花生","Root;食材;其它類;堅果種子類;花生;調味料;麻辣"
"2940","[鬍鬚張]鬍鬚張香滷豬腳禮盒","Root;食材;肉類;豬"
"2941","[鬍鬚張]鬍鬚張珠貝櫻花蝦油飯禮盒","Root;食材;全穀雜糧類;海鮮類;甲殼類;米飯類;貝類;蝦"
"2942","[鬍鬚張]鬍鬚張鮮鮮蒜腸禮盒","Root;食材;肉類;蔬菜類;加工肉品;蒜"
"2943","[麒麟]KIRIN午後紅茶/無糖紅茶","Root;食材;其它類;飲品類;茶類;紅茶"
"2944","[麗紳和春堂]花旗蔘銀耳露禮盒","Root;食材;蔬菜類;菌菇;木耳"
"2945","[寶冠]海螺","Root;食材;海鮮類;貝類"
"2946","[蘋果西打]蘋果西打","Root;食材;其它類;飲品類;汽水"
"2947","[馨苑]蓮子燉雞湯","Root;食材;其它類;堅果種子類;肉類;複合食品;雞;湯品"
"2948","[麵大師]重焙麻醬乾麵","Root;食材;全穀雜糧類;堅果種子類;芝麻;麵"
"2949","[麵大師]家常牛肉味麵","Root;食材;全穀雜糧類;肉類;牛;麵"
"2950","[麵大師]蔥油雞汁風味乾麵","Root;食材;全穀雜糧類;油類;肉類;蔬菜類;蔥;雞;麵"
"2951","[麵大師]醬香小醋乾麵","Root;食材;全穀雜糧類;其它類;調味料;麵;醋"
"2952","[麵屋丼勝]預購麵屋丼勝-博多豚骨拉麵","Root;食材;全穀雜糧類;麵"
"2953","[譽方媽媽]海鮮鍋燒意麵","Root;食材;全穀雜糧類;海鮮類;麵"
"2954","[譽方媽媽]雞絲麵-香菇風味","Root;食材;全穀雜糧類;蔬菜類;菌菇;麵"
"2955","[譽方媽媽]雞絲麵-海鮮風味","Root;食材;全穀雜糧類;海鮮類;麵"
"2956","[譽方媽媽]關廟刀削麵","Root;食材;全穀雜糧類;麵"
"2957","[譽方媽媽]關廟拉麵","Root;食材;全穀雜糧類;麵"
"2958","[譽方媽媽]關廟細麵","Root;食材;全穀雜糧類;麵"
"2959","[譽方媽媽]關廟意麵","Root;食材;全穀雜糧類;麵"
"2960","[譽方媽媽]關廟麵","Root;食材;全穀雜糧類;麵"
"2961","[魔芋爽]香辣素毛肚","Root;食材;肉類;蔬菜類;內臟及血製品;辣椒"
"2962","[魔芋爽]麻辣素毛肚","Root;食材;其它類;肉類;內臟及血製品;調味料;麻辣"
"2963","[魔芋爽]酸辣泡椒素毛肚","Root;食材;肉類;蔬菜類;內臟及血製品;辣椒"
"2964","[戀]奶精球","Root;食材;油類"
"2965","[蘿曼利]有機冷壓特級有機純橄欖油","Root;食材;油類;橄欖油"
"2966","[囍瑞]100%西班牙冷壓特級初榨橄欖油","Root;食材;油類;橄欖油"
"2967","[囍瑞]100%西班牙純橄欖油","Root;食材;油類;橄欖油"
"2968","[囍瑞]100%特級純葡萄籽油","Root;食材;水果類;油類;葡萄"
"2969","[囍瑞]100%純天然石榴果汁","Root;食材;其它類;水果類;其他水果;飲品類;蔬果汁"
"2970","[囍瑞]100%純天然芒果綜合原汁","Root;食材;其它類;水果類;芒果;飲品類;蔬果汁"
"2971","[囍瑞]100%純天然柳橙汁","Root;食材;其它類;水果類;柑橘;飲品類;柳橙;蔬果汁"
"2972","[囍瑞]100%純天然紅葡萄原汁","Root;食材;其它類;水果類;葡萄;飲品類;蔬果汁"
"2973","[囍瑞]100%純天然蔓越莓綜合原汁","Root;食材;其它類;水果類;莓果;飲品類;蔬果汁"
"2974","[囍瑞]100%純天然藍莓綜合果汁","Root;食材;其它類;水果類;莓果;飲品類;蔬果汁;藍莓"
"2975","[囍瑞]100%純天然覆盆莓綜合汁","Root;食材;其它類;水果類;莓果;飲品類;蔬果汁"
"2976","[囍瑞]100%純天然蘋果汁","Root;食材;其它類;水果類;蘋果;飲品類;蔬果汁"
"2977","[囍瑞]100%純玄米油","Root;食材;全穀雜糧類;油類;米飯類;糙米玄米"
"2978","[囍瑞]BIOES 100%純天然蘋果汁","Root;食材;其它類;水果類;蘋果;飲品類;蔬果汁"
"2979","[囍瑞]BIOES 純天然純葡萄果汁","Root;食材;其它類;水果類;葡萄;飲品類;蔬果汁"
"2980","[囍瑞]BIOES純蔓越莓綜合果汁","Root;食材;其它類;水果類;莓果;飲品類;蔬果汁"
"2981","[囍瑞]有機玉米粒","Root;食材;全穀雜糧類;玉米"
"2982","[囍瑞]特級葡萄籽油禮盒","Root;食材;水果類;油類;葡萄"
"2983","[鷹馬牌]手工鍋燒意麵-海鮮風味","Root;食材;全穀雜糧類;海鮮類;麵"
"2984","[鷹馬牌]手工鍋燒雞絲麵-肉燥風味","Root;食材;全穀雜糧類;肉類;豬;麵"
"2985","[鷹馬牌]手工鍋燒雞絲麵-香菇風味","Root;食材;全穀雜糧類;蔬菜類;菌菇;麵"
"2986","[鷹馬牌]手工鍋燒雞絲麵-海鮮風味","Root;食材;全穀雜糧類;海鮮類;麵"
"2987","[鷹馬牌]手工鍋燒雞絲麵-當歸風味","Root;食材;全穀雜糧類;其它類;中藥材;麵"
"2988","[鷹馬牌]地瓜麵線","Root;食材;全穀雜糧類;地瓜;麵"
"2989","[鷹馬牌]松花拉麵","Root;食材;全穀雜糧類;麵"
"2990","[鷹馬牌]松花板條","Root;食材;全穀雜糧類;米飯類"
"2991","[鷹馬牌]松花陽春麵","Root;食材;全穀雜糧類;麵"
"2992","[灣沏辣]醋香蒜辣脆貢菜","Root;食材;其它類;蔬菜類;根莖類蔬菜;蒜;調味料;辣椒;醋"
"2993","[讚岐]絹光素麵","Root;食材;全穀雜糧類;麵"
"2994","[鱻屋]芝麻魚捲","Root;食材;堅果種子類;海鮮類;芝麻;魚類"
"2995","[鱻屋]紅燒魚排","Root;食材;海鮮類;魚類"
"2996","[鱻屋]蜜汁沙茶","Root;食材;其它類;調味料;點心甜品類;沙茶;蜂蜜"
"2997","21 Plus義式烤雞堅果沙拉","Root;食材;其它類;堅果種子類;肉類;沙拉;雞"
"2998","21Plus主廚烤雞時蔬餐","Root;食材;肉類;蔬菜類;雞"
"2999","21Plus玉米雞肉熟水餃","Root;食材;全穀雜糧類;肉類;玉米;雞;餃子"
"3000","21Plus炙烤香草雞胸條","Root;食材;其它類;肉類;調味料;雞;香草"
"3001","21Plus剝皮辣椒雞胸肉","Root;食材;肉類;蔬菜類;辣椒;雞"
"3002","21Plus秘製炭火雞肉串","Root;食材;肉類;雞"
"3003","21Plus綜合鹽水雞","Root;食材;其它類;肉類;調味料;雞;鹽"
"3004","21Plus蒜香鹽酥雞","Root;食材;其它類;肉類;蔬菜類;蒜;調味料;雞;鹽"
"3005","21xBEING Fit桃木燻雞胸","Root;食材;肉類;雞"
"3006","31BR 白桃鮮奶酪口味冰淇淋","Root;食材;乳品類;其它類;水果類;其它乳製品;水蜜桃;點心甜品類;冰品;冰淇淋"
"3007","31BR 棉花糖口味冰淇淋","Root;食材;其它類;點心甜品類;冰品;冰淇淋"
"3008","31BR 跳跳糖口味冰淇淋","Root;食材;其它類;點心甜品類;冰品;冰淇淋"
"3009","31BR 薄荷巧克力口味冰淇淋","Root;食材;其它類;堅果種子類;可可;點心甜品類;冰品;冰淇淋"
"3010","77乳加霜淇淋","Root;食材;其它類;點心甜品類;冰品;霜淇淋"
"3011","913 茶王蜂蜜風味布朗尼雪糕","Root;食材;其它類;飲品類;點心甜品類;冰品;茶類;蛋糕;蜂蜜;冰棒雪糕"
"3012","Binggrae香蕉牛奶霜淇淋","Root;食材;乳品類;其它類;水果類;牛奶;香蕉;點心甜品類;冰品;霜淇淋"
"3013","C&C荔枝果茶氣泡飲","Root;食材;其它類;水果類;荔枝;飲品類;汽水"
"3014","Carebears跳跳棉花糖","Root;食材;其它類;點心甜品類"
"3015","Cheers 水蜜桃氣泡水","Root;食材;其它類;水果類;水蜜桃;飲品類;汽水"
"3016","Cheers 蜂蜜檸檬氣泡水","Root;食材;其它類;水果類;柑橘;飲品類;點心甜品類;檸檬;汽水;蜂蜜"
"3017","Cheers草莓氣泡水","Root;食材;其它類;水果類;莓果;飲品類;汽水;草莓"
"3018","Chill嗨酷繽沙 (葡萄柚風味)","Root;食材;其它類;水果類;柑橘;點心甜品類;冰品;柚子;冰沙"
"3019","CHITATO 洋芋片- 炒麵口味","Root;食材;全穀雜糧類;其它類;馬鈴薯;麵;點心甜品類;零食餅乾"
"3020","CHITATO 洋芋片- 蒜香雞肉","Root;食材;全穀雜糧類;其它類;肉類;蔬菜類;蒜;雞;馬鈴薯;點心甜品類;零食餅乾"
"3021","CHOYA梅子酷繽沙(白桃)","Root;食材;其它類;水果類;梅子;水蜜桃;點心甜品類;冰品;冰沙"
"3022","CITY水果冰沙-多肉葡萄","Root;食材;其它類;水果類;葡萄;點心甜品類;冰品;冰沙"
"3023","CITY蜜桃果粒冰茶","Root;食材;其它類;水果類;水蜜桃;飲品類;茶類"
"3024","Cona's草莓白巧可可","Root;食材;堅果種子類;水果類;可可;莓果;草莓"
"3025","cota 檸檬片雪酪","Root;食材;其它類;水果類;柑橘;點心甜品類;冰品;檸檬;冰棒雪糕"
"3026","CP-香Q白米飯","Root;食材;全穀雜糧類;米飯類"
"3027","Dr.meat南洋風味雞肉熱狗","Root;食材;肉類;加工肉品;雞"
"3028","FMC 天然水","Root;食材;其它類;飲品類;飲用水"
"3029","FMC 台灣藍鵲茶","Root;食材;其它類;飲品類;茶類"
"3030","FMC 竹炭天然鹼性水","Root;食材;其它類;飲品類;飲用水"
"3031","FMC 西芹綜合蔬果汁","Root;食材;其它類;飲品類;蔬果汁"
"3032","FMC 芒果綜合冰茶","Root;食材;其它類;水果類;芒果;飲品類;茶類"
"3033","FMC 玫瑰銀耳露","Root;食材;蔬菜類;菌菇;木耳"
"3034","FMC 南非國寶茶","Root;食材;其它類;飲品類;茶類"
"3035","FMC 紅柚翡翠茶","Root;食材;其它類;水果類;柑橘;飲品類;柚子;茶類"
"3036","FMC 紅茶牛乳","Root;食材;乳品類;其它類;牛奶;飲品類;茶類;紅茶"
"3037","FMC 桂花蜂蜜水","Root;食材;其它類;飲品類;點心甜品類;蜂蜜"
"3038","FMC 桑椹石榴果茶","Root;食材;其它類;水果類;其他水果;飲品類;茶類"
"3039","FMC 海鹽楊桃飲","Root;食材;其它類;水果類;其他水果;調味料;飲品類;鹽"
"3040","FMC 梔香烏龍茶","Root;食材;其它類;飲品類;茶類;烏龍青茶"
"3041","FMC 雀語金萱茶","Root;食材;其它類;飲品類;茶類"
"3042","FMC 紫蘇芒果吧啵調酒","Root;食材;其它類;水果類;蔬菜類;芒果;飲品類;酒"
"3043","FMC 菊花柚香果茶","Root;食材;其它類;水果類;柑橘;飲品類;柚子;茶類"
"3044","FMC 黃金醇麥奶茶","Root;食材;全穀雜糧類;其它類;飲品類;麥;茶類;奶茶"
"3045","FMC 黃金蕎麥茶","Root;食材;全穀雜糧類;其它類;飲品類;麥;茶類"
"3046","FMC 葡萄沁蜜紅茶","Root;食材;其它類;水果類;葡萄;飲品類;茶類;紅茶"
"3047","FMC 葡萄柚綠茶","Root;食材;其它類;水果類;柑橘;飲品類;柚子;茶類;綠茶抹茶"
"3048","FMC 翡翠檸檬茶","Root;食材;其它類;水果類;柑橘;飲品類;檸檬;茶類"
"3049","FMC 蜜香紅烏龍茶","Root;食材;其它類;飲品類;茶類;烏龍青茶"
"3050","FMC 樂多綠茶","Root;食材;乳品類;其它類;牛奶;飲品類;發酵乳;茶類;綠茶抹茶"
"3051","FMC 濃醇馥列白","Root;食材;其它類;飲品類;咖啡"
"3052","FMC 薰衣草蜂蜜水","Root;食材;其它類;飲品類;點心甜品類;蜂蜜"
"3053","FMC 贅澤黑可可","Root;食材;堅果種子類;可可"
"3054","FMC白拿鐵","Root;食材;其它類;飲品類;咖啡;拿鐵"
"3055","FMC哈密瓜雪酪冰棒","Root;食材;其它類;水果類;其他水果;點心甜品類;冰品;冰棒雪糕"
"3056","FMC草莓甘露","Root;食材;水果類;莓果;草莓"
"3057","FMC楊枝甘露","Root;食材;其它類;點心甜品類"
"3058","FMC蜂蜜柚子雪酪冰棒","Root;食材;其它類;水果類;柑橘;點心甜品類;冰品;柚子;蜂蜜;冰棒雪糕"
"3059","FMC蜂蜜黑木耳露","Root;食材;其它類;蔬菜類;菌菇;點心甜品類;木耳;蜂蜜"
"3060","FMC蜜桃雪酪冰棒","Root;食材;其它類;水果類;水蜜桃;點心甜品類;冰品;冰棒雪糕"
"3061","FMC鮮榨西瓜汁","Root;食材;其它類;水果類;其他水果;飲品類;蔬果汁"
"3062","GODIVA醇濃熱巧克力","Root;食材;堅果種子類;可可"
"3063","HERSHEY’S巧克冰沙","Root;食材;其它類;堅果種子類;可可;點心甜品類;冰品;冰沙"
"3064","HERSHEY’S好時經典可可","Root;食材;堅果種子類;可可"
"3065","Homeal x 日式牛丼","Root;食材;全穀雜糧類;肉類;牛;米飯類"
"3066","Homeal x 石二鍋 辛香辣姐鍋","Root;食材;其它類;蔬菜類;複合食品;辣椒;火鍋"
"3067","Homeal x 石二鍋 爆香石頭鍋","Root;食材;其它類;複合食品;火鍋"
"3068","Homeal x 壹番屋 奶油咖哩雞肉飯","Root;食材;全穀雜糧類;其它類;肉類;奶油;米飯類;調味料;雞;咖哩"
"3069","Homeal x 富錦樹-剝皮辣蝦滑蛋","Root;食材;海鮮類;蔬菜類;蛋類;甲殼類;辣椒;蝦"
"3070","Homeal x 富錦樹-蟹黃風味獅子頭","Root;食材;海鮮類;肉類;加工肉品;甲殼類;蟹"
"3071","Homeal x 貳樓蒜辣海鮮義大利麵","Root;食材;全穀雜糧類;海鮮類;蔬菜類;蒜;辣椒;麵;義大利麵"
"3072","Homeal x富錦樹蟹肉風味麻婆豆腐","Root;食材;海鮮類;豆類;甲殼類;豆腐;蟹"
"3073","Homeal x貳樓烤雞佐青醬義大利麵","Root;食材;全穀雜糧類;肉類;雞;麵;義大利麵"
"3074","Homeal x貳樓雙起司肉醬義大利麵","Root;食材;乳品類;全穀雜糧類;肉類;加工肉品;起司;麵;義大利麵"
"3075","Homeal x鄧師傅-客家小炒","Root;食材;其它類"
"3076","Homeal x鄧師傅-塔香風味炒花蛤","Root;食材;海鮮類;蔬菜類;葉菜類蔬菜;貝類"
"3077","Homeal x鄧師傅-鳳梨糖醋肉","Root;食材;其它類;水果類;肉類;調味料;鳳梨;醋"
"3078","Homeal 重量級日式牛丼","Root;食材;全穀雜糧類;肉類;牛;米飯類"
"3079","Homeal 泰式綠咖哩雞肉飯","Root;食材;全穀雜糧類;其它類;肉類;米飯類;調味料;雞;咖哩"
"3080","Homeal牛肉歐姆蛋咖哩飯","Root;食材;全穀雜糧類;其它類;肉類;蛋類;牛;米飯類;調味料;咖哩"
"3081","ICC可可風味脆餅冰淇淋","Root;食材;其它類;堅果種子類;可可;點心甜品類;冰品;零食餅乾;冰淇淋"
"3082","ICC香草脆餅冰淇淋","Root;食材;其它類;調味料;點心甜品類;冰品;零食餅乾;香草;冰淇淋"
"3083","ICC開心果脆餅冰淇淋","Root;食材;其它類;堅果種子類;點心甜品類;冰品;零食餅乾;冰淇淋"
"3084","ICEBREAK草莓口味薄荷錠","Root;食材;其它類;水果類;莓果;點心甜品類;草莓"
"3085","ICEBREAK酸味水果薄荷錠","Root;食材;其它類;水果類;點心甜品類"
"3086","if椰子水","Root;食材;其它類;椰子;飲品類;蔬果汁"
"3087","JUONO草莓優格","Root;食材;乳品類;水果類;牛奶;莓果;發酵乳;草莓;優酪優格"
"3088","KitKat巧克力酷繽沙","Root;食材;其它類;堅果種子類;可可;點心甜品類;冰品;冰沙"
"3089","KitKat薄荷巧克力酷繽沙","Root;食材;其它類;堅果種子類;可可;點心甜品類;冰品;冰沙"
"3090","KitKat爆米花酥脆威化","Root;食材;全穀雜糧類;其它類;玉米;點心甜品類"
"3091","KTV美式雞柳條","Root;食材;肉類;雞"
"3092","LADEARS 開心果可麗露","Root;食材;其它類;堅果種子類;點心甜品類"
"3093","LADEARS北海道生乳捲","Root;食材;乳品類;其它類;其它乳製品;點心甜品類"
"3094","LADEARS巧克力生乳捲","Root;食材;乳品類;其它類;堅果種子類;其它乳製品;可可;點心甜品類"
"3095","LADEARS芋泥生乳捲","Root;食材;乳品類;全穀雜糧類;其它類;其它乳製品;芋頭;點心甜品類"
"3096","LADEARS原味法式千層","Root;食材;其它類;點心甜品類"
"3097","LADEARS草莓法式千層蛋糕","Root;食材;其它類;水果類;莓果;點心甜品類;草莓;蛋糕"
"3098","LADEARS提拉米蘇蛋糕杯","Root;食材;其它類;點心甜品類;蛋糕"
"3099","LADEARS焦糖德式布丁","Root;食材;其它類;點心甜品類;凍類甜品;布丁"
"3100","Lavelee 水蜜桃口味冰棒","Root;食材;其它類;水果類;水蜜桃;點心甜品類;冰品;冰棒雪糕"
"3101","Lavelee 玉蜀黍牛奶冰棒","Root;食材;乳品類;全穀雜糧類;其它類;牛奶;玉米;點心甜品類;冰品;冰棒雪糕"
"3102","Look四種草莓風味可可","Root;食材;堅果種子類;水果類;可可;莓果;草莓"
"3103","M&M'S巧克力酷繽沙","Root;食材;其它類;堅果種子類;可可;點心甜品類;冰品;冰沙"
"3104","Marinfood煙燻乾酪","Root;食材;乳品類;起司"
"3105","Milka草莓夾心牛奶巧克力","Root;食材;乳品類;堅果種子類;水果類;可可;牛奶;莓果;草莓"
"3106","MONBANA巧克力霜淇淋","Root;食材;其它類;堅果種子類;可可;點心甜品類;冰品;霜淇淋"
"3107","Mr.WISH 光果茶","Root;食材;其它類;水果類;飲品類;茶類"
"3108","OH~嚕嚕串糰子(米血糕風味)","Root;食材;全穀雜糧類;肉類;內臟及血製品;米飯類"
"3109","OiOcha 香橙風味焙茶","Root;食材;其它類;水果類;柑橘;飲品類;柳橙;茶類"
"3110","OK choice日式咖哩牛腩","Root;食材;其它類;肉類;牛;調味料;咖哩"
"3111","OK choice東坡肉","Root;食材;肉類;豬"
"3112","OK choice宮保雞丁","Root;食材;肉類;雞"
"3113","OK choice筍香燜肉","Root;食材;肉類;蔬菜類;筍子"
"3114","OK choice黑胡椒牛腩","Root;食材;其它類;肉類;牛;調味料;胡椒"
"3115","OMAR威士忌巧克力塔","Root;食材;其它類;堅果種子類;可可;飲品類;點心甜品類;酒"
"3116","OPEN!蜂蜜檸檬吸凍飲PP220","Root;食材;其它類;水果類;柑橘;飲品類;點心甜品類;凍類甜品;檸檬;蜂蜜"
"3117","OPEN!雙葡萄吸凍飲PP220","Root;食材;其它類;水果類;葡萄;飲品類;點心甜品類;凍類甜品"
"3118","OPEN!蘋果吸凍飲PP220","Root;食材;其它類;水果類;蘋果;飲品類;點心甜品類;凍類甜品"
"3119","OPEN將-芭樂切片","Root;食材;水果類;芭樂"
"3120","OPEN將-富士蘋果袋","Root;食材;水果類;蘋果"
"3121","PABLO 草莓乳酸飲","Root;食材;其它類;水果類;莓果;飲品類;草莓"
"3122","PABLO 蘋果草莓紅茶","Root;食材;其它類;水果類;莓果;蘋果;飲品類;茶類;草莓;紅茶"
"3123","PABLO蜜桃酷奶昔","Root;食材;乳品類;水果類;其它乳製品;水蜜桃"
"3124","Pinky野莓派對薄荷錠","Root;食材;其它類;水果類;莓果;點心甜品類"
"3125","PLUS起司雞球","Root;食材;乳品類;肉類;起司;雞"
"3126","Plus經典主廚醉雞腿","Root;食材;肉類;雞"
"3127","Pororo 綜合水果造型軟糖","Root;食材;其它類;水果類;點心甜品類"
"3128","QQ卡士達半月燒","Root;食材;乳品類;其它類;其它乳製品;點心甜品類"
"3129","QQ麻糬泡芙","Root;食材;其它類;點心甜品類;泡芙"
"3130","QQ麻糬蛋糕捲","Root;食材;其它類;點心甜品類;蛋糕"
"3131","Q肉丁德國香腸(香蒜口味)","Root;食材;肉類;蔬菜類;加工肉品;蒜"
"3132","Q肉丁德國香腸(原味)","Root;食材;肉類;加工肉品"
"3133","Relax 茉莉花茶","Root;食材;其它類;飲品類;茶類"
"3134","SAKImoto 起司布丁雪糕","Root;食材;乳品類;其它類;起司;點心甜品類;冰品;凍類甜品;冰棒雪糕;布丁"
"3135","Samlip 蛋糕冰淇淋牛奶風味","Root;食材;乳品類;其它類;牛奶;點心甜品類;冰品;蛋糕;冰淇淋"
"3136","SAYCHEESE培根筆管麵","Root;食材;全穀雜糧類;肉類;加工肉品;麵;培根"
"3137","Seasons法式香草烤雞翅","Root;食材;其它類;肉類;調味料;雞;香草"
"3138","Semeur聖娜芋白映月","Root;食材;全穀雜糧類;芋頭"
"3139","Semeur聖娜草莓雙起司蛋糕","Root;食材;乳品類;其它類;水果類;莓果;起司;點心甜品類;草莓;蛋糕"
"3140","Semeur聖娜提拉米蘇","Root;食材;其它類;點心甜品類"
"3141","Semeur聖娜黑森林","Root;食材;其它類;點心甜品類"
"3142","SEOJU 冰心芒果煉乳雪糕","Root;食材;乳品類;其它類;水果類;其它乳製品;芒果;點心甜品類;冰品;冰棒雪糕"
"3143","SNOOPY 牛肉口味杯麵","Root;食材;全穀雜糧類;肉類;牛;麵"
"3144","SNOOPY 泡菜口味杯麵","Root;食材;全穀雜糧類;蔬菜類;葉菜類蔬菜;麵;泡菜"
"3145","SNOOPY 紅豆夾心牛奶雪糕","Root;食材;乳品類;全穀雜糧類;其它類;牛奶;紅豆綠豆;點心甜品類;冰品;冰棒雪糕"
"3146","SOMA 經典茶歐蕾","Root;食材;乳品類;其它類;牛奶;飲品類;茶類"
"3147","Tank Boy 奇異果風味冰棒","Root;食材;其它類;水果類;其他水果;點心甜品類;冰品;冰棒雪糕"
"3148","Tank Boy 蘋果風味冰棒","Root;食材;其它類;水果類;蘋果;點心甜品類;冰品;冰棒雪糕"
"3149","TOMMI青花椒雞腿排米漢堡","Root;食材;全穀雜糧類;肉類;蔬菜類;米飯類;辣椒;雞"
"3150","TOPPO 香草草莓口味夾心餅乾","Root;食材;其它類;水果類;莓果;調味料;點心甜品類;草莓;零食餅乾;香草"
"3151","TWIZEL覆盆子螺旋造型軟糖","Root;食材;其它類;水果類;其他水果;點心甜品類"
"3152","TWIZ螺旋造型軟糖可樂口味","Root;食材;其它類;飲品類;點心甜品類;汽水"
"3153","Will 低脂發酵乳飲料","Root;食材;乳品類;其它類;牛奶;飲品類;發酵乳"
"3154","Will 原味發酵乳飲料","Root;食材;乳品類;其它類;牛奶;飲品類;發酵乳"
"3155","Will草莓發酵乳飲料","Root;食材;乳品類;其它類;水果類;牛奶;莓果;飲品類;發酵乳;草莓"
"3156","Yogo 乳酸風味冰棒","Root;食材;其它類;點心甜品類;冰品;冰棒雪糕"
"3157","ㄉㄨㄞㄉㄨㄞ布丁蜂蜜蛋糕","Root;食材;其它類;點心甜品類;凍類甜品;蛋糕;蜂蜜;布丁"
"3158","一口鮮肉餡餅","Root;食材;全穀雜糧類;肉類;麵餅"
"3159","一日野菜-活力彩蔬","Root;食材;蔬菜類"
"3160","一日野菜-海藻沙拉","Root;食材;其它類;蔬菜類;沙拉"
"3161","一本有機百香芒果康普茶","Root;食材;其它類;水果類;百香果;芒果;飲品類;茶類"
"3162","一本有機完熟蘋果康普茶","Root;食材;其它類;水果類;蘋果;飲品類;茶類"
"3163","一甲子梅干焢肉刈包","Root;食材;全穀雜糧類;肉類;蔬菜類;包子饅頭;葉菜類蔬菜;豬"
"3164","一鍋燒-滑蛋嫩雞親子丼","Root;食材;全穀雜糧類;肉類;蛋類;米飯類;雞"
"3165","一顆檸檬青茶","Root;食材;其它類;水果類;柑橘;飲品類;檸檬;茶類;烏龍青茶"
"3166","一顆檸檬紅茶","Root;食材;其它類;水果類;柑橘;飲品類;檸檬;茶類;紅茶"
"3167","七里香-玫瑰鹽溏心蛋","Root;食材;其它類;蛋類;調味料;鹽"
"3168","七里香-茶葉溏心蛋","Root;食材;其它類;蛋類;飲品類;茶類"
"3169","七里香-舒食雞胸肉-泰式檸檬","Root;食材;水果類;肉類;柑橘;雞;檸檬"
"3170","七里香-舒食雞胸肉-普羅旺斯","Root;食材;肉類;雞"
"3171","七里香-黃金煎餃","Root;食材;全穀雜糧類;餃子"
"3172","七里香-韓式泡菜","Root;食材;蔬菜類;葉菜類蔬菜;泡菜"
"3173","七顆愛的巧克力捲","Root;食材;其它類;堅果種子類;可可;點心甜品類"
"3174","人蔘雞湯","Root;食材;其它類;肉類;中藥材;複合食品;雞;湯品"
"3175","八棟圓仔湯 花生薏仁湯","Root;食材;全穀雜糧類;其它類;堅果種子類;花生;複合食品;湯品"
"3176","十三香風味炸雞","Root;食材;肉類;雞"
"3177","十三香烤雞翅","Root;食材;肉類;雞"
"3178","十三香爆漿椒香貢丸","Root;食材;肉類;蔬菜類;加工肉品;辣椒"
"3179","十月甜超濃可可波士頓派","Root;食材;其它類;堅果種子類;可可;點心甜品類"
"3180","十利抹茶芝芝茶凍雪糕","Root;食材;其它類;堅果種子類;芝麻;飲品類;點心甜品類;冰品;凍類甜品;茶類;冰棒雪糕;綠茶抹茶"
"3181","十利海鹽蜂蜜抹茶雪糕","Root;食材;其它類;調味料;飲品類;點心甜品類;冰品;茶類;蜂蜜;鹽;冰棒雪糕;綠茶抹茶"
"3182","卜蜂黑胡椒沙拉雞胸","Root;食材;其它類;肉類;沙拉;調味料;雞;胡椒"
"3183","卜蜂義式輕食沙拉雞胸","Root;食材;其它類;肉類;沙拉;雞"
"3184","卜蜂蒸蛋湯","Root;食材;其它類;蛋類;複合食品;湯品"
"3185","三矢究極綜合果汁蘇打","Root;食材;其它類;飲品類;汽水;蔬果汁"
"3186","三明治造型魚板","Root;食材;全穀雜糧類;海鮮類;魚類;麵包;三明治"
"3187","三杯辣海瓜子飯糰","Root;食材;全穀雜糧類;海鮮類;蔬菜類;米飯類;貝類;辣椒;飯糰"
"3188","三起司熱狗","Root;食材;乳品類;肉類;加工肉品;起司"
"3189","三起司燻腸完熟番茄義大利麵","Root;食材;乳品類;全穀雜糧類;水果類;肉類;加工肉品;番茄;起司;麵;義大利麵"
"3190","三福濃厚鮮乳布丁","Root;食材;乳品類;其它類;牛奶;點心甜品類;凍類甜品;布丁"
"3191","三福鮮奶烤布丁","Root;食材;乳品類;其它類;牛奶;點心甜品類;凍類甜品;布丁"
"3192","三麗鷗造型可可棒","Root;食材;堅果種子類;可可"
"3193","上口美食干貝參燉烏雞","Root;食材;海鮮類;肉類;貝類;雞;干貝"
"3194","上口美食筒仔米糕","Root;食材;全穀雜糧類;米飯類"
"3195","上口美食極緻干貝海鮮羹","Root;食材;其它類;海鮮類;複合食品;貝類;干貝;羹"
"3196","上好佳米果分享包- 椰子口味","Root;食材;其它類;椰子;點心甜品類;零食餅乾"
"3197","上海火腿蜜汁金華火腿","Root;食材;其它類;肉類;加工肉品;點心甜品類;火腿;蜂蜜"
"3198","上海風味生煎包","Root;食材;全穀雜糧類;包子饅頭"
"3199","上海鄉村東坡肉","Root;食材;肉類;豬"
"3200","千味海鮮台式封雞","Root;食材;海鮮類;肉類;雞"
"3201","千味海鮮蒜苗白鯧炊粉","Root;食材;全穀雜糧類;海鮮類;蔬菜類;蒜;魚類;麵"
"3202","大口法式蕈菇起司雞排飯糰","Root;食材;乳品類;全穀雜糧類;肉類;蔬菜類;米飯類;菌菇;起司;雞;飯糰"
"3203","大口花椒香麻雞飯糰","Root;食材;全穀雜糧類;肉類;蔬菜類;米飯類;辣椒;雞;飯糰"
"3204","大口花雕雞飯糰","Root;食材;全穀雜糧類;其它類;肉類;米飯類;雞;飲品類;酒;飯糰"
"3205","大口金黃薯牛堡飯糰","Root;食材;全穀雜糧類;肉類;地瓜;牛;米飯類;飯糰"
"3206","大口宮保雞丁飯糰","Root;食材;全穀雜糧類;肉類;米飯類;雞;飯糰"
"3207","大口義式香草烤雞飯糰","Root;食材;全穀雜糧類;其它類;肉類;米飯類;調味料;雞;飯糰;香草"
"3208","大口蒜味香腸燒肉雙拼飯糰","Root;食材;全穀雜糧類;肉類;蔬菜類;加工肉品;米飯類;蒜;飯糰"
"3209","大口歐風漢堡排佐焙煎咖哩飯糰","Root;食材;全穀雜糧類;其它類;肉類;加工肉品;米飯類;調味料;咖哩;飯糰"
"3210","大份量麻醬涼麵(升級版)","Root;食材;全穀雜糧類;堅果種子類;芝麻;麵"
"3211","大成椒鹽炸雞柳","Root;食材;其它類;肉類;調味料;雞;胡椒;鹽"
"3212","大亨堡麵包","Root;食材;全穀雜糧類;麵包;堡"
"3213","大納言紅豆鬆餅","Root;食材;全穀雜糧類;紅豆綠豆"
"3214","大飯糰春川風味辣炒雞","Root;食材;全穀雜糧類;肉類;蔬菜類;米飯類;辣椒;雞;飯糰"
"3215","大飯糰鮪魚昆布","Root;食材;全穀雜糧類;海鮮類;蔬菜類;米飯類;魚類;飯糰;鮪魚"
"3216","大溪地檸檬冰磚精品美式","Root;食材;其它類;水果類;柑橘;飲品類;咖啡;檸檬;黑咖啡"
"3217","大溪老街現做手工拿破崙派","Root;食材;其它類;點心甜品類"
"3218","大溪豆干-沙茶","Root;食材;其它類;豆類;調味料;豆干;沙茶"
"3219","大腸肉羹麵線","Root;食材;全穀雜糧類;其它類;肉類;內臟及血製品;複合食品;麵;羹"
"3220","子龍點鴨鴨肉酸菜魚","Root;食材;海鮮類;肉類;蔬菜類;葉菜類蔬菜;魚類;鴨"
"3221","小小樹食繽紛時蔬青醬筆管麵","Root;食材;全穀雜糧類;蔬菜類;麵"
"3222","小麥胚芽土司","Root;食材;全穀雜糧類;麥;麵包;吐司"
"3223","小腸豬血湯","Root;食材;其它類;肉類;內臟及血製品;複合食品;豬;湯品"
"3224","小滷青蔬","Root;食材;蔬菜類"
"3225","小滿漢佛跳牆","Root;食材;其它類"
"3226","小龍蝦沙拉三明治","Root;食材;全穀雜糧類;其它類;海鮮類;沙拉;甲殼類;麵包;三明治;蝦"
"3227","山內雞肉甘蔗燻雞","Root;食材;水果類;肉類;其他水果;雞"
"3228","山內雞肉油雞腿排","Root;食材;肉類;雞"
"3229","山內雞肉雞汁香筍","Root;食材;肉類;蔬菜類;筍子;雞"
"3230","山內雞肉雞油蔥拌飯","Root;食材;全穀雜糧類;油類;肉類;蔬菜類;米飯類;蔥;雞"
"3231","山丘藍 台灣藍莓PLUS+霜淇淋","Root;食材;其它類;水果類;莓果;點心甜品類;冰品;藍莓;霜淇淋"
"3232","山丘藍 台灣藍莓霜淇淋","Root;食材;其它類;水果類;莓果;點心甜品類;冰品;藍莓;霜淇淋"
"3233","山羊城紅燒羊肋團聚組","Root;食材;肉類;羊"
"3234","山形西洋梨霜淇淋","Root;食材;其它類;水果類;其他水果;點心甜品類;冰品;霜淇淋"
"3235","山嵐紫蘇金萱","Root;食材;其它類;蔬菜類;飲品類;茶類"
"3236","川味紅油辣子麵風點心麵","Root;食材;其它類;蔬菜類;辣椒;點心甜品類;零食餅乾"
"3237","川味麻婆燒豆腐燴飯","Root;食材;全穀雜糧類;豆類;米飯類;豆腐;燴飯"
"3238","川味椒麻煎餃","Root;食材;全穀雜糧類;蔬菜類;辣椒;餃子"
"3239","不可思議冠軍美式","Root;食材;其它類;飲品類;咖啡;黑咖啡"
"3240","不可思議冠軍拿鐵","Root;食材;其它類;飲品類;咖啡;拿鐵"
"3241","不可思議茶拿鐵","Root;食材;其它類;飲品類;咖啡;拿鐵"
"3242","不含貘芝麻牛奶","Root;食材;乳品類;堅果種子類;牛奶;芝麻"
"3243","不知火橘霜淇淋","Root;食材;其它類;水果類;柑橘;點心甜品類;冰品;霜淇淋"
"3244","中一排骨 經典香蒜排骨","Root;食材;肉類;蔬菜類;蒜;豬;排骨"
"3245","中華豆花(水果風味)","Root;食材;水果類;豆類"
"3246","中華油豆腐","Root;食材;豆類;豆腐"
"3247","丹麥紅豆土司","Root;食材;全穀雜糧類;紅豆綠豆;麵包;丹麥可頌;吐司"
"3248","丹麥起司火腿","Root;食材;乳品類;全穀雜糧類;肉類;加工肉品;起司;麵包;丹麥可頌;火腿"
"3249","五星水果拼盤","Root;食材;水果類"
"3250","井村屋板栗麻糬冰淇淋","Root;食材;其它類;堅果種子類;點心甜品類;冰品;冰淇淋"
"3251","元本山脆烤海苔8 切香辣風味","Root;食材;蔬菜類;海苔;辣椒"
"3252","元氣水煮蛋厚片","Root;食材;全穀雜糧類;蛋類;麵包;吐司"
"3253","元氣蛋沙拉厚片","Root;食材;全穀雜糧類;其它類;蛋類;沙拉;麵包;吐司"
"3254","元氣滿滿野蔬沙拉","Root;食材;其它類;蔬菜類;沙拉"
"3255","及第植物肉水餃","Root;食材;全穀雜糧類;餃子"
"3256","及第豬肉熟水餃","Root;食材;全穀雜糧類;肉類;豬;餃子"
"3257","反烤焦糖布丁蛋糕","Root;食材;其它類;點心甜品類;凍類甜品;蛋糕;布丁"
"3258","天下三絕藤椒牛肉水餃","Root;食材;全穀雜糧類;肉類;蔬菜類;牛;辣椒;餃子"
"3259","天祥榨菜朝天辣醬","Root;食材;蔬菜類;葉菜類蔬菜;辣椒"
"3260","太妃焦糖風味瑪奇朵","Root;食材;其它類;飲品類;咖啡"
"3261","太陽有機山菠菜","Root;食材;蔬菜類;葉菜類蔬菜"
"3262","太陽有機空心菜","Root;食材;蔬菜類;葉菜類蔬菜"
"3263","巴薩米克醋佐煙燻鴨義大利麵","Root;食材;全穀雜糧類;其它類;肉類;調味料;鴨;麵;義大利麵;醋"
"3264","心潮飯店-醬燒豬肉飯","Root;食材;全穀雜糧類;肉類;米飯類;豬"
"3265","心鑽物語巧克力鐵盒","Root;食材;堅果種子類;可可"
"3266","文元街紅油抄手麵","Root;食材;全穀雜糧類;油類;麵"
"3267","方蘭川布丁","Root;食材;其它類;點心甜品類;凍類甜品;布丁"
"3268","日日蜜柑霜淇淋","Root;食材;其它類;水果類;柑橘;點心甜品類;冰品;霜淇淋"
"3269","日世霜淇淋-香菜風味(奶素)","Root;食材;其它類;蔬菜類;葉菜類蔬菜;點心甜品類;冰品;霜淇淋"
"3270","日世霜淇淋-起司蛋糕風味(蛋奶素)","Root;食材;乳品類;其它類;起司;點心甜品類;冰品;蛋糕;霜淇淋"
"3271","日世霜淇淋-莊園牛奶(奶素)","Root;食材;乳品類;其它類;牛奶;點心甜品類;冰品;霜淇淋"
"3272","日本山梨麝香葡萄杯","Root;食材;水果類;其他水果;葡萄"
"3273","日本全家泡芙起司球","Root;食材;乳品類;其它類;起司;點心甜品類;泡芙"
"3274","日本全家起司風味玉米點心","Root;食材;乳品類;全穀雜糧類;玉米;起司"
"3275","日本全家迷你可頌餅乾","Root;食材;全穀雜糧類;其它類;麵包;點心甜品類;丹麥可頌;零食餅乾"
"3276","日本全家葡萄乾夾心餅乾","Root;食材;其它類;水果類;葡萄;點心甜品類;零食餅乾"
"3277","日本全家濃厚咖哩風味仙貝","Root;食材;其它類;調味料;點心甜品類;咖哩;零食餅乾"
"3278","日本全家雞汁風味厚切洋芋片","Root;食材;全穀雜糧類;其它類;肉類;雞;馬鈴薯;點心甜品類;零食餅乾"
"3279","日本全家鹽味爆米花","Root;食材;全穀雜糧類;其它類;玉米;調味料;點心甜品類;鹽"
"3280","日本豆皮壽司","Root;食材;全穀雜糧類;豆類;米飯類"
"3281","日本黃金腿排","Root;食材;肉類"
"3282","日安紅濃茶歐蕾霜淇淋","Root;食材;乳品類;其它類;牛奶;飲品類;點心甜品類;冰品;茶類;霜淇淋"
"3283","日式半熟蛋","Root;食材;蛋類"
"3284","日式佛蒙特咖哩雞肉飯","Root;食材;全穀雜糧類;其它類;肉類;米飯類;調味料;雞;咖哩"
"3285","日式豆皮蕎麥風味冷麵","Root;食材;全穀雜糧類;豆類;麥;麵"
"3286","日式咖哩雞燴飯","Root;食材;全穀雜糧類;其它類;肉類;米飯類;調味料;雞;咖哩;燴飯"
"3287","日式唐揚雞","Root;食材;肉類;雞"
"3288","日式海鮮炒烏龍麵","Root;食材;全穀雜糧類;海鮮類;麵"
"3289","日式雪花牛丼","Root;食材;全穀雜糧類;肉類;牛;米飯類"
"3290","日式溫泉蛋","Root;食材;蛋類"
"3291","日式煎茶霜淇淋","Root;食材;其它類;飲品類;點心甜品類;冰品;茶類;霜淇淋"
"3292","日式壽喜燒","Root;食材;其它類"
"3293","日式蕎麥沾麵","Root;食材;全穀雜糧類;麥;麵"
"3294","日式薑燒豬肉","Root;食材;肉類;蔬菜類;薑;豬"
"3295","日式雞肉串","Root;食材;肉類;雞"
"3296","日式雞蛋沙拉三明治","Root;食材;全穀雜糧類;其它類;蛋類;沙拉;麵包;三明治"
"3297","日東紅茶皇家奶茶霜淇淋","Root;食材;其它類;飲品類;點心甜品類;冰品;茶類;奶茶;紅茶;霜淇淋"
"3298","日芳珍饌鮮蝦海鮮卷","Root;食材;海鮮類;甲殼類;蝦"
"3299","日芳珍饌醬煮鮑魚","Root;食材;海鮮類;貝類"
"3300","月見醬油冷烏龍麵","Root;食材;全穀雜糧類;麵"
"3301","木瓜牛奶酷繽沙","Root;食材;乳品類;其它類;水果類;其他水果;牛奶;點心甜品類;冰品;冰沙"
"3302","木瓜牛奶霜淇淋","Root;食材;乳品類;其它類;水果類;其他水果;牛奶;點心甜品類;冰品;霜淇淋"
"3303","木曜-香辣炸雞腿","Root;食材;肉類;蔬菜類;辣椒;雞"
"3304","比利時巧克力霜淇淋","Root;食材;其它類;堅果種子類;可可;點心甜品類;冰品;霜淇淋"
"3305","水水灶咖 泰式蛤蜊酸辣寬粉","Root;食材;全穀雜糧類;海鮮類;蔬菜類;貝類;辣椒;麵"
"3306","水水灶咖 泰式辣炒豬肉飯","Root;食材;全穀雜糧類;肉類;蔬菜類;米飯類;豬;辣椒"
"3307","水水很芒酷繽沙","Root;食材;其它類;水果類;芒果;點心甜品類;冰品;冰沙"
"3308","水果玉米棒","Root;食材;全穀雜糧類;玉米"
"3309","水梨袋","Root;食材;水果類;其他水果"
"3310","水蜜桃牛奶霜淇淋","Root;食材;乳品類;其它類;水果類;水蜜桃;牛奶;點心甜品類;冰品;霜淇淋"
"3311","水蜜桃霜淇淋","Root;食材;其它類;水果類;水蜜桃;點心甜品類;冰品;霜淇淋"
"3312","火腿蛋沙拉夾心土司","Root;食材;全穀雜糧類;其它類;肉類;蛋類;加工肉品;沙拉;麵包;吐司;火腿"
"3313","火腿蛋炒飯","Root;食材;全穀雜糧類;肉類;蛋類;加工肉品;米飯類;火腿;炒飯"
"3314","火腿醬香炒飯","Root;食材;全穀雜糧類;肉類;加工肉品;米飯類;火腿;炒飯"
"3315","牛奶糖酷繽沙","Root;食材;其它類;點心甜品類;冰品;冰沙"
"3316","牛肉起司可頌","Root;食材;乳品類;全穀雜糧類;肉類;牛;起司;麵包;丹麥可頌"
"3317","牛肝菌菇濃湯","Root;食材;其它類;蔬菜類;菌菇;複合食品;湯品"
"3318","牛角-牛豚大盛燒肉丼飯","Root;食材;全穀雜糧類;肉類;牛;米飯類;豬"
"3319","牛角-炙燒雙拼便當","Root;食材;其它類;複合食品;便當"
"3320","牛角-炭烤牛燒肉便當","Root;食材;其它類;肉類;牛;複合食品;便當"
"3321","牛角燒肉米漢堡","Root;食材;全穀雜糧類;肉類;米飯類"
"3322","牛店紅燒牛肉麵","Root;食材;全穀雜糧類;肉類;牛;麵"
"3323","王品嚴選元氣人參燉雞湯","Root;食材;其它類;肉類;中藥材;複合食品;雞;湯品"
"3324","王品嚴選金饌平安團圓宴","Root;食材;其它類"
"3325","王品嚴選特製醬煨牛小排佐松露醬","Root;食材;肉類;蔬菜類;牛;菌菇"
"3326","王品嚴選鮑魚海味佛跳牆","Root;食材;其它類;海鮮類;貝類"
"3327","王品嚴選霸氣外肉紅白鍋王套組","Root;食材;其它類;肉類;複合食品;火鍋"
"3328","主廚麻油雞飯","Root;食材;全穀雜糧類;油類;肉類;米飯類;雞;麻油"
"3329","仙女紅茶","Root;食材;其它類;飲品類;茶類;紅茶"
"3330","仙女紅茶霜淇淋","Root;食材;其它類;飲品類;點心甜品類;冰品;茶類;紅茶;霜淇淋"
"3331","仙女醇奶茶","Root;食材;其它類;飲品類;茶類;奶茶"
"3332","仙仙仙草霜淇淋","Root;食材;其它類;中藥材;點心甜品類;仙草;冰品;霜淇淋"
"3333","仙草牛奶綜合霜淇淋","Root;食材;乳品類;其它類;中藥材;牛奶;點心甜品類;仙草;冰品;霜淇淋"
"3334","冬瓜QQ撞奶","Root;食材;乳品類;蔬菜類;牛奶;瓜果類蔬菜;冬瓜"
"3335","北投老爺酒店糖醋排骨","Root;食材;其它類;肉類;調味料;豬;排骨;醋"
"3336","北海道玉米濃湯風味洋芋片","Root;食材;全穀雜糧類;其它類;玉米;複合食品;馬鈴薯;點心甜品類;湯品;零食餅乾"
"3337","北海道哈密瓜霜淇淋","Root;食材;其它類;水果類;其他水果;點心甜品類;冰品;霜淇淋"
"3338","北海道秋鮭親子飯糰","Root;食材;全穀雜糧類;海鮮類;米飯類;魚類;飯糰;鮭魚"
"3339","北海道秋鮭鮪魚雙手卷","Root;食材;全穀雜糧類;海鮮類;米飯類;魚類;鮪魚;鮭魚"
"3340","北海道風燉馬鈴薯","Root;食材;全穀雜糧類;馬鈴薯"
"3341","北海道起司風味洋芋片","Root;食材;乳品類;全穀雜糧類;其它類;起司;馬鈴薯;點心甜品類;零食餅乾"
"3342","北海道蕎麥風味沾麵","Root;食材;全穀雜糧類;麥;麵"
"3343","北海道鮮乳拿鐵(四葉)","Root;食材;乳品類;其它類;牛奶;飲品類;咖啡;拿鐵"
"3344","北海道鮮乳拿鐵(函館)","Root;食材;乳品類;其它類;牛奶;飲品類;咖啡;拿鐵"
"3345","半熟玉子卡波納拉義大利麵","Root;食材;全穀雜糧類;蛋類;麵;義大利麵"
"3346","半熟起司酷繽沙","Root;食材;乳品類;其它類;起司;點心甜品類;冰品;冰沙"
"3347","卡士達麻糬泡芙","Root;食材;乳品類;其它類;其它乳製品;點心甜品類;泡芙"
"3348","卡布奇諾","Root;食材;其它類;飲品類;咖啡"
"3349","卡曼橘青茶","Root;食材;其它類;水果類;柑橘;飲品類;茶類;烏龍青茶"
"3350","卡曼橘美式","Root;食材;其它類;水果類;柑橘;飲品類;咖啡;黑咖啡"
"3351","卡辣姆久厚切洋芋勁辣唐辛子口味","Root;食材;全穀雜糧類;其它類;蔬菜類;辣椒;馬鈴薯;點心甜品類;零食餅乾"
"3352","去骨鳳爪","Root;食材;肉類;雞"
"3353","古早味金瓜炊粉","Root;食材;全穀雜糧類;蔬菜類;瓜果類蔬菜;麵"
"3354","古早味甜甜圈","Root;食材;其它類;點心甜品類"
"3355","古道梅子綠茶奶蓋雪糕","Root;食材;乳品類;其它類;水果類;梅子;牛奶;飲品類;點心甜品類;冰品;茶類;冰棒雪糕;綠茶抹茶"
"3356","可口牛肉麵椒香牛雙寶","Root;食材;全穀雜糧類;肉類;蔬菜類;牛;辣椒;麵"
"3357","可口可樂水蜜桃口味","Root;食材;其它類;水果類;水蜜桃;飲品類;汽水"
"3358","可口紅燒牛肉麵","Root;食材;全穀雜糧類;肉類;牛;麵"
"3359","可可脆皮泡芙","Root;食材;其它類;堅果種子類;可可;點心甜品類;泡芙"
"3360","可爾必思水蜜桃霜淇淋","Root;食材;其它類;水果類;水蜜桃;點心甜品類;冰品;霜淇淋"
"3361","可爾必思牛奶霜淇淋","Root;食材;乳品類;其它類;牛奶;點心甜品類;冰品;霜淇淋"
"3362","可樂餅","Root;食材;全穀雜糧類;馬鈴薯"
"3363","台式馬卡龍","Root;食材;其它類;點心甜品類"
"3364","台式綜合甜不辣","Root;食材;海鮮類;魚類"
"3365","台南邱家小卷米粉","Root;食材;全穀雜糧類;海鮮類;頭足類;麵"
"3366","台南香格里拉鮑魚佛跳牆","Root;食材;其它類;海鮮類;貝類"
"3367","台南晶英富貴金龍宴","Root;食材;其它類"
"3368","台南潮蝦餅柚香檸檬","Root;食材;全穀雜糧類;水果類;海鮮類;柑橘;甲殼類;麵餅;柚子;檸檬;蝦"
"3369","台畜煙燻豬肝","Root;食材;肉類;內臟及血製品;豬"
"3370","台塑有機小松菜","Root;食材;蔬菜類;葉菜類蔬菜"
"3371","台塑有機小黃瓜","Root;食材;蔬菜類;瓜果類蔬菜"
"3372","台塑有機山菠菜","Root;食材;蔬菜類;葉菜類蔬菜"
"3373","台塑有機牛蕃茄","Root;食材;水果類;番茄"
"3374","台塑有機玉米筍","Root;食材;全穀雜糧類;玉米"
"3375","台塑有機白菜","Root;食材;蔬菜類;葉菜類蔬菜;白菜"
"3376","台塑有機地瓜葉","Root;食材;蔬菜類;葉菜類蔬菜"
"3377","台塑有機羽衣甘藍","Root;食材;蔬菜類;葉菜類蔬菜"
"3378","台塑有機空心菜","Root;食材;蔬菜類;葉菜類蔬菜"
"3379","台塑有機芝麻葉","Root;食材;堅果種子類;蔬菜類;芝麻;葉菜類蔬菜"
"3380","台塑有機金針菇","Root;食材;蔬菜類;菌菇"
"3381","台塑有機青江菜","Root;食材;蔬菜類;葉菜類蔬菜"
"3382","台塑有機青椒","Root;食材;蔬菜類;辣椒"
"3383","台塑有機苦瓜","Root;食材;蔬菜類;瓜果類蔬菜"
"3384","台塑有機香菜","Root;食材;蔬菜類;葉菜類蔬菜"
"3385","台塑有機粉蔥","Root;食材;蔬菜類;蔥"
"3386","台塑有機高冷高麗菜","Root;食材;蔬菜類;葉菜類蔬菜;高麗菜"
"3387","台塑有機黑葉白菜","Root;食材;蔬菜類;葉菜類蔬菜;白菜"
"3388","台塑有機蒜頭","Root;食材;蔬菜類;蒜"
"3389","台塑有機櫛瓜","Root;食材;蔬菜類;瓜果類蔬菜"
"3390","台塑有機薑","Root;食材;蔬菜類;薑"
"3391","台塑有機鮮切南瓜","Root;食材;蔬菜類;瓜果類蔬菜"
"3392","台塑鮮蒜仁","Root;食材;蔬菜類;蒜"
"3393","台塑嚴選台灣乾香菇","Root;食材;蔬菜類;菌菇"
"3394","台農全脂保久乳( 溫罐)","Root;食材;乳品類;牛奶;保久乳"
"3395","台灣上等蕉(裸賣)","Root;食材;水果類;香蕉"
"3396","台灣香蕉重量分享包","Root;食材;水果類;香蕉"
"3397","台灣黑輪","Root;食材;海鮮類;魚類"
"3398","四川吳抄手酸辣雙耳","Root;食材;蔬菜類;菌菇;辣椒;木耳"
"3399","四季金萱霜淇淋","Root;食材;其它類;飲品類;點心甜品類;冰品;茶類;霜淇淋"
"3400","四季春青茶","Root;食材;其它類;飲品類;茶類;烏龍青茶"
"3401","夯吉薯薯酷繽沙","Root;食材;全穀雜糧類;其它類;地瓜;點心甜品類;冰品;冰沙"
"3402","夯番薯霜淇淋","Root;食材;全穀雜糧類;其它類;地瓜;點心甜品類;冰品;霜淇淋"
"3403","奶油手撕餐包","Root;食材;全穀雜糧類;其它類;奶油;麵包"
"3404","奶油起司蝦仁通心粉","Root;食材;乳品類;全穀雜糧類;其它類;海鮮類;奶油;甲殼類;起司;麵;蝦"
"3405","奶油培根義大利麵","Root;食材;全穀雜糧類;其它類;肉類;加工肉品;奶油;麵;培根;義大利麵"
"3406","奶油蛋黃醬培根義大利麵","Root;食材;全穀雜糧類;其它類;肉類;加工肉品;奶油;麵;培根;義大利麵"
"3407","奶油蒜香雞義大利麵","Root;食材;全穀雜糧類;其它類;肉類;蔬菜類;奶油;蒜;雞;麵;義大利麵"
"3408","奶蓋茶王焙火烏龍","Root;食材;乳品類;其它類;牛奶;飲品類;茶類;烏龍青茶"
"3409","奶蓋梔子花青茶","Root;食材;乳品類;其它類;牛奶;飲品類;茶類;烏龍青茶"
"3410","奶蓋琥珀小葉紅茶","Root;食材;乳品類;其它類;牛奶;飲品類;茶類;紅茶"
"3411","奶蓋輕烏龍","Root;食材;乳品類;其它類;牛奶;飲品類;茶類;烏龍青茶"
"3412","巧米多焦糖爆米花","Root;食材;全穀雜糧類;其它類;玉米;點心甜品類"
"3413","巧克力甜甜圈","Root;食材;其它類;堅果種子類;可可;點心甜品類"
"3414","巧克力餅乾冰淇淋( 香草風味)","Root;食材;其它類;堅果種子類;可可;調味料;點心甜品類;冰品;零食餅乾;香草;冰淇淋"
"3415","巧克力霜淇淋","Root;食材;其它類;堅果種子類;可可;點心甜品類;冰品;霜淇淋"
"3416","巧酥餅乾泡芙","Root;食材;其它類;點心甜品類;泡芙;零食餅乾"
"3417","巨大扁可頌-青檸口味","Root;食材;全穀雜糧類;水果類;柑橘;麵包;丹麥可頌;檸檬"
"3418","巨峰葡萄霜淇淋","Root;食材;其它類;水果類;葡萄;點心甜品類;冰品;霜淇淋"
"3419","布丁霜淇淋","Root;食材;其它類;點心甜品類;冰品;凍類甜品;布丁;霜淇淋"
"3420","弘揚植物肉青花椒熟水餃","Root;食材;全穀雜糧類;蔬菜類;辣椒;餃子"
"3421","弘陽-東山風味滷味","Root;食材;其它類"
"3422","弘陽-植物肉玉米熟水餃","Root;食材;全穀雜糧類;玉米;餃子"
"3423","必勝客-抹茶紅豆起司塔","Root;食材;乳品類;全穀雜糧類;其它類;紅豆綠豆;起司;飲品類;點心甜品類;茶類;綠茶抹茶"
"3424","本日精選咖啡","Root;食材;其它類;飲品類;咖啡"
"3425","永心鳳茶剝皮辣椒","Root;食材;蔬菜類;辣椒"
"3426","永心鳳茶剝皮辣椒燉雞盅","Root;食材;肉類;蔬菜類;辣椒;雞"
"3427","永豐餘羽衣甘藍風味果汁飲","Root;食材;其它類;蔬菜類;葉菜類蔬菜;飲品類;蔬果汁"
"3428","玄米抹茶酷繽沙","Root;食材;全穀雜糧類;其它類;米飯類;飲品類;點心甜品類;冰品;糙米玄米;茶類;冰沙;綠茶抹茶"
"3429","玉米脆片- 勁辣口味","Root;食材;全穀雜糧類;其它類;蔬菜類;玉米;辣椒;點心甜品類;零食餅乾"
"3430","玉米豬肉手工水餃","Root;食材;全穀雜糧類;肉類;玉米;豬;餃子"
"3431","玉米濃湯風味棒","Root;食材;全穀雜糧類;其它類;玉米;複合食品;點心甜品類;湯品;零食餅乾"
"3432","玉米濃湯霜淇淋","Root;食材;全穀雜糧類;其它類;玉米;複合食品;點心甜品類;冰品;湯品;霜淇淋"
"3433","玉米蘿蔔排骨湯","Root;食材;全穀雜糧類;其它類;肉類;蔬菜類;根莖類蔬菜;玉米;複合食品;豬;排骨;湯品;蘿蔔"
"3434","瓜地馬拉精品美式咖啡","Root;食材;其它類;飲品類;咖啡;黑咖啡"
"3435","瓜地馬拉精品拿鐵咖啡","Root;食材;其它類;飲品類;咖啡;拿鐵"
"3436","甘草芭樂","Root;食材;水果類;芭樂"
"3437","生巧克力風味牛奶糖","Root;食材;其它類;堅果種子類;可可;點心甜品類"
"3438","生乳布丁","Root;食材;乳品類;其它類;其它乳製品;點心甜品類;凍類甜品;布丁"
"3439","生果粒草莓滿餡麵包","Root;食材;全穀雜糧類;水果類;莓果;麵包;草莓"
"3440","生青森蘋果滿餡麵包","Root;食材;全穀雜糧類;水果類;蘋果;麵包"
"3441","生香濃花生滿餡麵包","Root;食材;全穀雜糧類;堅果種子類;花生;麵包"
"3442","生凍海灣貝柱","Root;食材;海鮮類;貝類;干貝"
"3443","生榛果濃可可滿餡麵包","Root;食材;全穀雜糧類;堅果種子類;可可;榛果;麵包"
"3444","田園蔬菜沙拉","Root;食材;其它類;蔬菜類;沙拉"
"3445","白玉抹茶紅豆酷繽沙","Root;食材;全穀雜糧類;其它類;紅豆綠豆;飲品類;點心甜品類;冰品;茶類;冰沙;綠茶抹茶"
"3446","白肉火龍果切片","Root;食材;水果類;其他水果"
"3447","白酒蛤蜊義大利麵","Root;食材;全穀雜糧類;其它類;海鮮類;貝類;飲品類;麵;義大利麵;酒"
"3448","白葡萄霜淇淋","Root;食材;其它類;水果類;葡萄;點心甜品類;冰品;霜淇淋"
"3449","白蘭地葡萄餅乾夾心","Root;食材;其它類;水果類;葡萄;點心甜品類;零食餅乾"
"3450","白蘿蔔","Root;食材;蔬菜類;根莖類蔬菜;蘿蔔"
"3451","皮蛋辣拌麵","Root;食材;全穀雜糧類;蔬菜類;蛋類;辣椒;麵"
"3452","石安牧場香滷蛋白丁","Root;食材;蛋類"
"3453","石安牧場剝皮辣椒茶碗蒸","Root;食材;蔬菜類;蛋類;辣椒"
"3454","石安牧場溏心蛋飯糰","Root;食材;全穀雜糧類;蛋類;米飯類;飯糰"
"3455","石安牧場溫泉蛋","Root;食材;蛋類"
"3456","石安牧場蔬食茶碗蒸","Root;食材;蔬菜類;蛋類"
"3457","立頓水果茶氣泡酷繽沙","Root;食材;其它類;水果類;飲品類;點心甜品類;冰品;茶類;冰沙"
"3458","立頓琥珀紅茶","Root;食材;其它類;飲品類;茶類;紅茶"
"3459","立頓蜂蜜紅茶","Root;食材;其它類;飲品類;點心甜品類;茶類;蜂蜜;紅茶"
"3460","伊索比亞精品美式咖啡","Root;食材;其它類;飲品類;咖啡;黑咖啡"
"3461","伊索比亞精品拿鐵咖啡","Root;食材;其它類;飲品類;咖啡;拿鐵"
"3462","伊藤園抹茶霜淇淋","Root;食材;其它類;飲品類;點心甜品類;冰品;茶類;綠茶抹茶;霜淇淋"
"3463","光泉正庄杏仁豆腐","Root;食材;堅果種子類;豆類;杏仁;豆腐"
"3464","光泉麥芽牛奶酷繽沙","Root;食材;乳品類;全穀雜糧類;其它類;牛奶;麥;點心甜品類;冰品;冰沙"
"3465","全鴨坊X頂園燜筍","Root;食材;蔬菜類;筍子"
"3466","冰一顆檸檬金烏龍茶王","Root;食材;其它類;水果類;柑橘;飲品類;檸檬;茶類;烏龍青茶"
"3467","冰一顆檸檬英曙格雷紅茶","Root;食材;其它類;水果類;柑橘;飲品類;檸檬;茶類;紅茶"
"3468","冰心地瓜","Root;食材;全穀雜糧類;地瓜"
"3469","冰心乳酪條","Root;食材;乳品類;起司"
"3470","冰米麻糬金烏龍茶拿鐵","Root;食材;其它類;飲品類;點心甜品類;咖啡;茶類;拿鐵;烏龍青茶"
"3471","冰米麻糬英曙格雷茶拿鐵","Root;食材;其它類;飲品類;點心甜品類;咖啡;拿鐵"
"3472","冰荔枝寒天青茶","Root;食材;其它類;水果類;荔枝;飲品類;茶類;烏龍青茶"
"3473","冰荔枝寒天輕烏龍","Root;食材;其它類;水果類;荔枝;飲品類;茶類;烏龍青茶"
"3474","冰淇淋","Root;食材;其它類;點心甜品類;冰品;冰淇淋"
"3475","冰淇淋小葉紅茶","Root;食材;其它類;飲品類;點心甜品類;冰品;茶類;冰淇淋;紅茶"
"3476","冰淇淋紅茶","Root;食材;其它類;飲品類;點心甜品類;冰品;茶類;冰淇淋;紅茶"
"3477","冰淇淋格雷紅茶","Root;食材;其它類;飲品類;點心甜品類;冰品;茶類;冰淇淋;紅茶"
"3478","冰甜杏凍金烏龍","Root;食材;其它類;堅果種子類;飲品類;點心甜品類;凍類甜品;茶類;烏龍青茶"
"3479","冰蜂蜜金烏龍茶王","Root;食材;其它類;飲品類;點心甜品類;茶類;蜂蜜;烏龍青茶"
"3480","冰滴咖啡","Root;食材;其它類;飲品類;咖啡"
"3481","冰綿綿金烏龍茶王","Root;食材;其它類;飲品類;茶類;烏龍青茶"
"3482","冰綿綿英曙格雷紅茶","Root;食材;其它類;飲品類;茶類;紅茶"
"3483","冰鮮爽蜜蘋果風味紅茶","Root;食材;其它類;水果類;蘋果;飲品類;茶類;紅茶"
"3484","冰鎮水果泡泡果茶","Root;食材;其它類;水果類;飲品類;茶類"
"3485","冰鑲花茶凍金烏龍","Root;食材;其它類;飲品類;點心甜品類;凍類甜品;茶類;烏龍青茶"
"3486","匈牙利風味香草烤雞腿","Root;食材;其它類;肉類;調味料;雞;香草"
"3487","匈牙利香草烤雞翅","Root;食材;其它類;肉類;調味料;雞;香草"
"3488","吉士火腿蛋堡","Root;食材;乳品類;全穀雜糧類;肉類;蛋類;加工肉品;起司;麵包;堡;火腿"
"3489","吉士香雞蛋堡","Root;食材;乳品類;全穀雜糧類;肉類;蛋類;起司;雞;麵包;堡"
"3490","吉士豬肉堡加蛋","Root;食材;乳品類;全穀雜糧類;肉類;蛋類;豬;起司;麵包;堡"
"3491","吉比花生酷繽沙","Root;食材;其它類;堅果種子類;花生;點心甜品類;冰品;冰沙"
"3492","吉可頌-蔥可頌","Root;食材;全穀雜糧類;蔬菜類;蔥;麵包;丹麥可頌"
"3493","吉伊卡哇卡士達銅鑼燒(楓糖口味)","Root;食材;乳品類;其它類;其它乳製品;點心甜品類"
"3494","吉伊-雙餡奶霜麵包","Root;食材;乳品類;全穀雜糧類;牛奶;麵包"
"3495","吉依卡哇卡士達麻糬泡芙","Root;食材;乳品類;其它類;其它乳製品;點心甜品類;泡芙"
"3496","地瓜瓜握沙拉","Root;食材;全穀雜糧類;其它類;地瓜;沙拉"
"3497","地瓜雞胸肉沙拉","Root;食材;全穀雜糧類;其它類;肉類;地瓜;沙拉;雞"
"3498","多穀紫米飯","Root;食材;全穀雜糧類;米飯類"
"3499","好多菜三明治","Root;食材;全穀雜糧類;蔬菜類;麵包;三明治"
"3500","好時-可可雙餡鬆餅","Root;食材;全穀雜糧類;堅果種子類;可可"
"3501","好時-巧克力牛奶棒","Root;食材;乳品類;堅果種子類;可可;牛奶"
"3502","好時巧克力派","Root;食材;其它類;堅果種子類;可可;點心甜品類"
"3503","好時-莓果風味巧克力軟餅乾","Root;食材;其它類;堅果種子類;水果類;可可;莓果;點心甜品類;零食餅乾"
"3504","好時-愛餡大亨可可雙餡軟法","Root;食材;全穀雜糧類;堅果種子類;可可;麵包"
"3505","好喝奶茶","Root;食材;其它類;飲品類;茶類;奶茶"
"3506","好喝蕎麥奶茶","Root;食材;全穀雜糧類;其它類;飲品類;麥;茶類;奶茶"
"3507","好菇道雪白菇(免洗)","Root;食材;蔬菜類;菌菇"
"3508","好菇道舞菇(免洗)","Root;食材;蔬菜類;菌菇"
"3509","好菇道鴻喜菇(免洗)","Root;食材;蔬菜類;菌菇"
"3510","好麗友好多龍餅乾( 燒烤味)","Root;食材;其它類;點心甜品類;零食餅乾"
"3511","好釋成霜霜淇淋","Root;食材;其它類;水果類;其他水果;點心甜品類;冰品;霜淇淋"
"3512","如記真空玉米筍","Root;食材;全穀雜糧類;玉米"
"3513","如記真空綠竹筍","Root;食材;蔬菜類;筍子"
"3514","安昕有機小白菜","Root;食材;蔬菜類;葉菜類蔬菜;白菜"
"3515","安昕有機小松菜","Root;食材;蔬菜類;葉菜類蔬菜"
"3516","安昕有機青江菜","Root;食材;蔬菜類;葉菜類蔬菜"
"3517","安昕有機黑葉白菜","Root;食材;蔬菜類;葉菜類蔬菜;白菜"
"3518","托斯卡尼雙餡土司","Root;食材;全穀雜糧類;麵包;吐司"
"3519","有機小白菜","Root;食材;蔬菜類;葉菜類蔬菜;白菜"
"3520","有機青江菜","Root;食材;蔬菜類;葉菜類蔬菜"
"3521","有機高麗菜","Root;食材;蔬菜類;葉菜類蔬菜;高麗菜"
"3522","朴大哥-韓式辣白菜","Root;食材;蔬菜類;葉菜類蔬菜;白菜"
"3523","灰潮香草霜淇淋","Root;食材;其它類;調味料;點心甜品類;冰品;香草;霜淇淋"
"3524","百事可樂無糖( 黑神話聯名)","Root;食材;其它類;飲品類;汽水"
"3525","百奇玫瑰風味棒","Root;食材;其它類;點心甜品類"
"3526","百香QQ綠","Root;食材;其它類;水果類;百香果;飲品類;茶類;綠茶抹茶"
"3527","百香軟Q酷繽沙","Root;食材;其它類;水果類;百香果;點心甜品類;冰品;冰沙"
"3528","竹南懷舊肉粽桂圓小米甜糕","Root;食材;全穀雜糧類;其它類;水果類;肉類;米飯類;點心甜品類;龍眼"
"3529","竹輪","Root;食材;海鮮類;魚類"
"3530","米米花- 牛奶巧克力口味","Root;食材;乳品類;堅果種子類;可可;牛奶"
"3531","米血糕","Root;食材;全穀雜糧類;肉類;內臟及血製品;米飯類"
"3532","米香-蟹黃蝦仁豆腐煲燴飯","Root;食材;全穀雜糧類;海鮮類;豆類;甲殼類;米飯類;豆腐;燴飯;蝦;蟹"
"3533","米香-鹹酥蝦飯糰","Root;食材;全穀雜糧類;海鮮類;甲殼類;米飯類;蝦;飯糰"
"3534","老奶奶檸檬蛋糕","Root;食材;其它類;水果類;柑橘;點心甜品類;檸檬;蛋糕"
"3535","老協珍人蔘精麥蘆卡","Root;食材;全穀雜糧類;其它類;中藥材;麥"
"3536","老協珍五福宴年菜套組","Root;食材;其它類;蔬菜類"
"3537","老協珍佛跳牆精靈球甕","Root;食材;其它類"
"3538","老協珍佛跳牆寶可夢甕","Root;食材;其它類"
"3539","老協珍無加糖人蔘精","Root;食材;其它類;中藥材"
"3540","老協珍酷洛米烏參佛跳牆","Root;食材;其它類"
"3541","老協珍熬雞精","Root;食材;其它類;肉類;雞;飲品類"
"3542","老協珍鮑魚干貝佛跳牆","Root;食材;其它類;海鮮類;貝類;干貝"
"3543","老板娘甜不辣脆片-鹹酥雞口味","Root;食材;其它類;海鮮類;肉類;調味料;雞;魚類;點心甜品類;零食餅乾;鹽"
"3544","老虎堂五行紅棗桂圓小湯圓","Root;食材;全穀雜糧類;其它類;水果類;中藥材;龍眼;紅棗"
"3545","老虎堂黑糖薑母紅茶","Root;食材;其它類;蔬菜類;薑;飲品類;點心甜品類;茶類;黑糖;紅茶"
"3546","老曾羊肉羊小排湯","Root;食材;其它類;肉類;羊;複合食品;湯品"
"3547","老薑麻油片豬燴飯","Root;食材;全穀雜糧類;油類;肉類;蔬菜類;米飯類;薑;豬;麻油;燴飯"
"3548","老薑煸麻油杏鮑菇","Root;食材;油類;蔬菜類;菌菇;薑;麻油"
"3549","肉之間石頭火鍋","Root;食材;其它類;複合食品;火鍋"
"3550","肉香燴豆腐","Root;食材;肉類;豆類;豆腐"
"3551","肉絲炒飯","Root;食材;全穀雜糧類;肉類;米飯類;炒飯"
"3552","肉絲黃金蛋炒飯","Root;食材;全穀雜糧類;肉類;蛋類;米飯類;炒飯"
"3553","衣索比亞耶加雪菲美式","Root;食材;其它類;飲品類;咖啡;黑咖啡"
"3554","衣索比亞耶加雪菲拿鐵","Root;食材;其它類;飲品類;咖啡;拿鐵"
"3555","衣索比亞耶加雪菲氣泡美式","Root;食材;其它類;飲品類;咖啡;黑咖啡"
"3556","西瓜牛奶酷繽沙","Root;食材;乳品類;其它類;水果類;其他水果;牛奶;點心甜品類;冰品;冰沙"
"3557","西西里咖啡","Root;食材;其它類;飲品類;咖啡"
"3558","西西里風檸檬咖啡","Root;食材;其它類;水果類;柑橘;飲品類;咖啡;檸檬"
"3559","西西里風檸檬氣泡咖啡","Root;食材;其它類;水果類;柑橘;飲品類;咖啡;檸檬"
"3560","西西里氣泡咖啡","Root;食材;其它類;飲品類;咖啡"
"3561","西班牙[GIGNAC奇納格]經典紅葡萄酒","Root;食材;其它類;水果類;葡萄;飲品類;酒"
"3562","辻利抹茶霜淇淋","Root;食材;其它類;飲品類;點心甜品類;冰品;茶類;綠茶抹茶;霜淇淋"
"3563","辻利紅豆抹茶酷繽沙","Root;食材;全穀雜糧類;其它類;紅豆綠豆;飲品類;點心甜品類;冰品;茶類;冰沙;綠茶抹茶"
"3564","伯爵可可奶蓋雪糕","Root;食材;乳品類;其它類;堅果種子類;可可;牛奶;點心甜品類;冰品;冰棒雪糕"
"3565","免剝殼菱角","Root;食材;全穀雜糧類"
"3566","冷凍巨峰葡萄","Root;食材;水果類;葡萄"
"3567","冷凍愛文芒果","Root;食材;水果類;芒果"
"3568","冷凍鳳梨釋迦","Root;食材;水果類;其他水果"
"3569","吳一無二-奶油費南雪","Root;食材;其它類;奶油;點心甜品類"
"3570","吳一無二-伯爵風味蘋果丹麥","Root;食材;全穀雜糧類;水果類;蘋果;麵包;丹麥可頌"
"3571","吳一無二-迷你香榭麵包","Root;食材;全穀雜糧類;麵包"
"3572","吳一無二開心果馬卡龍","Root;食材;其它類;堅果種子類;點心甜品類"
"3573","吳一無二-檸檬奶霜可頌","Root;食材;乳品類;全穀雜糧類;水果類;柑橘;牛奶;麵包;丹麥可頌;檸檬"
"3574","吳一無二-藍莓丹麥","Root;食材;全穀雜糧類;水果類;莓果;麵包;丹麥可頌;藍莓"
"3575","吳寶春-芋香紫米歐式麵包","Root;食材;全穀雜糧類;米飯類;芋頭;麵包"
"3576","吳寶春芒果奶酪","Root;食材;乳品類;水果類;其它乳製品;芒果"
"3577","吳寶春鳳黃酥","Root;食材;其它類;水果類;蛋類;其他水果;點心甜品類"
"3578","吳寶春雞蛋布丁","Root;食材;其它類;蛋類;點心甜品類;凍類甜品;布丁"
"3579","吹風滷味","Root;食材;其它類"
"3580","我家牛排香蒜奶油吐司","Root;食材;全穀雜糧類;其它類;肉類;蔬菜類;奶油;牛;蒜;麵包;吐司"
"3581","杏仁豆腐冰沙(含杏仁豆腐塊)","Root;食材;其它類;堅果種子類;豆類;杏仁;豆腐;點心甜品類;冰品;冰沙"
"3582","杏仁豆腐聖代霜淇淋","Root;食材;其它類;堅果種子類;豆類;杏仁;豆腐;點心甜品類;冰品;霜淇淋"
"3583","杏鮑菇","Root;食材;蔬菜類;菌菇"
"3584","杜老爺百香蜜檸啵啵脆冰棒","Root;食材;其它類;水果類;柑橘;百香果;點心甜品類;冰品;檸檬;蜂蜜;冰棒雪糕"
"3585","沁園春無錫排骨","Root;食材;肉類;豬;排骨"
"3586","沐月柚香金萱茶","Root;食材;其它類;水果類;柑橘;飲品類;柚子;茶類"
"3587","沙茶牛肉","Root;食材;其它類;肉類;牛;調味料;沙茶"
"3588","沙茶牛肉炒麵","Root;食材;全穀雜糧類;其它類;肉類;牛;調味料;麵;沙茶"
"3589","沙茶牛肉爐","Root;食材;其它類;肉類;牛;複合食品;調味料;沙茶;火鍋"
"3590","沙茶香辣雞胗","Root;食材;其它類;肉類;蔬菜類;內臟及血製品;調味料;辣椒;雞;沙茶"
"3591","沙茶菇菇時蔬","Root;食材;其它類;蔬菜類;菌菇;調味料;沙茶"
"3592","沙茶豬肉燴飯","Root;食材;全穀雜糧類;其它類;肉類;米飯類;調味料;豬;沙茶;燴飯"
"3593","沛綠雅蜜桃貝里尼氣泡雞尾酒風味","Root;食材;其它類;水果類;水蜜桃;飲品類;酒"
"3594","沛綠檸檬莫西多氣泡雞尾酒風味飲","Root;食材;其它類;水果類;柑橘;飲品類;檸檬;酒"
"3595","究極味付蛋","Root;食材;蛋類"
"3596","芋角牛奶雪糕","Root;食材;乳品類;全穀雜糧類;其它類;牛奶;芋頭;點心甜品類;冰品;冰棒雪糕"
"3597","芋泥蛋糕捲","Root;食材;全穀雜糧類;其它類;芋頭;點心甜品類;蛋糕"
"3598","芋香牛奶霜淇淋","Root;食材;乳品類;全穀雜糧類;其它類;牛奶;芋頭;點心甜品類;冰品;霜淇淋"
"3599","芋香酥餅","Root;食材;全穀雜糧類;其它類;芋頭;點心甜品類"
"3600","芋賣尬酷繽沙","Root;食材;全穀雜糧類;其它類;芋頭;點心甜品類;冰品;冰沙"
"3601","芋頭排骨酥湯","Root;食材;全穀雜糧類;其它類;肉類;芋頭;複合食品;豬;排骨;湯品"
"3602","芒好喝芒果酷繽沙","Root;食材;其它類;水果類;芒果;點心甜品類;冰品;冰沙"
"3603","芒果牛奶酷繽沙","Root;食材;乳品類;其它類;水果類;牛奶;芒果;點心甜品類;冰品;冰沙"
"3604","芒果果昔","Root;食材;水果類;芒果"
"3605","芒果椰奶霜淇淋","Root;食材;其它類;水果類;椰子;芒果;點心甜品類;冰品;霜淇淋"
"3606","芒果霜淇淋","Root;食材;其它類;水果類;芒果;點心甜品類;冰品;霜淇淋"
"3607","豆乳紅茶","Root;食材;其它類;豆類;豆漿豆奶;飲品類;茶類;紅茶"
"3608","豆乳雞","Root;食材;肉類;豆類;豆漿豆奶;雞"
"3609","豆乾","Root;食材;豆類;豆干"
"3610","豆酥烤魚鮮蔬餐盒","Root;食材;海鮮類;蔬菜類;豆類;魚類"
"3611","豆腐蛋白棒","Root;食材;豆類;豆腐"
"3612","豆穌朋原味泡芙","Root;食材;其它類;點心甜品類;泡芙"
"3613","貝禮詩草莓奶酒酷繽沙","Root;食材;乳品類;其它類;水果類;牛奶;莓果;飲品類;點心甜品類;冰品;草莓;酒;冰沙"
"3614","辛柚子胡椒湯麵","Root;食材;全穀雜糧類;其它類;水果類;柑橘;複合食品;調味料;麵;柚子;湯品;胡椒"
"3615","辰園花生豬腳","Root;食材;堅果種子類;肉類;花生;豬"
"3616","里肌火腿可頌","Root;食材;全穀雜糧類;肉類;加工肉品;麵包;丹麥可頌;火腿"
"3617","里肌可頌早午餐","Root;食材;全穀雜糧類;肉類;麵包;丹麥可頌"
"3618","乖乖Home Run 應援袋","Root;食材;其它類;點心甜品類;零食餅乾"
"3619","乖乖玉米脆條特醇巧克力","Root;食材;全穀雜糧類;其它類;堅果種子類;可可;玉米;點心甜品類;零食餅乾"
"3620","乖乖玉米脆條蝦乖乖辣味","Root;食材;全穀雜糧類;其它類;海鮮類;蔬菜類;玉米;甲殼類;辣椒;點心甜品類;蝦;零食餅乾"
"3621","乖乖食堂米果- 南洋叻沙麵","Root;食材;全穀雜糧類;其它類;麵;點心甜品類;零食餅乾"
"3622","乖乖食堂米果沙嗲串燒飯","Root;食材;全穀雜糧類;其它類;米飯類;點心甜品類;零食餅乾"
"3623","乳酪核桃軟歐","Root;食材;乳品類;全穀雜糧類;堅果種子類;起司;麵包"
"3624","乳酸風味軟糖(水蜜桃風味)","Root;食材;其它類;水果類;水蜜桃;點心甜品類"
"3625","乳酸風味軟糖(原味)","Root;食材;其它類;點心甜品類"
"3626","亞尼克生乳捲-橙光橘香","Root;食材;乳品類;其它類;水果類;其它乳製品;柑橘;點心甜品類;柳橙"
"3627","亞尼克原味生乳捲","Root;食材;乳品類;其它類;其它乳製品;點心甜品類"
"3628","佳興冰果室-黃金檸檬汁","Root;食材;其它類;水果類;柑橘;飲品類;檸檬;蔬果汁"
"3629","佳興冰果室-檸檬汁","Root;食材;其它類;水果類;柑橘;飲品類;檸檬;蔬果汁"
"3630","依蕾特莓好滋味禮盒","Root;食材;其它類;水果類;莓果"
"3631","兩粒飯糰( 鮪魚. 焦糖鮭魚)","Root;食材;全穀雜糧類;海鮮類;米飯類;魚類;飯糰;鮪魚;鮭魚"
"3632","典藏比利時巧克力霜淇淋","Root;食材;其它類;堅果種子類;可可;點心甜品類;冰品;霜淇淋"
"3633","初瓜瓜節瓜脆片海苔","Root;食材;其它類;蔬菜類;海苔;點心甜品類;零食餅乾"
"3634","初瓜瓜節瓜脆片椒鹽","Root;食材;其它類;調味料;點心甜品類;胡椒;零食餅乾;鹽"
"3635","初鹿厚伯爵紅茶牛乳","Root;食材;乳品類;其它類;牛奶;飲品類;茶類;紅茶"
"3636","協發行泡菜偷心貢菜","Root;食材;蔬菜類;葉菜類蔬菜;泡菜"
"3637","叁酒弍沏玉湯金饌迎春盅","Root;食材;其它類;複合食品;湯品"
"3638","味丹春梅冬瓜茶","Root;食材;其它類;水果類;蔬菜類;梅子;瓜果類蔬菜;飲品類;冬瓜;茶類"
"3639","味全高鈣高蛋白雙效營養牛乳","Root;食材;乳品類;牛奶"
"3640","味噌豆乳泡麵","Root;食材;全穀雜糧類;其它類;豆類;調味料;豆漿豆奶;麵"
"3641","味覺糖特濃牛奶味軟糖(條糖)","Root;食材;乳品類;其它類;牛奶;點心甜品類"
"3642","呷七碗林聰明沙茶炒炊粉","Root;食材;全穀雜糧類;其它類;調味料;麵;沙茶"
"3643","呷七碗爭鮮鮭貝雙鮮米糕","Root;食材;全穀雜糧類;海鮮類;米飯類;貝類;魚類;鮭魚"
"3644","呷七碗虱目魚粥","Root;食材;全穀雜糧類;海鮮類;米飯類;魚類;虱目魚"
"3645","呷七碗麻油雞湯","Root;食材;其它類;油類;肉類;複合食品;雞;麻油;湯品"
"3646","呷七碗麻辣臭豆腐","Root;食材;其它類;豆類;調味料;豆腐;麻辣"
"3647","呷七碗黃金蟲草燉烏雞","Root;食材;肉類;雞"
"3648","呷七碗碗粿","Root;食材;其它類"
"3649","呷七碗鴻運雙囍米糕組","Root;食材;全穀雜糧類;米飯類"
"3650","呷七碗藥燉排骨湯","Root;食材;其它類;肉類;中藥材;複合食品;豬;排骨;湯品"
"3651","呷七碗櫻花蝦炒炊粉","Root;食材;全穀雜糧類;海鮮類;甲殼類;麵;蝦"
"3652","和風生鮭繽紛時蔬沙拉餐","Root;食材;其它類;海鮮類;蔬菜類;沙拉;魚類;鮭魚"
"3653","和風匠製胡麻涼麵","Root;食材;全穀雜糧類;麵"
"3654","和風彩椒雞柳","Root;食材;肉類;蔬菜類;辣椒;雞"
"3655","和風蛋沙拉(使用新纖麥土司)","Root;食材;全穀雜糧類;其它類;蛋類;沙拉;麥;麵包;吐司"
"3656","和風溫泉蛋","Root;食材;蛋類"
"3657","咖姆咖姆蘇打味軟糖","Root;食材;其它類;點心甜品類"
"3658","咖哩口味可樂餅","Root;食材;全穀雜糧類;其它類;調味料;馬鈴薯;咖哩"
"3659","咖哩湯麵","Root;食材;全穀雜糧類;其它類;複合食品;調味料;麵;咖哩;湯品"
"3660","咖啡抹茶拿鐵","Root;食材;其它類;飲品類;咖啡;茶類;拿鐵;綠茶抹茶"
"3661","咖啡珍珠歐蕾","Root;食材;乳品類;全穀雜糧類;其它類;牛奶;珍珠粉粿;飲品類;咖啡"
"3662","咖啡起司歐蕾霜淇淋","Root;食材;乳品類;其它類;牛奶;起司;飲品類;點心甜品類;冰品;咖啡;霜淇淋"
"3663","咚兵衛天婦羅烏龍杯麵","Root;食材;全穀雜糧類;海鮮類;甲殼類;麵;蝦"
"3664","咚兵衛日式腐皮烏龍麵杯","Root;食材;全穀雜糧類;豆類;麵"
"3665","奇異果果實口感軟糖","Root;食材;其它類;水果類;其他水果;點心甜品類"
"3666","奇異果霜淇淋","Root;食材;其它類;水果類;其他水果;點心甜品類;冰品;霜淇淋"
"3667","宗家府泡菜","Root;食材;蔬菜類;葉菜類蔬菜;泡菜"
"3668","宗家府泡菜冬粉","Root;食材;全穀雜糧類;蔬菜類;葉菜類蔬菜;麵;泡菜"
"3669","尚野家-鱈魚香片燒","Root;食材;海鮮類;魚類;鱈魚"
"3670","岩漿起司燻培根厚土司","Root;食材;乳品類;全穀雜糧類;肉類;加工肉品;起司;麵包;吐司;培根"
"3671","帕泰家-沙嗲雞肉烤飯糰","Root;食材;全穀雜糧類;肉類;米飯類;雞;飯糰"
"3672","帕泰家-泰式海鮮青木瓜沙拉","Root;食材;其它類;水果類;海鮮類;其他水果;沙拉"
"3673","帕泰家-泰式椒麻雞飯","Root;食材;全穀雜糧類;肉類;蔬菜類;米飯類;辣椒;雞"
"3674","帕泰家-椰香綠咖哩嫩雞飯","Root;食材;全穀雜糧類;其它類;肉類;椰子;米飯類;調味料;雞;咖哩"
"3675","帕瑪森奶油烤年糕","Root;食材;全穀雜糧類;其它類;奶油"
"3676","府城鹽水風味意麵","Root;食材;全穀雜糧類;其它類;調味料;麵;鹽"
"3677","延齡堂酸梅湯","Root;食材;其它類;水果類;梅子;複合食品;湯品"
"3678","忠青商行滷排骨","Root;食材;肉類;豬;排骨"
"3679","忠青商行蝦仁飯捲","Root;食材;全穀雜糧類;海鮮類;甲殼類;米飯類;蝦"
"3680","抹茶生巧克力生乳捲","Root;食材;乳品類;其它類;堅果種子類;其它乳製品;可可;飲品類;點心甜品類;茶類;綠茶抹茶"
"3681","抹茶杏仁果酷繽沙","Root;食材;其它類;堅果種子類;杏仁;飲品類;點心甜品類;冰品;茶類;冰沙;綠茶抹茶"
"3682","抹茶咖啡奶霜","Root;食材;乳品類;其它類;牛奶;飲品類;咖啡;茶類;綠茶抹茶"
"3683","抹茶歐蕾","Root;食材;乳品類;其它類;牛奶;飲品類;茶類;綠茶抹茶"
"3684","抹茶霜淇淋","Root;食材;其它類;飲品類;點心甜品類;冰品;茶類;綠茶抹茶;霜淇淋"
"3685","拔絲起司法式三明治","Root;食材;乳品類;全穀雜糧類;起司;麵包;三明治"
"3686","招牌鮮肉鍋貼","Root;食材;全穀雜糧類;肉類;餃子"
"3687","昂舒巴黎卡士達小泡芙","Root;食材;乳品類;其它類;其它乳製品;點心甜品類;泡芙"
"3688","昂舒巴黎好時巧克力雙餡泡芙","Root;食材;其它類;堅果種子類;可可;點心甜品類;泡芙"
"3689","明太子玉子脆卷","Root;食材;海鮮類;蛋類;魚類;魚卵"
"3690","明太子龍蝦風味沙拉飯糰","Root;食材;全穀雜糧類;其它類;海鮮類;沙拉;甲殼類;米飯類;魚類;蝦;飯糰;魚卵"
"3691","明太子鮭魚炙燒烤飯糰","Root;食材;全穀雜糧類;海鮮類;米飯類;魚類;飯糰;魚卵;鮭魚"
"3692","明水食堂麻油松阪豬米糕","Root;食材;全穀雜糧類;油類;肉類;米飯類;豬;麻油"
"3693","明治香草沖繩海鹽夏威夷豆可可粒","Root;食材;其它類;堅果種子類;可可;調味料;香草;鹽"
"3694","東山綜合滷味","Root;食材;其它類"
"3695","東方美人茶霜淇淋","Root;食材;其它類;飲品類;點心甜品類;冰品;茶類;霜淇淋"
"3696","東香台菜招牌蝦捲","Root;食材;海鮮類;甲殼類;蝦"
"3697","東香魷魚螺肉蒜","Root;食材;海鮮類;蔬菜類;蒜;貝類;頭足類;魷魚"
"3698","松珍素沙嗲醬爆蝦","Root;食材;海鮮類;甲殼類;蝦"
"3699","松珍素花枝丸","Root;食材;海鮮類;頭足類"
"3700","松珍素鮮嫩炸雞塊","Root;食材;肉類;雞"
"3701","松稜糖燻雞翅","Root;食材;肉類;雞"
"3702","松露風味腰果","Root;食材;堅果種子類;蔬菜類;菌菇"
"3703","松露風味蔬菜烘蛋捲餅","Root;食材;全穀雜糧類;蔬菜類;蛋類;菌菇;麵餅"
"3704","松露菇菇燉飯","Root;食材;全穀雜糧類;蔬菜類;米飯類;菌菇"
"3705","松露嫩雞風味濃湯","Root;食材;其它類;肉類;蔬菜類;菌菇;複合食品;雞;湯品"
"3706","板巧克力夾心土司","Root;食材;全穀雜糧類;堅果種子類;可可;麵包;吐司"
"3707","林明燦總舖師辦桌宴","Root;食材;其它類"
"3708","林聰明沙鍋菜","Root;食材;其它類;複合食品;火鍋"
"3709","林聰明香魚片","Root;食材;海鮮類;魚類"
"3710","林聰明-雞肉飯飯糰","Root;食材;全穀雜糧類;肉類;米飯類;雞;飯糰"
"3711","林聰明鰱魚頭沙鍋菜","Root;食材;其它類;海鮮類;複合食品;魚類;火鍋"
"3712","果汁牛乳酷繽沙","Root;食材;乳品類;其它類;牛奶;飲品類;點心甜品類;冰品;蔬果汁;冰沙"
"3713","果汁牛乳霜淇淋","Root;食材;乳品類;其它類;牛奶;飲品類;點心甜品類;冰品;蔬果汁;霜淇淋"
"3714","果貿吳媽-鮮蝦水餃","Root;食材;全穀雜糧類;海鮮類;甲殼類;餃子;蝦"
"3715","河小田清蒸雪花魚","Root;食材;海鮮類;魚類"
"3716","油香椒麻蒟蒻(全素)","Root;食材;其它類;油類;蔬菜類;辣椒;點心甜品類;凍類甜品;蒟蒻"
"3717","油蔥G絲飯糰","Root;食材;全穀雜糧類;油類;肉類;蔬菜類;米飯類;蔥;雞;飯糰"
"3718","油蔥雞汁飯糰(區)","Root;食材;全穀雜糧類;油類;肉類;蔬菜類;米飯類;蔥;雞;飯糰"
"3719","法式千層蛋糕","Root;食材;其它類;點心甜品類;蛋糕"
"3720","法式香草霜淇淋","Root;食材;其它類;調味料;點心甜品類;冰品;香草;霜淇淋"
"3721","法式香濃奶醬海鮮飯","Root;食材;全穀雜糧類;海鮮類;米飯類"
"3722","法式烤雞佐時蔬","Root;食材;肉類;蔬菜類;雞"
"3723","法式檸檬塔","Root;食材;其它類;水果類;柑橘;點心甜品類;檸檬"
"3724","法式蘋果風味牛奶糖","Root;食材;其它類;水果類;蘋果;點心甜品類"
"3725","法式蘋果塔","Root;食材;其它類;水果類;蘋果;點心甜品類"
"3726","泡菜燒肉三角飯糰","Root;食材;全穀雜糧類;肉類;蔬菜類;米飯類;葉菜類蔬菜;泡菜;飯糰"
"3727","波樂奶焗香蔥口味洋芋片","Root;食材;全穀雜糧類;其它類;蔬菜類;蔥;馬鈴薯;點心甜品類;零食餅乾"
"3728","炒作伙炸年糕","Root;食材;全穀雜糧類"
"3729","炒蕎麥麵附角色貼紙( 隨機)","Root;食材;全穀雜糧類;麥;麵"
"3730","炙烤燻腸飯糰","Root;食材;全穀雜糧類;肉類;加工肉品;米飯類;飯糰"
"3731","炙烤鹽蔥燒肉飯糰","Root;食材;全穀雜糧類;其它類;肉類;蔬菜類;米飯類;蔥;調味料;飯糰;鹽"
"3732","炙燒明太子鮭魚飯糰","Root;食材;全穀雜糧類;海鮮類;米飯類;魚類;飯糰;魚卵;鮭魚"
"3733","牧場直送4.0 海鹽焦糖牛奶雪糕","Root;食材;乳品類;其它類;牛奶;調味料;點心甜品類;冰品;鹽;冰棒雪糕"
"3734","玫瑰風味椰棗","Root;食材;水果類;其他水果"
"3735","玫瑰起司霜淇淋","Root;食材;乳品類;其它類;起司;點心甜品類;冰品;霜淇淋"
"3736","玫瑰鹽濃焦糖霜淇淋","Root;食材;其它類;調味料;點心甜品類;冰品;鹽;霜淇淋"
"3737","芝士乳酪火腿貝果","Root;食材;乳品類;全穀雜糧類;肉類;加工肉品;起司;麵包;火腿"
"3738","芝士葡萄酷繽沙","Root;食材;乳品類;其它類;水果類;葡萄;起司;點心甜品類;冰品;冰沙"
"3739","芝麻香鬆蛋三明治","Root;食材;全穀雜糧類;堅果種子類;蛋類;芝麻;麵包;三明治"
"3740","芝麻香鬆飯糰","Root;食材;全穀雜糧類;堅果種子類;米飯類;芝麻;飯糰"
"3741","芝麻葉海鮮佐義式油醋沙拉","Root;食材;其它類;堅果種子類;油類;海鮮類;蔬菜類;沙拉;芝麻;葉菜類蔬菜;調味料;醋"
"3742","芬達橘子汽水","Root;食材;其它類;水果類;柑橘;飲品類;汽水"
"3743","芭樂檸檬綠","Root;食材;其它類;水果類;柑橘;芭樂;飲品類;檸檬;茶類;綠茶抹茶"
"3744","花生夾心土司","Root;食材;全穀雜糧類;堅果種子類;花生;麵包;吐司"
"3745","花生炸彈奶酥麵包","Root;食材;全穀雜糧類;其它類;堅果種子類;奶油;花生;麵包"
"3746","花生熔岩辣雞腿堡","Root;食材;全穀雜糧類;堅果種子類;肉類;蔬菜類;花生;辣椒;雞;麵包;堡"
"3747","花生霜淇淋","Root;食材;其它類;堅果種子類;花生;點心甜品類;冰品;霜淇淋"
"3748","花東名廚阿翔師圓滿獅子翠玉腩","Root;食材;肉類;蔬菜類;加工肉品;葉菜類蔬菜"
"3749","花枝大阪燒","Root;食材;海鮮類;頭足類"
"3750","花蓮藍車炸彈蔥油餅","Root;食材;全穀雜糧類;蔬菜類;蛋類;蔥;麵餅"
"3751","花雕風味溫泉蛋","Root;食材;其它類;蛋類;飲品類;酒"
"3752","花雕麻油雞湯麵","Root;食材;全穀雜糧類;其它類;油類;肉類;複合食品;雞;飲品類;麵;麻油;湯品;酒"
"3753","虎皮蛋糕","Root;食材;其它類;點心甜品類;蛋糕"
"3754","虱目魚丸","Root;食材;海鮮類;魚類;虱目魚"
"3755","金1紫薯霜淇淋","Root;食材;全穀雜糧類;其它類;地瓜;點心甜品類;冰品;霜淇淋"
"3756","金山藷童瑤地瓜片-微甜","Root;食材;全穀雜糧類;地瓜"
"3757","金必士動物造型汽水糖","Root;食材;其它類;飲品類;點心甜品類;汽水"
"3758","金必士動物造型優格風味汽水糖","Root;食材;乳品類;其它類;牛奶;飲品類;點心甜品類;汽水;發酵乳;優酪優格"
"3759","金目鱸魚涮魚片","Root;食材;海鮮類;魚類"
"3760","金色三麥-椒麻香雞排","Root;食材;肉類;蔬菜類;辣椒;雞"
"3761","金色三麥-酥皮濃湯麵包","Root;食材;全穀雜糧類;其它類;複合食品;麵包;湯品"
"3762","金色三麥辣雞翅","Root;食材;肉類;蔬菜類;辣椒;雞"
"3763","金沙豆腐","Root;食材;蛋類;豆類;豆腐"
"3764","金沙烤豆腐義大利麵","Root;食材;全穀雜糧類;蛋類;豆類;豆腐;麵;義大利麵"
"3765","金門高粱酒香凍檸美式","Root;食材;其它類;水果類;柑橘;飲品類;咖啡;檸檬;酒;高粱;黑咖啡"
"3766","金烏龍茶王","Root;食材;其它類;飲品類;茶類;烏龍青茶"
"3767","金烏龍茶布奇諾","Root;食材;其它類;飲品類;咖啡;茶類;烏龍青茶"
"3768","金烏龍茶拿鐵","Root;食材;其它類;飲品類;咖啡;茶類;拿鐵;烏龍青茶"
"3769","金黃炸魚爪哇咖哩飯","Root;食材;全穀雜糧類;其它類;海鮮類;米飯類;調味料;魚類;咖哩"
"3770","金黃起司火腿蛋三明治","Root;食材;乳品類;全穀雜糧類;肉類;蛋類;加工肉品;起司;麵包;三明治;火腿"
"3771","長野稻荷壽司","Root;食材;全穀雜糧類;米飯類"
"3772","阜杭豆漿-經典飯糰","Root;食材;全穀雜糧類;豆類;米飯類;豆漿豆奶;飯糰"
"3773","阿里山高冷烏龍","Root;食材;其它類;飲品類;茶類;烏龍青茶"
"3774","阿奇儂乳酸脆樂冰","Root;食材;其它類;點心甜品類;冰品"
"3775","阿奇儂青梅脆樂冰","Root;食材;其它類;水果類;梅子;點心甜品類;冰品"
"3776","阿奇濃X法朋茶韻甜品冰淇淋雙饗組","Root;食材;其它類;點心甜品類;冰品;冰淇淋"
"3777","阿罔姨土地公造型麻糬","Root;食材;其它類;點心甜品類"
"3778","阿星嬤古早味虱目魚肚","Root;食材;海鮮類;魚類;虱目魚"
"3779","阿秋師三杯海陸總匯","Root;食材;海鮮類;肉類"
"3780","阿秋師麻油雞","Root;食材;油類;肉類;雞;麻油"
"3781","阿桐阿寶四神湯","Root;食材;其它類;複合食品;湯品"
"3782","阿基師御膳皇品佛跳牆","Root;食材;其它類"
"3783","阿基師豬棒腿","Root;食材;肉類;豬"
"3784","阿發師極品佛跳牆","Root;食材;其它類"
"3785","阿發師薑母鴨","Root;食材;肉類;蔬菜類;薑;鴨"
"3786","阿鏡師佃煮香魚","Root;食材;海鮮類;魚類"
"3787","青花椒牛奶霜淇淋","Root;食材;乳品類;其它類;蔬菜類;牛奶;辣椒;點心甜品類;冰品;霜淇淋"
"3788","青花椒巧克力霜淇淋","Root;食材;其它類;堅果種子類;蔬菜類;可可;辣椒;點心甜品類;冰品;霜淇淋"
"3789","青花椒香麻辣寬粉","Root;食材;全穀雜糧類;其它類;調味料;麵;麻辣"
"3790","青花椒麻香川香醬拌麵","Root;食材;全穀雜糧類;蔬菜類;辣椒;麵"
"3791","青花椒麻香烤雞翅","Root;食材;肉類;蔬菜類;辣椒;雞"
"3792","青花椒麻香雞排","Root;食材;肉類;蔬菜類;辣椒;雞"
"3793","青花椒麻霸王炸雞腿","Root;食材;肉類;蔬菜類;辣椒;雞"
"3794","青花驕青花椒麻辣鍋套組","Root;食材;其它類;複合食品;調味料;火鍋;麻辣"
"3795","青花驕藏椒爆漿貢丸mini包","Root;食材;肉類;蔬菜類;加工肉品;辣椒"
"3796","青梅冰茶","Root;食材;其它類;水果類;梅子;飲品類;茶類"
"3797","青麻椒雪花牛肉麵","Root;食材;全穀雜糧類;肉類;蔬菜類;牛;辣椒;麵"
"3798","青麻椒麻翅包飯","Root;食材;全穀雜糧類;肉類;蔬菜類;米飯類;辣椒;雞"
"3799","青森土岐蘋果(截切盒)","Root;食材;水果類;蘋果"
"3800","青森蘋果奶油夾心土司","Root;食材;全穀雜糧類;其它類;水果類;奶油;蘋果;麵包;吐司"
"3801","青森蘋果乳酪丹麥","Root;食材;乳品類;全穀雜糧類;水果類;蘋果;起司;麵包;丹麥可頌"
"3802","青森蘋果霜淇淋","Root;食材;其它類;水果類;蘋果;點心甜品類;冰品;霜淇淋"
"3803","青蔥燒餅","Root;食材;全穀雜糧類;蔬菜類;蔥;麵餅"
"3804","青龍炒小魚乾","Root;食材;海鮮類;魚類"
"3805","青檸烤雞握沙拉","Root;食材;其它類;水果類;肉類;柑橘;沙拉;雞;檸檬"
"3806","青醬蛤蜊義大利麵","Root;食材;全穀雜糧類;海鮮類;貝類;麵;義大利麵"
"3807","青醬蛤蠣義大利麵","Root;食材;全穀雜糧類;海鮮類;貝類;麵;義大利麵"
"3808","青醬優格雞肉握沙拉","Root;食材;乳品類;其它類;肉類;沙拉;牛奶;雞;發酵乳;優酪優格"
"3809","冒煙的喬美式即拿棒","Root;食材;其它類;點心甜品類"
"3810","冠軍蛋黃酥","Root;食材;其它類;蛋類;點心甜品類"
"3811","勁辣口味洋芋片","Root;食材;全穀雜糧類;其它類;蔬菜類;辣椒;馬鈴薯;點心甜品類;零食餅乾"
"3812","勁辣雞腿堡","Root;食材;全穀雜糧類;肉類;蔬菜類;辣椒;雞;麵包;堡"
"3813","南投履歷福柑( 常溫原果)","Root;食材;水果類;柑橘"
"3814","南洋ABC酷繽沙","Root;食材;其它類;點心甜品類;冰品;冰沙"
"3815","南部古早味辦桌宴","Root;食材;其它類"
"3816","厚切醇乳香土司","Root;食材;全穀雜糧類;麵包;吐司"
"3817","厚豆乳霜淇淋","Root;食材;其它類;豆類;豆漿豆奶;點心甜品類;冰品;霜淇淋"
"3818","厚豆腐蛋白蕈菇豬肉堡","Root;食材;全穀雜糧類;肉類;蔬菜類;豆類;菌菇;豆腐;豬;麵包;堡"
"3819","厚乳拿鐵","Root;食材;乳品類;其它類;牛奶;飲品類;咖啡;拿鐵"
"3820","厚花生奶酥吐司","Root;食材;全穀雜糧類;其它類;堅果種子類;奶油;花生;麵包;吐司"
"3821","厚蛋時蔬握沙拉","Root;食材;其它類;蔬菜類;沙拉"
"3822","厚濃靜岡抹茶拿鐵","Root;食材;其它類;飲品類;咖啡;茶類;拿鐵;綠茶抹茶"
"3823","厚燒玉子","Root;食材;蛋類"
"3824","哇沙米魚卵沙拉飯糰","Root;食材;全穀雜糧類;其它類;海鮮類;沙拉;米飯類;魚類;飯糰;魚卵"
"3825","哈尼午茉綠霜淇淋","Root;食材;其它類;飲品類;點心甜品類;冰品;茶類;霜淇淋"
"3826","哈根達斯 日式卡士達布丁冰淇淋迷你杯","Root;食材;乳品類;其它類;其它乳製品;點心甜品類;冰品;凍類甜品;冰淇淋;布丁"
"3827","哈根達斯 珈琲物語冰淇淋迷你杯","Root;食材;其它類;飲品類;點心甜品類;冰品;咖啡;冰淇淋"
"3828","哈根達斯 濃厚牛乳冰淇淋迷你杯","Root;食材;乳品類;其它類;牛奶;點心甜品類;冰品;冰淇淋"
"3829","哈密瓜風味雪糕","Root;食材;其它類;水果類;其他水果;點心甜品類;冰品;冰棒雪糕"
"3830","哈瑞寶怪獸積木Q軟糖","Root;食材;其它類;點心甜品類"
"3831","哈瑞寶酸甜童趣Q軟糖","Root;食材;其它類;點心甜品類"
"3832","哈蜜瓜風味菠蘿麵包","Root;食材;全穀雜糧類;水果類;其他水果;麵包"
"3833","哞熹哞熹黑糖QQ芋香甜湯","Root;食材;全穀雜糧類;其它類;芋頭;複合食品;點心甜品類;湯品;黑糖"
"3834","威金森綜合果汁碳酸水","Root;食材;其它類;飲品類;汽水;蔬果汁"
"3835","威金森薑汁蘋果風味碳酸水","Root;食材;其它類;水果類;蔬菜類;薑;蘋果;飲品類;汽水;蔬果汁"
"3836","威金森檸檬風味碳酸水","Root;食材;其它類;水果類;柑橘;飲品類;檸檬;汽水"
"3837","拾壹號花生仙草酷繽沙","Root;食材;其它類;堅果種子類;中藥材;花生;點心甜品類;仙草;冰品;冰沙"
"3838","星宇航空美式爆汁熱狗堡(微辣)","Root;食材;全穀雜糧類;肉類;蔬菜類;加工肉品;辣椒;麵包;堡"
"3839","星宇航空黑糖麻糬千層塔","Root;食材;其它類;點心甜品類;黑糖"
"3840","星宇航空-雙醬雞排咖哩飯","Root;食材;全穀雜糧類;其它類;肉類;米飯類;調味料;雞;咖哩"
"3841","星宇-起飛吧奶油餐包","Root;食材;全穀雜糧類;其它類;奶油;麵包"
"3842","星宇握便當-明太子火腿厚蛋","Root;食材;其它類;海鮮類;肉類;蛋類;加工肉品;複合食品;魚類;便當;火腿;魚卵"
"3843","星宇新極上-胡同炭火厚切牛小排","Root;食材;肉類;牛"
"3844","星胡同X胡董番茄牛肉麵","Root;食材;全穀雜糧類;水果類;肉類;牛;番茄;麵"
"3845","星胡同美式肋排","Root;食材;肉類;豬"
"3846","星級饗宴x晶華法式牛肉丸焗烤飯","Root;食材;乳品類;全穀雜糧類;肉類;牛;米飯類;起司"
"3847","星級饗宴X晶華-碧玉鮮蝦餃","Root;食材;全穀雜糧類;海鮮類;甲殼類;餃子;蝦"
"3848","春上方塊戚風杯(蜂蜜檸檬風味)","Root;食材;其它類;水果類;柑橘;點心甜品類;檸檬;蜂蜜"
"3849","春上布丁蛋糕法式千層派","Root;食材;其它類;點心甜品類;凍類甜品;蛋糕;布丁"
"3850","春日抹茶霜淇淋","Root;食材;其它類;飲品類;點心甜品類;冰品;茶類;綠茶抹茶;霜淇淋"
"3851","春水良品功夫湯圓","Root;食材;全穀雜糧類"
"3852","春水良品白桃芒芒鮮果茶","Root;食材;其它類;水果類;水蜜桃;芒果;飲品類;茶類"
"3853","春水良品奇異果孅鮮果茶","Root;食材;其它類;水果類;其他水果;飲品類;茶類"
"3854","春水良品青梅冰茶吸凍飲","Root;食材;其它類;水果類;梅子;飲品類;點心甜品類;凍類甜品;茶類"
"3855","春暉暖心套餐","Root;食材;其它類"
"3856","是芭樂系霜淇淋","Root;食材;其它類;水果類;芭樂;點心甜品類;冰品;霜淇淋"
"3857","柑橘汽水酷繽沙","Root;食材;其它類;水果類;柑橘;飲品類;點心甜品類;冰品;汽水;冰沙"
"3858","柑橘哆哆酷繽沙","Root;食材;其它類;水果類;柑橘;點心甜品類;冰品;冰沙"
"3859","柚子金萱茶酷繽沙","Root;食材;其它類;水果類;柑橘;飲品類;點心甜品類;冰品;柚子;茶類;冰沙"
"3860","柚香豆皮冷烏龍麵","Root;食材;全穀雜糧類;水果類;豆類;柑橘;麵;柚子"
"3861","柚醋貝比生菜沙拉(區)","Root;食材;其它類;水果類;蔬菜類;柑橘;沙拉;葉菜類蔬菜;調味料;柚子;醋"
"3862","柳橙香柚綠茶","Root;食材;其它類;水果類;柑橘;飲品類;柚子;柳橙;茶類;綠茶抹茶"
"3863","段純貞手工水餃","Root;食材;全穀雜糧類;餃子"
"3864","洪廚外燴台灣味滷煮鹹水鴨","Root;食材;肉類;鴨"
"3865","活力亞補芝麻素牛樟飲","Root;食材;其它類;堅果種子類;芝麻;飲品類"
"3866","活力嫩雞沙拉","Root;食材;其它類;肉類;沙拉;雞"
"3867","炭火燒肉炒麵","Root;食材;全穀雜糧類;肉類;麵"
"3868","炭火燒肉飯糰","Root;食材;全穀雜糧類;肉類;米飯類;飯糰"
"3869","炭焙烏龍霜淇淋","Root;食材;其它類;飲品類;點心甜品類;冰品;茶類;烏龍青茶;霜淇淋"
"3870","炭燒咖啡霜淇淋","Root;食材;其它類;飲品類;點心甜品類;冰品;咖啡;霜淇淋"
"3871","炸彈菠蘿葡萄奶酥","Root;食材;全穀雜糧類;其它類;水果類;奶油;葡萄;麵包"
"3872","炸醬起司火腿三明治","Root;食材;乳品類;全穀雜糧類;肉類;加工肉品;起司;麵包;三明治;火腿"
"3873","珍珠奶茶","Root;食材;全穀雜糧類;其它類;珍珠粉粿;飲品類;茶類;奶茶"
"3874","珍珠金烏龍茶王","Root;食材;全穀雜糧類;其它類;珍珠粉粿;飲品類;茶類;烏龍青茶"
"3875","珍珠格雷紅茶拿鐵","Root;食材;全穀雜糧類;其它類;珍珠粉粿;飲品類;咖啡;茶類;拿鐵;紅茶"
"3876","珍珠焙火烏龍奶茶","Root;食材;全穀雜糧類;其它類;珍珠粉粿;飲品類;茶類;奶茶;烏龍青茶"
"3877","皇家伯爵紅茶拿鐵","Root;食材;其它類;飲品類;咖啡;茶類;拿鐵;紅茶"
"3878","紅心芭樂牛奶","Root;食材;乳品類;水果類;牛奶;芭樂"
"3879","紅豆牛奶霜淇淋","Root;食材;乳品類;全穀雜糧類;其它類;牛奶;紅豆綠豆;點心甜品類;冰品;霜淇淋"
"3880","紅豆食府_紅燒獅子頭","Root;食材;肉類;加工肉品"
"3881","紅豆霜淇淋","Root;食材;全穀雜糧類;其它類;紅豆綠豆;點心甜品類;冰品;霜淇淋"
"3882","紅茶牛奶焦糖奶蓋雪糕","Root;食材;乳品類;其它類;牛奶;飲品類;點心甜品類;冰品;茶類;冰棒雪糕;紅茶"
"3883","紅茶花伝皇家奶茶","Root;食材;其它類;飲品類;茶類;奶茶"
"3884","紅茶花傳皇家紅茶","Root;食材;其它類;飲品類;茶類;紅茶"
"3885","紅酒潘妮朵尼蛋糕","Root;食材;其它類;飲品類;點心甜品類;蛋糕;酒"
"3886","紅燒牛肉燴飯","Root;食材;全穀雜糧類;肉類;牛;米飯類;燴飯"
"3887","紅燒牛肉爐","Root;食材;其它類;肉類;牛;複合食品;火鍋"
"3888","紅燒羊肉爐","Root;食材;其它類;肉類;羊;複合食品;火鍋"
"3889","紅鮭蛋炒飯","Root;食材;全穀雜糧類;海鮮類;蛋類;米飯類;魚類;炒飯;鮭魚"
"3890","紅麴麻油豚飯糰","Root;食材;全穀雜糧類;油類;肉類;米飯類;豬;麻油;飯糰"
"3891","紅寶石葡萄柚冰磚精品美式","Root;食材;其它類;水果類;柑橘;飲品類;咖啡;柚子;黑咖啡"
"3892","美式BBQ烤雞腿","Root;食材;肉類;雞"
"3893","美式咖啡","Root;食材;其它類;飲品類;咖啡;黑咖啡"
"3894","美式肯瓊烤雞翅","Root;食材;肉類;雞"
"3895","美式香辣素雞米花","Root;食材;肉類;蔬菜類;辣椒;雞"
"3896","美式原味熱狗","Root;食材;肉類;加工肉品"
"3897","美式雞丁餐盒","Root;食材;肉類;雞"
"3898","美威湖鹽鮭魚棒","Root;食材;其它類;海鮮類;調味料;魚類;鮭魚;鹽"
"3899","美國紅寶石無籽葡萄袋","Root;食材;水果類;葡萄"
"3900","美國綠肉洋香瓜切片","Root;食材;水果類;其他水果"
"3901","胡同秘製五花燒肉","Root;食材;肉類"
"3902","胡麻鮮蔬雞絲飯糰(區)","Root;食材;全穀雜糧類;肉類;蔬菜類;米飯類;雞;飯糰"
"3903","胡椒蘑菇味魚板","Root;食材;其它類;海鮮類;蔬菜類;菌菇;調味料;魚類;胡椒"
"3904","英式奶茶霜淇淋","Root;食材;其它類;飲品類;點心甜品類;冰品;茶類;奶茶;霜淇淋"
"3905","英曙格雷紅茶","Root;食材;其它類;飲品類;茶類;紅茶"
"3906","英曙格雷茶拿鐵","Root;食材;其它類;飲品類;咖啡;拿鐵"
"3907","重乳草莓霜淇淋","Root;食材;乳品類;其它類;水果類;牛奶;莓果;點心甜品類;冰品;草莓;霜淇淋"
"3908","飛燕煉乳炸銀絲卷","Root;食材;乳品類;全穀雜糧類;其它乳製品;包子饅頭"
"3909","香芋牛奶霜淇淋","Root;食材;乳品類;全穀雜糧類;其它類;牛奶;芋頭;點心甜品類;冰品;霜淇淋"
"3910","香拌海鮮醬肉絲蛋炒飯","Root;食材;全穀雜糧類;海鮮類;肉類;蛋類;米飯類;炒飯"
"3911","香拌海鮮醬蝦仁炒麵","Root;食材;全穀雜糧類;海鮮類;甲殼類;麵;蝦"
"3912","香帥芋泥金沙大福","Root;食材;全穀雜糧類;其它類;蛋類;芋頭;點心甜品類"
"3913","香帥芋泥麻糬泡芙","Root;食材;全穀雜糧類;其它類;芋頭;點心甜品類;泡芙"
"3914","香帥芋頭肉鬆嫩蛋捲餅","Root;食材;全穀雜糧類;肉類;蛋類;加工肉品;芋頭;麵餅;肉鬆"
"3915","香帥-芋頭肉鬆麵包","Root;食材;全穀雜糧類;肉類;加工肉品;芋頭;麵包;肉鬆"
"3916","香炸魚排培根白醬焗飯","Root;食材;乳品類;全穀雜糧類;海鮮類;肉類;加工肉品;米飯類;起司;魚類;培根"
"3917","香炸豬排歐姆蛋咖哩飯","Root;食材;全穀雜糧類;其它類;肉類;蛋類;米飯類;調味料;豬;咖哩"
"3918","香香菜菜霜淇淋","Root;食材;其它類;蔬菜類;葉菜類蔬菜;點心甜品類;冰品;霜淇淋"
"3919","香烤骨腿","Root;食材;肉類"
"3920","香烤腿排奶油義大利麵","Root;食材;全穀雜糧類;其它類;肉類;奶油;麵;義大利麵"
"3921","香烤腿排早午餐","Root;食材;肉類"
"3922","香烤腿排沙拉","Root;食材;其它類;肉類;沙拉"
"3923","香烤鮭魚排早午餐","Root;食材;海鮮類;魚類;鮭魚"
"3924","香烤鮭魚排沙拉","Root;食材;其它類;海鮮類;沙拉;魚類;鮭魚"
"3925","香烤雞腿條","Root;食材;肉類;雞"
"3926","香草卡士達生甜甜圈","Root;食材;乳品類;其它類;其它乳製品;調味料;點心甜品類;香草"
"3927","香草卡士達泡芙","Root;食材;乳品類;其它類;其它乳製品;調味料;點心甜品類;泡芙;香草"
"3928","香草奶蓋","Root;食材;乳品類;其它類;牛奶;調味料;香草"
"3929","香草烤雞口味( 洋芋捲)","Root;食材;全穀雜糧類;其它類;肉類;調味料;雞;馬鈴薯;香草"
"3930","香草酷奶昔","Root;食材;乳品類;其它類;其它乳製品;調味料;香草"
"3931","香甜玉米","Root;食材;全穀雜糧類;玉米"
"3932","香菇雞燉湯","Root;食材;其它類;肉類;蔬菜類;菌菇;複合食品;雞;湯品"
"3933","香酥芋泥鴨","Root;食材;全穀雜糧類;肉類;芋頭;鴨"
"3934","香腸炒飯","Root;食材;全穀雜糧類;肉類;加工肉品;米飯類;炒飯"
"3935","香腸腿排雙拼便當","Root;食材;其它類;肉類;加工肉品;複合食品;便當"
"3936","香滷翅小腿","Root;食材;肉類;雞"
"3937","香蒜奶油雙拼義大利麵","Root;食材;全穀雜糧類;其它類;蔬菜類;奶油;蒜;麵;義大利麵"
"3938","香蒜白酒蛤蠣義大利麵","Root;食材;全穀雜糧類;其它類;海鮮類;蔬菜類;蒜;貝類;飲品類;麵;義大利麵;酒"
"3939","香蒜金磚2.0","Root;食材;全穀雜糧類;蔬菜類;蒜;麵包"
"3940","香蒜烤雞鮮蔬餐盒","Root;食材;肉類;蔬菜類;蒜;雞"
"3941","香蒜排骨酥","Root;食材;肉類;蔬菜類;蒜;豬;排骨"
"3942","香辣堅果蛋炒飯","Root;食材;全穀雜糧類;堅果種子類;蔬菜類;蛋類;米飯類;辣椒;炒飯"
"3943","香辣醬冰糖滷味","Root;食材;其它類;蔬菜類;辣椒"
"3944","香辣醬香腸蛋炒飯","Root;食材;全穀雜糧類;肉類;蔬菜類;蛋類;加工肉品;米飯類;辣椒;炒飯"
"3945","香辣醬粉絲煲","Root;食材;全穀雜糧類;蔬菜類;辣椒;麵"
"3946","香辣醬雞肉炒麵","Root;食材;全穀雜糧類;肉類;蔬菜類;辣椒;雞;麵"
"3947","香辣鹹水雞(區)","Root;食材;肉類;蔬菜類;辣椒;雞"
"3948","香辣霸王雞球","Root;食材;肉類;蔬菜類;辣椒;雞"
"3949","香濃起司里肌","Root;食材;乳品類;肉類;起司"
"3950","香濃起司馬鈴薯","Root;食材;乳品類;全穀雜糧類;起司;馬鈴薯"
"3951","香濃起司嫩雞","Root;食材;乳品類;肉類;起司;雞"
"3952","香蕉火龍果牛奶","Root;食材;乳品類;水果類;其他水果;牛奶;香蕉"
"3953","香蕉牛奶布朗尼酷繽沙","Root;食材;乳品類;其它類;水果類;牛奶;香蕉;點心甜品類;冰品;冰沙"
"3954","香蕉牛奶酷繽沙","Root;食材;乳品類;其它類;水果類;牛奶;香蕉;點心甜品類;冰品;冰沙"
"3955","香蕉巧克力酷繽沙","Root;食材;其它類;堅果種子類;水果類;可可;香蕉;點心甜品類;冰品;冰沙"
"3956","香蕉風味咖啡拿鐵","Root;食材;其它類;水果類;飲品類;香蕉;咖啡;拿鐵"
"3957","香蕉霜淇淋","Root;食材;其它類;水果類;香蕉;點心甜品類;冰品;霜淇淋"
"3958","香檳葡萄霜淇淋","Root;食材;其它類;水果類;葡萄;點心甜品類;冰品;霜淇淋"
"3959","香雞城小肉豆","Root;食材;肉類;加工肉品"
"3960","香鬆起司蛋三明治","Root;食材;乳品類;全穀雜糧類;蛋類;起司;麵包;三明治"
"3961","香鑽水果茶","Root;食材;其它類;水果類;飲品類;茶類"
"3962","凍乾台灣愛文芒果","Root;食材;水果類;芒果"
"3963","剝皮小蜜柑盒","Root;食材;水果類;柑橘"
"3964","剝皮麻豆文旦盒","Root;食材;水果類;柑橘;柚子"
"3965","剝皮辣椒冬瓜雞湯","Root;食材;其它類;肉類;蔬菜類;瓜果類蔬菜;複合食品;辣椒;雞;冬瓜;湯品"
"3966","剝皮辣椒嫩蒸肉餅","Root;食材;全穀雜糧類;肉類;蔬菜類;辣椒;麵餅"
"3967","剝皮辣椒鮮肉包","Root;食材;全穀雜糧類;肉類;蔬菜類;包子饅頭;辣椒"
"3968","剝皮辣椒雞奶油細扁麵","Root;食材;全穀雜糧類;其它類;肉類;蔬菜類;奶油;辣椒;雞;麵"
"3969","剝皮辣椒雞肉燥","Root;食材;肉類;蔬菜類;辣椒;雞"
"3970","剝皮辣椒雞湯","Root;食材;其它類;肉類;蔬菜類;複合食品;辣椒;雞;湯品"
"3971","原之果實小蜜柑鮮果凍","Root;食材;其它類;水果類;柑橘;點心甜品類;凍類甜品;果凍"
"3972","原味黑珍珠","Root;食材;全穀雜糧類;珍珠粉粿"
"3973","原味雞蛋香鐵蛋","Root;食材;蛋類"
"3974","原味覺土司","Root;食材;全穀雜糧類;麵包;吐司"
"3975","原萃台灣青茶","Root;食材;其它類;飲品類;茶類;烏龍青茶"
"3976","唐寧伯爵醇奶茶","Root;食材;其它類;飲品類;茶類;奶茶"
"3977","唐寧經典伯爵茶","Root;食材;其它類;飲品類;茶類"
"3978","夏日西瓜冰美式(季節限定)","Root;食材;其它類;水果類;其他水果;飲品類;咖啡;黑咖啡"
"3979","夏日西瓜酷繽沙","Root;食材;其它類;水果類;其他水果;點心甜品類;冰品;冰沙"
"3980","夏日芒芒芒果風味霜淇淋","Root;食材;其它類;水果類;芒果;點心甜品類;冰品;霜淇淋"
"3981","夏芒粉角青茶","Root;食材;其它類;水果類;芒果;飲品類;點心甜品類;茶類;烏龍青茶"
"3982","恩美萊手撕起司棒","Root;食材;乳品類;起司"
"3983","扇雀飴肉球造型軟糖葡萄口味","Root;食材;其它類;水果類;葡萄;點心甜品類"
"3984","拿坡里蕃茄纖脆片刻","Root;食材;其它類;水果類;番茄;點心甜品類;零食餅乾"
"3985","拿破崙先生生乳鹿鹿捲","Root;食材;乳品類;其它類;其它乳製品;點心甜品類"
"3986","拿破崙先生芋見生乳可頌","Root;食材;乳品類;全穀雜糧類;其它乳製品;芋頭;麵包;丹麥可頌"
"3987","拿脆滋輕焙穀物雞肉麵沙拉","Root;食材;全穀雜糧類;其它類;肉類;沙拉;雞;麵"
"3988","拿鐵咖啡","Root;食材;其它類;飲品類;咖啡;拿鐵"
"3989","格力高巨人可可棒","Root;食材;堅果種子類;可可"
"3990","桂花小麥啤酒霜淇淋","Root;食材;全穀雜糧類;其它類;飲品類;麥;點心甜品類;冰品;酒;霜淇淋"
"3991","桂冠小沙拉","Root;食材;其它類;沙拉"
"3992","桂冠全素沙拉","Root;食材;其它類;沙拉"
"3993","桂冠素三杯炒飯","Root;食材;全穀雜糧類;米飯類;炒飯"
"3994","桂冠素青醬野菇義大利麵","Root;食材;全穀雜糧類;蔬菜類;菌菇;麵;義大利麵"
"3995","桂冠黃金魚蛋","Root;食材;海鮮類;魚類"
"3996","桃粿仙女紅茶","Root;食材;其它類;飲品類;茶類;紅茶"
"3997","桔子花青茶","Root;食材;其它類;水果類;其他水果;飲品類;茶類;烏龍青茶"
"3998","氣冷雞-花雕醉雞腿","Root;食材;其它類;肉類;雞;飲品類;酒"
"3999","氣冷雞-剝皮辣椒腿","Root;食材;肉類;蔬菜類;辣椒;雞"
"4000","氣冷雞-嘉義雞肉三角飯糰","Root;食材;全穀雜糧類;肉類;米飯類;雞;飯糰"
"4001","氣冷雞-蔥油雞腿","Root;食材;肉類;蔬菜類;蔥;雞"
"4002","泰式打拋豬肉飯","Root;食材;全穀雜糧類;肉類;米飯類;豬"
"4003","泰式酥炸軟殼蟹玉米片","Root;食材;全穀雜糧類;海鮮類;玉米;甲殼類;蟹"
"4004","泰式椰奶拿鐵","Root;食材;其它類;椰子;飲品類;咖啡;拿鐵"
"4005","泰式椰汁綠咖哩雞肉飯(辣)","Root;食材;全穀雜糧類;其它類;肉類;蔬菜類;椰子;米飯類;調味料;辣椒;雞;飲品類;咖哩;蔬果汁"
"4006","泰式綠咖哩雞","Root;食材;其它類;肉類;調味料;雞;咖哩"
"4007","泰式酸辣鮮蝦冷麵","Root;食材;全穀雜糧類;海鮮類;蔬菜類;甲殼類;辣椒;麵;蝦"
"4008","泰式檸檬蝦洋芋片","Root;食材;全穀雜糧類;其它類;水果類;海鮮類;柑橘;甲殼類;馬鈴薯;點心甜品類;檸檬;蝦;零食餅乾"
"4009","泰泰厚奶霜淇淋","Root;食材;乳品類;其它類;牛奶;點心甜品類;冰品;霜淇淋"
"4010","泰國[Atori]香脆卡啦薯條-日式海苔","Root;食材;全穀雜糧類;其它類;蔬菜類;海苔;馬鈴薯;點心甜品類;零食餅乾"
"4011","泰國[Atori]香脆卡啦薯條-原味","Root;食材;全穀雜糧類;其它類;馬鈴薯;點心甜品類;零食餅乾"
"4012","泰國[Atori]香脆卡啦薯條-韓式燒烤","Root;食材;全穀雜糧類;其它類;馬鈴薯;點心甜品類;零食餅乾"
"4013","泰濃郁!奶茶風味霜淇淋","Root;食材;其它類;飲品類;點心甜品類;冰品;茶類;奶茶;霜淇淋"
"4014","海味本丸錦繡雙珠佐玉羹","Root;食材;其它類;海鮮類;複合食品;羹"
"4015","海味本丸鮮蝦韭菜水晶煎餅","Root;食材;全穀雜糧類;海鮮類;蔬菜類;甲殼類;葉菜類蔬菜;麵餅;蝦"
"4016","海底撈豬肚雞火鍋套餐","Root;食材;其它類;肉類;內臟及血製品;複合食品;豬;雞;火鍋"
"4017","海底撈鴛鴦鍋套餐","Root;食材;其它類;複合食品;火鍋"
"4018","海苔豆腐味噌湯","Root;食材;其它類;蔬菜類;豆類;海苔;複合食品;調味料;豆腐;湯品"
"4019","海苔魚板棒","Root;食材;海鮮類;蔬菜類;海苔;魚類"
"4020","海苔雞排捲便當","Root;食材;其它類;肉類;蔬菜類;海苔;複合食品;雞;便當"
"4021","海帶脆筍肉","Root;食材;肉類;蔬菜類;筍子"
"4022","海陸雙手捲","Root;食材;全穀雜糧類;海鮮類;肉類;米飯類"
"4023","海陸雙拼肉肉餐盒","Root;食材;海鮮類;肉類"
"4024","海陸雙鮮燒賣","Root;食材;全穀雜糧類;海鮮類;肉類;餃子"
"4025","海龍珠脆皮肥腸","Root;食材;肉類;內臟及血製品"
"4026","海鮮大醬新極大飯糰","Root;食材;全穀雜糧類;海鮮類;米飯類;飯糰"
"4027","海鮮豆腐煲","Root;食材;海鮮類;豆類;豆腐"
"4028","海鮮披薩","Root;食材;全穀雜糧類;海鮮類;麵餅"
"4029","海鮮魚板","Root;食材;海鮮類;魚類"
"4030","海鮮鼎棒","Root;食材;海鮮類"
"4031","海鴻-萬巒豬腳","Root;食材;肉類;豬"
"4032","海藻野菜沙拉","Root;食材;其它類;蔬菜類;沙拉"
"4033","海霸王天馬賜福年菜套組","Root;食材;其它類;蔬菜類"
"4034","海鹽牛奶霜淇淋","Root;食材;乳品類;其它類;牛奶;調味料;點心甜品類;冰品;鹽;霜淇淋"
"4035","海鹽蜂蜜牛奶霜淇淋","Root;食材;乳品類;其它類;牛奶;調味料;點心甜品類;冰品;蜂蜜;鹽;霜淇淋"
"4036","海鹽檸檬霜淇淋","Root;食材;其它類;水果類;柑橘;調味料;點心甜品類;冰品;檸檬;鹽;霜淇淋"
"4037","烏梅蕃茄綠酷繽沙","Root;食材;其它類;水果類;梅子;番茄;點心甜品類;冰品;冰沙"
"4038","烏嬤嬤黑木耳露","Root;食材;蔬菜類;菌菇;木耳"
"4039","烘烤榛果風味拿鐵","Root;食材;其它類;堅果種子類;榛果;飲品類;咖啡;拿鐵"
"4040","烤雞燻腸白醬焗飯","Root;食材;乳品類;全穀雜糧類;肉類;加工肉品;米飯類;起司;雞"
"4041","烤雞纖穀時蔬沙拉餐","Root;食材;全穀雜糧類;其它類;肉類;蔬菜類;沙拉;雞"
"4042","特濃美式","Root;食材;其它類;飲品類;咖啡;黑咖啡"
"4043","特濃拿鐵","Root;食材;其它類;飲品類;咖啡;拿鐵"
"4044","特選美式咖啡","Root;食材;其它類;飲品類;咖啡;黑咖啡"
"4045","特選拿鐵","Root;食材;其它類;飲品類;咖啡;拿鐵"
"4046","真心台菜干貝白菜滷","Root;食材;海鮮類;蔬菜類;葉菜類蔬菜;貝類;干貝;白菜"
"4047","祕魯藍莓盒","Root;食材;水果類;莓果;藍莓"
"4048","祝肌力營養牛乳","Root;食材;乳品類;牛奶"
"4049","粉紅草莓可可","Root;食材;堅果種子類;水果類;可可;莓果;草莓"
"4050","粉紅蜜桃蘋果酷繽沙","Root;食材;其它類;水果類;水蜜桃;蘋果;點心甜品類;冰品;冰沙"
"4051","紐西蘭星空蘋果切片","Root;食材;水果類;蘋果"
"4052","紐西蘭黃金奇異果切片","Root;食材;水果類;其他水果"
"4053","紐西蘭黃金奇異果單入盒","Root;食材;水果類;其他水果"
"4054","紐西蘭雙色奇異果切片","Root;食材;水果類;其他水果"
"4055","紐奧良嫩汁棒腿","Root;食材;肉類;雞"
"4056","紐澳良烤雞三角飯糰","Root;食材;全穀雜糧類;肉類;米飯類;雞;飯糰"
"4057","紐澳良辣味烤翅","Root;食材;肉類;蔬菜類;辣椒;雞"
"4058","能量仙女紅巨峰葡萄","Root;食材;水果類;葡萄"
"4059","脆片焦糖布丁霜淇淋","Root;食材;其它類;點心甜品類;冰品;凍類甜品;零食餅乾;布丁;霜淇淋"
"4060","脆皮蛋糕- 巧克力夾心餅口味","Root;食材;其它類;堅果種子類;可可;點心甜品類;蛋糕;零食餅乾"
"4061","茶王焙火烏龍","Root;食材;其它類;飲品類;茶類;烏龍青茶"
"4062","茶王焙火烏龍拿鐵","Root;食材;其它類;飲品類;咖啡;茶類;拿鐵;烏龍青茶"
"4063","茶湯會翡翠檸檬","Root;食材;其它類;水果類;柑橘;飲品類;檸檬;茶類"
"4064","茶湯會觀音拿鐵","Root;食材;其它類;飲品類;咖啡;拿鐵"
"4065","茶葉蛋白丁","Root;食材;其它類;蛋類;飲品類;茶類"
"4066","草莓牛奶酷繽沙","Root;食材;乳品類;其它類;水果類;牛奶;莓果;點心甜品類;冰品;草莓;冰沙"
"4067","草莓牛奶霜淇淋","Root;食材;乳品類;其它類;水果類;牛奶;莓果;點心甜品類;冰品;草莓;霜淇淋"
"4068","草莓可可風味棉花糖","Root;食材;其它類;堅果種子類;水果類;可可;莓果;點心甜品類;草莓"
"4069","草莓奶酪風味乳加","Root;食材;乳品類;水果類;其它乳製品;莓果;草莓"
"4070","草莓夾心土司","Root;食材;全穀雜糧類;水果類;莓果;麵包;吐司;草莓"
"4071","草莓乳酪三明治","Root;食材;乳品類;全穀雜糧類;水果類;莓果;起司;麵包;三明治;草莓"
"4072","草莓果泥麵包","Root;食材;全穀雜糧類;水果類;莓果;麵包;草莓"
"4073","草莓起士蛋糕酷繽沙","Root;食材;乳品類;其它類;水果類;莓果;起司;點心甜品類;冰品;草莓;蛋糕;冰沙"
"4074","草莓開運霜饗霜淇淋","Root;食材;其它類;水果類;莓果;點心甜品類;冰品;草莓;霜淇淋"
"4075","草莓煉乳風味牛奶糖","Root;食材;乳品類;其它類;水果類;其它乳製品;莓果;點心甜品類;草莓"
"4076","草莓酷奶昔","Root;食材;乳品類;水果類;其它乳製品;莓果;草莓"
"4077","草莓優格霜淇淋","Root;食材;乳品類;其它類;水果類;牛奶;莓果;點心甜品類;冰品;發酵乳;草莓;優酪優格;霜淇淋"
"4078","草莓霜淇淋","Root;食材;其它類;水果類;莓果;點心甜品類;冰品;草莓;霜淇淋"
"4079","草莓戀奶酷繽沙","Root;食材;乳品類;其它類;水果類;牛奶;莓果;點心甜品類;冰品;草莓;冰沙"
"4080","草蝦","Root;食材;海鮮類;甲殼類;蝦"
"4081","草蝦仁","Root;食材;海鮮類;甲殼類;蝦"
"4082","荔枝果實口感軟糖","Root;食材;其它類;水果類;荔枝;點心甜品類"
"4083","荔枝烏龍霜淇淋","Root;食材;其它類;水果類;荔枝;飲品類;點心甜品類;冰品;茶類;烏龍青茶;霜淇淋"
"4084","荔枝貴妃紅茶","Root;食材;其它類;水果類;荔枝;飲品類;茶類;紅茶"
"4085","起司四重奏熱狗堡","Root;食材;乳品類;全穀雜糧類;肉類;加工肉品;起司;麵包;堡"
"4086","起司披薩包2.0","Root;食材;乳品類;其它類;起司"
"4087","起司派對三明治","Root;食材;乳品類;全穀雜糧類;起司;麵包;三明治"
"4088","起司海鮮魚板","Root;食材;乳品類;海鮮類;起司;魚類"
"4089","起司蛋糕霜淇淋","Root;食材;乳品類;其它類;起司;點心甜品類;冰品;蛋糕;霜淇淋"
"4090","起司舒芙蕾布丁","Root;食材;乳品類;其它類;起司;點心甜品類;凍類甜品;布丁"
"4091","起司塔霜淇淋","Root;食材;乳品類;其它類;起司;點心甜品類;冰品;霜淇淋"
"4092","起司雞肉義大利麵","Root;食材;乳品類;全穀雜糧類;肉類;起司;雞;麵;義大利麵"
"4093","迷你雪蟹味魚板","Root;食材;海鮮類;甲殼類;魚類;蟹"
"4094","迷你葡萄罐(糖果)","Root;食材;其它類;水果類;葡萄;點心甜品類"
"4095","馬上有福七星宴","Root;食材;其它類"
"4096","馬修嚴選 紅心芭樂優格塔","Root;食材;乳品類;其它類;水果類;牛奶;芭樂;點心甜品類;發酵乳;優酪優格"
"4097","馬修嚴選 綜合莓優格百匯","Root;食材;乳品類;水果類;牛奶;莓果;發酵乳;優酪優格"
"4098","馬修嚴選原味鮮乳優格","Root;食材;乳品類;牛奶;發酵乳;優酪優格"
"4099","馬修嚴選藍莓鮮乳優格","Root;食材;乳品類;水果類;牛奶;莓果;發酵乳;藍莓;優酪優格"
"4100","馬辣麻辣鴨血寬粉","Root;食材;全穀雜糧類;其它類;肉類;內臟及血製品;調味料;鴨;麵;麻辣"
"4101","高麗菜豬肉熟水餃","Root;食材;全穀雜糧類;肉類;蔬菜類;葉菜類蔬菜;豬;餃子;高麗菜"
"4102","高鐵-迷你巧克力捲","Root;食材;堅果種子類;可可"
"4103","乾杯炭火燒肉包","Root;食材;全穀雜糧類;肉類;包子饅頭"
"4104","乾杯炭火燒肉握便當","Root;食材;其它類;肉類;複合食品;便當"
"4105","健身G肉餐盒","Root;食材;肉類;雞"
"4106","健康志向紅豆薏仁水","Root;食材;全穀雜糧類;其它類;紅豆綠豆;飲品類"
"4107","健康志向桂圓紅棗水","Root;食材;其它類;水果類;中藥材;飲品類;龍眼;紅棗"
"4108","健康志向黑豆決明子","Root;食材;豆類"
"4109","國宴主廚山海御珍佛跳牆","Root;食材;其它類"
"4110","培根鮮菇花椰菜","Root;食材;肉類;蔬菜類;加工肉品;菌菇;培根"
"4111","堅果蘑菇青醬義大利麵","Root;食材;全穀雜糧類;堅果種子類;蔬菜類;菌菇;麵;義大利麵"
"4112","崎本荔枝柚香果茶","Root;食材;其它類;水果類;柑橘;荔枝;飲品類;柚子;茶類"
"4113","崎本莓果乳酸飲","Root;食材;其它類;水果類;莓果;飲品類"
"4114","崎本莓果飲","Root;食材;其它類;水果類;莓果;飲品類"
"4115","崎本鹽之花焦糖奶茶","Root;食材;其它類;調味料;飲品類;茶類;鹽;奶茶"
"4116","御料小館x21Plus 美式烤雞腿","Root;食材;肉類;雞"
"4117","御料小館x世界的山將夢幻唐揚雞","Root;食材;肉類;雞"
"4118","御料小館X世界的山將夢幻雞翅","Root;食材;肉類;雞"
"4119","御料小館X貳樓德州風味BBQ烤雞翅","Root;食材;肉類;雞"
"4120","御料小館x膳馨 無骨秘製排骨酥","Root;食材;肉類;豬;排骨"
"4121","御料小館x膳馨 蜜汁醬燒雞排","Root;食材;其它類;肉類;雞;點心甜品類;蜂蜜"
"4122","御料小館火腿肉絲黃金蛋炒飯","Root;食材;全穀雜糧類;肉類;蛋類;加工肉品;米飯類;火腿;炒飯"
"4123","御料小館奶油培根義大利麵","Root;食材;全穀雜糧類;其它類;肉類;加工肉品;奶油;麵;培根;義大利麵"
"4124","御料小館沙茶豬肉蛋炒飯","Root;食材;全穀雜糧類;其它類;肉類;蛋類;米飯類;調味料;豬;沙茶;炒飯"
"4125","御料小館招牌水煎包","Root;食材;全穀雜糧類;包子饅頭"
"4126","御料小館招牌水餃","Root;食材;全穀雜糧類;餃子"
"4127","御料小館美式香辣雞丁","Root;食材;肉類;蔬菜類;辣椒;雞"
"4128","御料小館美式紐奧良風味烤雞翅","Root;食材;肉類;雞"
"4129","御料小館美式經典紐奧良烤雞翅","Root;食材;肉類;雞"
"4130","御料小館香辣炸雞球","Root;食材;肉類;蔬菜類;辣椒;雞"
"4131","御料小館原味嫩雞塊","Root;食材;肉類;雞"
"4132","御料小館泰式打拋豬炒飯","Root;食材;全穀雜糧類;肉類;米飯類;豬;炒飯"
"4133","御料小館秘製滷雞翅","Root;食材;肉類;雞"
"4134","御料小館富麗米白米飯","Root;食材;全穀雜糧類;米飯類"
"4135","御料小館椒鹽鹽酥雞","Root;食材;其它類;肉類;調味料;雞;胡椒;鹽"
"4136","御料小館紫米飯","Root;食材;全穀雜糧類;米飯類"
"4137","御料小館越光米白米飯","Root;食材;全穀雜糧類;米飯類"
"4138","御料小館辣味雞柳條","Root;食材;肉類;蔬菜類;辣椒;雞"
"4139","御料小館韓式泡菜鍋貼","Root;食材;全穀雜糧類;蔬菜類;葉菜類蔬菜;餃子;泡菜"
"4140","御料小館韓風拌拌炸雞","Root;食材;肉類;雞"
"4141","御料小館韓風洋釀炸雞","Root;食材;肉類;雞"
"4142","御料小館韓風甜辣醬炸雞","Root;食材;肉類;雞"
"4143","御料小館鮮肉鍋貼","Root;食材;全穀雜糧類;肉類;餃子"
"4144","御料小館爆炒滷雞胗","Root;食材;肉類;內臟及血製品;雞"
"4145","御選什錦海鮮燴麵","Root;食材;全穀雜糧類;海鮮類;麵"
"4146","御選肉鬆飯糰","Root;食材;全穀雜糧類;肉類;加工肉品;米飯類;肉鬆;飯糰"
"4147","情人果椰果金烏龍","Root;食材;其它類;水果類;椰子;芒果;飲品類;茶類;烏龍青茶"
"4148","情人果椰果青茶","Root;食材;其它類;水果類;椰子;芒果;飲品類;茶類;烏龍青茶"
"4149","排骨酥湯麵","Root;食材;全穀雜糧類;其它類;肉類;複合食品;豬;麵;排骨;湯品"
"4150","排骨雞起司炒麵麵包","Root;食材;乳品類;全穀雜糧類;肉類;豬;起司;雞;麵;麵包;排骨"
"4151","排骨雞醬香嫩雞胸","Root;食材;肉類;豬;雞;排骨"
"4152","曼陀珠黑醋栗薄荷口味隨享罐","Root;食材;其它類;水果類;莓果;點心甜品類"
"4153","曼哈頓風味辣熱狗","Root;食材;肉類;蔬菜類;加工肉品;辣椒"
"4154","梔子花奶青","Root;食材;乳品類;其它類;牛奶;飲品類;茶類"
"4155","梔子花青茶","Root;食材;其它類;飲品類;茶類;烏龍青茶"
"4156","梧堂無咖啡因仙草茶","Root;食材;其它類;中藥材;飲品類;仙草;茶類"
"4157","淡水[德裕]原味魚酥","Root;食材;其它類;海鮮類;魚類;點心甜品類;零食餅乾"
"4158","淡水[德裕]原味蝦酥","Root;食材;其它類;海鮮類;甲殼類;點心甜品類;蝦;零食餅乾"
"4159","淡水[德裕]辣味魚酥","Root;食材;其它類;海鮮類;蔬菜類;辣椒;魚類;點心甜品類;零食餅乾"
"4160","淡水[德裕]辣味蝦酥","Root;食材;其它類;海鮮類;蔬菜類;甲殼類;辣椒;點心甜品類;蝦;零食餅乾"
"4161","淡麗淸酒蒸蛤蜊烤飯糰","Root;食材;全穀雜糧類;其它類;海鮮類;米飯類;貝類;飲品類;酒;飯糰"
"4162","清甜蒜香味花生","Root;食材;堅果種子類;蔬菜類;花生;蒜"
"4163","焗烤奶油蝦仁通心粉","Root;食材;乳品類;全穀雜糧類;其它類;海鮮類;奶油;甲殼類;起司;麵;蝦"
"4164","焗烤明太子筆尖麵","Root;食材;乳品類;全穀雜糧類;海鮮類;起司;魚類;麵;魚卵"
"4165","焗烤起司雙饗筆尖麵","Root;食材;乳品類;全穀雜糧類;起司;麵"
"4166","焗烤蕃茄起司四方麵","Root;食材;乳品類;全穀雜糧類;水果類;番茄;起司;麵"
"4167","焗烤雙起司鮪魚三明治","Root;食材;乳品類;全穀雜糧類;海鮮類;起司;魚類;麵包;三明治;鮪魚"
"4168","現蒸地瓜","Root;食材;全穀雜糧類;地瓜"
"4169","甜豆蝦仁","Root;食材;海鮮類;豆類;甲殼類;蝦"
"4170","甜鹽蜜語牛奶霜淇淋","Root;食材;乳品類;其它類;牛奶;調味料;點心甜品類;冰品;蜂蜜;鹽;霜淇淋"
"4171","盛香珍完熟芒果鮮果凍","Root;食材;其它類;水果類;芒果;點心甜品類;凍類甜品;果凍"
"4172","盛香珍零卡寒天果凍(荔枝風味)","Root;食材;其它類;水果類;荔枝;點心甜品類;凍類甜品;果凍"
"4173","祥和蔬食五馬送喜年菜組","Root;食材;其它類;蔬菜類"
"4174","粗飽系雞排炒飯","Root;食材;全穀雜糧類;肉類;米飯類;雞;炒飯"
"4175","紹興薑母鴨冬粉","Root;食材;全穀雜糧類;肉類;蔬菜類;薑;鴨;麵"
"4176","統一木瓜牛乳霜淇淋","Root;食材;乳品類;其它類;水果類;其他水果;牛奶;點心甜品類;冰品;霜淇淋"
"4177","統一布丁冰沙","Root;食材;其它類;點心甜品類;冰品;凍類甜品;冰沙;布丁"
"4178","莊園牛奶霜淇淋","Root;食材;乳品類;其它類;牛奶;點心甜品類;冰品;霜淇淋"
"4179","莎莎烤雞麵沙拉","Root;食材;全穀雜糧類;其它類;肉類;沙拉;雞;麵"
"4180","莓好果粒冰茶","Root;食材;其它類;水果類;莓果;飲品類;茶類"
"4181","莓果紅茶","Root;食材;其它類;水果類;莓果;飲品類;茶類;紅茶"
"4182","莫宰羊紅燒羊肉爐","Root;食材;其它類;肉類;羊;複合食品;火鍋"
"4183","蛋白力量飯卷-紐奧良烤雞風味","Root;食材;全穀雜糧類;肉類;米飯類;雞"
"4184","蛋皮花生","Root;食材;堅果種子類;蛋類;花生"
"4185","蛋黃奶香麵包","Root;食材;全穀雜糧類;蛋類;麵包"
"4186","蛋塔可頌","Root;食材;全穀雜糧類;其它類;蛋類;麵包;點心甜品類;丹麥可頌"
"4187","軟Q乾酪球","Root;食材;乳品類;起司"
"4188","這一鍋馬上幸福-皇室老火年菜鍋物組","Root;食材;其它類;蔬菜類;複合食品;火鍋"
"4189","連珍芋泥雪露奶凍蛋糕","Root;食材;乳品類;全穀雜糧類;其它類;牛奶;芋頭;點心甜品類;凍類甜品;蛋糕"
"4190","野人起司牛肉捲","Root;食材;乳品類;全穀雜糧類;肉類;牛;起司;麵餅"
"4191","野菌芙蓉湯","Root;食材;其它類;蔬菜類;菌菇;複合食品;湯品"
"4192","野菜豆腐棒","Root;食材;蔬菜類;豆類;豆腐"
"4193","野燒竹輪麵包","Root;食材;全穀雜糧類;海鮮類;魚類;麵包"
"4194","陳嘉謨百燴扣珍寶","Root;食材;其它類"
"4195","陳嘉謨翡翠鴻圖海鮮羹","Root;食材;其它類;海鮮類;複合食品;羹"
"4196","雀巢檸檬茶霜淇淋","Root;食材;其它類;水果類;柑橘;飲品類;點心甜品類;冰品;檸檬;茶類;霜淇淋"
"4197","雪白魚豆腐","Root;食材;海鮮類;豆類;豆腐;魚類"
"4198","魚の甦沾醬脆片","Root;食材;其它類;海鮮類;魚類;點心甜品類;零食餅乾"
"4199","魚卵龍蝦風味沙拉飯糰","Root;食材;全穀雜糧類;其它類;海鮮類;沙拉;甲殼類;米飯類;魚類;蝦;飯糰;魚卵"
"4200","魚豆腐味小魚造型魚板","Root;食材;海鮮類;豆類;豆腐;魚類"
"4201","魚板辣炒年糕","Root;食材;全穀雜糧類;海鮮類;蔬菜類;辣椒;魚類"
"4202","鹿兒島濃焙茶拿鐵","Root;食材;其它類;飲品類;咖啡;茶類;拿鐵"
"4203","麥比客消化餅家庭號-綜合","Root;食材;其它類;點心甜品類;零食餅乾"
"4204","麻油米血","Root;食材;全穀雜糧類;油類;肉類;內臟及血製品;米飯類;麻油"
"4205","麻油菇菇拌飯","Root;食材;全穀雜糧類;油類;蔬菜類;米飯類;菌菇;麻油"
"4206","麻油燒酒土雞冬粉","Root;食材;全穀雜糧類;其它類;油類;肉類;雞;飲品類;麵;麻油;酒"
"4207","麻油雞湯","Root;食材;其它類;油類;肉類;複合食品;雞;麻油;湯品"
"4208","麻油雞飯糰","Root;食材;全穀雜糧類;油類;肉類;米飯類;雞;麻油;飯糰"
"4209","麻油鹽炙烤豬肉飯卷","Root;食材;全穀雜糧類;其它類;油類;肉類;米飯類;調味料;豬;麻油;鹽"
"4210","麻咪瘦肉湯","Root;食材;其它類;肉類;複合食品;湯品"
"4211","麻婆豆腐燴飯(增量版)","Root;食材;全穀雜糧類;豆類;米飯類;豆腐;燴飯"
"4212","麻辣小龍蝦口味","Root;食材;其它類;海鮮類;甲殼類;調味料;蝦;麻辣"
"4213","麻辣牛肉爐","Root;食材;其它類;肉類;牛;複合食品;調味料;火鍋;麻辣"
"4214","麻辣椒香豬血煲","Root;食材;其它類;肉類;內臟及血製品;調味料;豬;麻辣"
"4215","麻辣鍋牛肉麵(泡麵)","Root;食材;全穀雜糧類;其它類;肉類;牛;複合食品;調味料;麵;火鍋;麻辣"
"4216","凱薩沙拉","Root;食材;其它類;沙拉"
"4217","凱薩風味嫩雞鮮蔬捲餅","Root;食材;全穀雜糧類;肉類;蔬菜類;雞;麵餅"
"4218","凱薩雞肉沙拉","Root;食材;其它類;肉類;沙拉;雞"
"4219","博多明太子奶油飯糰","Root;食材;全穀雜糧類;其它類;海鮮類;奶油;米飯類;魚類;飯糰;魚卵"
"4220","博客海鹽嫩雞胸","Root;食材;其它類;肉類;調味料;雞;鹽"
"4221","喜來登-花菇紅蟳米糕","Root;食材;全穀雜糧類;海鮮類;蔬菜類;甲殼類;米飯類;菌菇;蟹"
"4222","單一純賣小卷米粉","Root;食材;全穀雜糧類;海鮮類;頭足類;麵"
"4223","單品咖啡","Root;食材;其它類;飲品類;咖啡"
"4224","單品美式","Root;食材;其它類;飲品類;咖啡;黑咖啡"
"4225","單品拿鐵","Root;食材;其它類;飲品類;咖啡;拿鐵"
"4226","壹番屋-炸雞排起司咖哩焗飯","Root;食材;乳品類;全穀雜糧類;其它類;肉類;米飯類;調味料;起司;雞;咖哩"
"4227","壹號醬炙烤牛飯糰","Root;食材;全穀雜糧類;肉類;牛;米飯類;飯糰"
"4228","富士山天然水","Root;食材;其它類;飲品類;飲用水"
"4229","富有甜柿(截切—盒)","Root;食材;水果類;其他水果"
"4230","富錦樹味噌貢丸蛋花湯","Root;食材;其它類;肉類;蛋類;加工肉品;複合食品;調味料;湯品"
"4231","富錦樹-剝皮辣蝦滑蛋燴飯","Root;食材;全穀雜糧類;海鮮類;蔬菜類;蛋類;甲殼類;米飯類;辣椒;燴飯;蝦"
"4232","寒舍牛三寶拼盤","Root;食材;肉類;內臟及血製品;牛"
"4233","彭園本味龍馬年菜9件組","Root;食材;其它類;蔬菜類"
"4234","提拉米蘇","Root;食材;其它類;點心甜品類"
"4235","提拉米蘇霜淇淋","Root;食材;其它類;點心甜品類;冰品;霜淇淋"
"4236","握便當-黑胡椒烤雞","Root;食材;其它類;肉類;複合食品;調味料;雞;便當;胡椒"
"4237","握便當-豪華秘製雙拼","Root;食材;其它類;複合食品;便當"
"4238","揪嗨派黑森林芋泥寶盒","Root;食材;全穀雜糧類;其它類;芋頭;點心甜品類"
"4239","普羅旺斯風味乾酪火腿沙拉","Root;食材;乳品類;其它類;肉類;加工肉品;沙拉;起司;火腿"
"4240","晶典小品-咖啡凍","Root;食材;其它類;飲品類;點心甜品類;凍類甜品;咖啡"
"4241","晶典小品-茉莉茶凍","Root;食材;其它類;飲品類;點心甜品類;凍類甜品;茶類"
"4242","晶英府城肉燥米糕飯糰","Root;食材;全穀雜糧類;肉類;米飯類;豬;飯糰"
"4243","晶英-南蠻炸雞雙享壽司","Root;食材;全穀雜糧類;肉類;米飯類;雞"
"4244","晶英-起司火腿小土司","Root;食材;乳品類;全穀雜糧類;肉類;加工肉品;起司;麵包;吐司;火腿"
"4245","晶英-港式醬燜牛肉燴飯","Root;食材;全穀雜糧類;肉類;牛;米飯類;燴飯"
"4246","晶宴會館上品無錫排骨","Root;食材;肉類;豬;排骨"
"4247","晶華-北菇滑雞燴飯","Root;食材;全穀雜糧類;肉類;蔬菜類;米飯類;菌菇;雞;燴飯"
"4248","晶華私廚宴","Root;食材;其它類"
"4249","晶華-府城肉燥厚切排骨飯","Root;食材;全穀雜糧類;肉類;米飯類;豬;排骨"
"4250","晶華東坡肉","Root;食材;肉類;豬"
"4251","晶華-松露烤雞義大利麵","Root;食材;全穀雜糧類;肉類;蔬菜類;菌菇;雞;麵;義大利麵"
"4252","晶華-松露起司烤雞義大利麵","Root;食材;乳品類;全穀雜糧類;肉類;蔬菜類;菌菇;起司;雞;麵;義大利麵"
"4253","晶華厚牛肉起司漢堡","Root;食材;乳品類;全穀雜糧類;肉類;牛;起司;麵包;堡"
"4254","晶華紅燒牛肉麵","Root;食材;全穀雜糧類;肉類;牛;麵"
"4255","晶華-香烤魚排青醬燉飯","Root;食材;全穀雜糧類;海鮮類;米飯類;魚類"
"4256","晶華栢麗廳BBQ烤肋排佐時蔬","Root;食材;肉類;蔬菜類;豬"
"4257","晶華-海鮮奶油貝殼麵","Root;食材;全穀雜糧類;其它類;海鮮類;奶油;麵"
"4258","晶華酒店紅心芭樂起司蛋糕","Root;食材;乳品類;其它類;水果類;芭樂;起司;點心甜品類;蛋糕"
"4259","晶華馬上吉祥拼盤","Root;食材;其它類"
"4260","晶華清燉牛肉麵","Root;食材;全穀雜糧類;肉類;牛;麵"
"4261","晶華握便當-黑松露野菇雞腿","Root;食材;其它類;肉類;蔬菜類;菌菇;複合食品;雞;便當"
"4262","晶華嫩雞鮮蔬貝果","Root;食材;全穀雜糧類;肉類;蔬菜類;雞;麵包"
"4263","晶華藍莓起司蛋糕","Root;食材;乳品類;其它類;水果類;莓果;起司;點心甜品類;藍莓;蛋糕"
"4264","棉花糖可可粉( 沖泡飲)","Root;食材;其它類;堅果種子類;可可;飲品類;點心甜品類"
"4265","棉被午茉綠霜淇淋","Root;食材;其它類;飲品類;點心甜品類;冰品;茶類;霜淇淋"
"4266","棒棒糖—DINOTAENG款","Root;食材;其它類;點心甜品類"
"4267","森永牛奶糖霜淇淋","Root;食材;其它類;點心甜品類;冰品;霜淇淋"
"4268","森永可可脆皮香草風味冰淇淋雪派","Root;食材;其它類;堅果種子類;可可;調味料;點心甜品類;冰品;香草;冰淇淋"
"4269","森永紅豆抹茶風味冰淇淋雪派","Root;食材;全穀雜糧類;其它類;紅豆綠豆;飲品類;點心甜品類;冰品;茶類;冰淇淋;綠茶抹茶"
"4270","植物的優芒果蜜桃優格","Root;食材;乳品類;水果類;水蜜桃;牛奶;芒果;發酵乳;優酪優格"
"4271","椒香溫泉蛋","Root;食材;蔬菜類;蛋類;辣椒"
"4272","椒鹽檸檬鯖魚飯糰","Root;食材;全穀雜糧類;其它類;水果類;海鮮類;柑橘;米飯類;調味料;魚類;檸檬;胡椒;飯糰;鹽"
"4273","椒鹽鹽酥雞","Root;食材;其它類;肉類;調味料;雞;胡椒;鹽"
"4274","椪糖拿鐵","Root;食材;其它類;飲品類;咖啡;拿鐵"
"4275","港式海陸綜合燒賣","Root;食材;全穀雜糧類;海鮮類;肉類;餃子"
"4276","港式酒香臘腸飯","Root;食材;全穀雜糧類;其它類;肉類;加工肉品;米飯類;飲品類;酒"
"4277","焙火烏龍珍珠奶茶","Root;食材;全穀雜糧類;其它類;珍珠粉粿;飲品類;茶類;奶茶;烏龍青茶"
"4278","焙火烏龍拿鐵珍珠","Root;食材;全穀雜糧類;其它類;珍珠粉粿;飲品類;咖啡;茶類;拿鐵;烏龍青茶"
"4279","焙茶奶蓋拿鐵","Root;食材;乳品類;其它類;牛奶;飲品類;咖啡;茶類;拿鐵"
"4280","焙茶拿鐵","Root;食材;其它類;飲品類;咖啡;茶類;拿鐵"
"4281","焙茶麥麥霜淇淋","Root;食材;全穀雜糧類;其它類;飲品類;麥;點心甜品類;冰品;茶類;霜淇淋"
"4282","焦糖布蕾","Root;食材;其它類;點心甜品類"
"4283","焦糖肉桂捲","Root;食材;其它類;點心甜品類"
"4284","焦糖核桃咖啡捲","Root;食材;其它類;堅果種子類;飲品類;點心甜品類;咖啡"
"4285","焦糖琥珀博士茶(HOT)","Root;食材;其它類;飲品類;茶類"
"4286","焦糖瑪奇朵","Root;食材;其它類;飲品類;咖啡"
"4287","焰火西瓜霜淇淋","Root;食材;其它類;水果類;其他水果;點心甜品類;冰品;霜淇淋"
"4288","琥珀小葉奶茶","Root;食材;其它類;飲品類;茶類;奶茶"
"4289","琥珀小葉珍珠奶茶","Root;食材;全穀雜糧類;其它類;珍珠粉粿;飲品類;茶類;奶茶"
"4290","琥珀小葉紅茶","Root;食材;其它類;飲品類;茶類;紅茶"
"4291","琥珀小葉紅茶拿鐵","Root;食材;其它類;飲品類;咖啡;茶類;拿鐵;紅茶"
"4292","琥珀小葉拿鐵珍珠","Root;食材;全穀雜糧類;其它類;珍珠粉粿;飲品類;咖啡;拿鐵"
"4293","番茄肉醬義大利麵","Root;食材;全穀雜糧類;水果類;肉類;加工肉品;番茄;麵;義大利麵"
"4294","番茄蛋花湯","Root;食材;其它類;水果類;蛋類;番茄;複合食品;湯品"
"4295","發發牧場玫瑰風味奶茶","Root;食材;其它類;飲品類;茶類;奶茶"
"4296","筊白筍","Root;食材;蔬菜類;筍子"
"4297","筋子銀鮭飯糰","Root;食材;全穀雜糧類;海鮮類;米飯類;魚類;飯糰;鮭魚"
"4298","筒仔米糕","Root;食材;全穀雜糧類;米飯類"
"4299","粥天子-阿發師香菇雞肉粥","Root;食材;全穀雜糧類;肉類;蔬菜類;米飯類;菌菇;雞"
"4300","粥天子-廣式皮蛋瘦肉煲粥","Root;食材;全穀雜糧類;肉類;蛋類;米飯類;豬"
"4301","紫桑果粒小葉紅茶","Root;食材;其它類;水果類;其他水果;飲品類;茶類;紅茶"
"4302","紫桑果粒梔子花青茶","Root;食材;其它類;水果類;其他水果;飲品類;茶類;烏龍青茶"
"4303","紫菜蛋花湯","Root;食材;其它類;蔬菜類;蛋類;複合食品;湯品"
"4304","紫薯甘栗口味可樂餅","Root;食材;全穀雜糧類;堅果種子類;地瓜;馬鈴薯"
"4305","絲絨奶蓋抹茶","Root;食材;乳品類;其它類;牛奶;飲品類;茶類;綠茶抹茶"
"4306","絲絨奶蓋冠軍美式","Root;食材;乳品類;其它類;牛奶;飲品類;咖啡;黑咖啡"
"4307","絲絨奶蓋提拉米蘇","Root;食材;乳品類;其它類;牛奶;點心甜品類"
"4308","舒芙蕾布丁","Root;食材;其它類;點心甜品類;凍類甜品;布丁"
"4309","舒植漢堡排沙拉(植物肉)","Root;食材;其它類;肉類;加工肉品;沙拉"
"4310","菠菜蛋花湯","Root;食材;其它類;蔬菜類;蛋類;葉菜類蔬菜;複合食品;湯品"
"4311","華昇飛魚卵海鮮卷","Root;食材;海鮮類;魚類;魚卵"
"4312","菲律賓火山鳳梨切片","Root;食材;水果類;鳳梨"
"4313","萄跑星球酷繽沙","Root;食材;其它類;水果類;葡萄;點心甜品類;冰品;冰沙"
"4314","超秦肉品鹹酥雞","Root;食材;其它類;肉類;調味料;雞;鹽"
"4315","超級曠世奇派蘭姆葡萄雪糕","Root;食材;其它類;水果類;葡萄;點心甜品類;冰品;冰棒雪糕"
"4316","越式酸辣雞絲冷麵","Root;食材;全穀雜糧類;肉類;蔬菜類;辣椒;雞;麵"
"4317","酥烤脆皮德國豬腳","Root;食材;肉類;豬"
"4318","開心果Q皮半月燒","Root;食材;其它類;堅果種子類;點心甜品類"
"4319","開心果千層蛋糕","Root;食材;其它類;堅果種子類;點心甜品類;蛋糕"
"4320","開心果霜淇淋","Root;食材;其它類;堅果種子類;點心甜品類;冰品;霜淇淋"
"4321","開陽白菜","Root;食材;蔬菜類;葉菜類蔬菜;白菜"
"4322","陽光葡萄土司","Root;食材;全穀雜糧類;水果類;葡萄;麵包;吐司"
"4323","陽明春天日式咖哩獅子頭","Root;食材;其它類;肉類;加工肉品;調味料;咖哩"
"4324","陽明春天古早味香菇竹筍粥","Root;食材;全穀雜糧類;蔬菜類;筍子;米飯類;菌菇"
"4325","陽明春天野菇炊飯飯糰","Root;食材;全穀雜糧類;蔬菜類;米飯類;菌菇;飯糰"
"4326","陽明春天塔香G丁燴飯","Root;食材;全穀雜糧類;肉類;蔬菜類;米飯類;葉菜類蔬菜;雞;燴飯"
"4327","順天本草輕點龜苓膏-蜂蜜","Root;食材;其它類;點心甜品類;蜂蜜"
"4328","黃金玉米棒","Root;食材;全穀雜糧類;玉米"
"4329","黃金炸豬排玉子丼","Root;食材;全穀雜糧類;肉類;蛋類;米飯類;豬"
"4330","黃金香酥雞腿排","Root;食材;肉類;雞"
"4331","黃金翅包飯","Root;食材;全穀雜糧類;肉類;米飯類;雞"
"4332","黃金起司香雞塊 (重組)","Root;食材;乳品類;肉類;起司;雞"
"4333","黃金腿排沙拉","Root;食材;其它類;肉類;沙拉"
"4334","黃金蝦排堡","Root;食材;全穀雜糧類;海鮮類;甲殼類;麵包;堡;蝦"
"4335","黃金豬排三明治","Root;食材;全穀雜糧類;肉類;豬;麵包;三明治"
"4336","黃金蕎麥茶(HOT)","Root;食材;全穀雜糧類;其它類;飲品類;麥;茶類"
"4337","黃金霸王腿條","Root;食材;肉類"
"4338","黃燜雞","Root;食材;肉類;雞"
"4339","黑丸七龍珠Z造型嫩仙草凍","Root;食材;其它類;中藥材;點心甜品類;仙草;凍類甜品"
"4340","黑丸冬瓜檸檬吸凍飲","Root;食材;其它類;水果類;蔬菜類;柑橘;瓜果類蔬菜;飲品類;點心甜品類;冬瓜;凍類甜品;檸檬"
"4341","黑丸招牌仙草吸凍飲","Root;食材;其它類;中藥材;飲品類;點心甜品類;仙草;凍類甜品"
"4342","黑松沙士酷繽沙","Root;食材;其它類;飲品類;點心甜品類;冰品;汽水;冰沙"
"4343","黑松露口味洋芋片","Root;食材;全穀雜糧類;其它類;蔬菜類;菌菇;馬鈴薯;點心甜品類;零食餅乾"
"4344","黑芝麻牛奶霜淇淋","Root;食材;乳品類;其它類;堅果種子類;牛奶;芝麻;點心甜品類;冰品;霜淇淋"
"4345","黑胡椒素雞塊","Root;食材;其它類;肉類;調味料;雞;胡椒"
"4346","黑胡椒起司火腿巨飽包","Root;食材;乳品類;全穀雜糧類;其它類;肉類;加工肉品;包子饅頭;調味料;起司;火腿;胡椒"
"4347","黑胡椒豬柳蛋堡","Root;食材;全穀雜糧類;其它類;肉類;蛋類;調味料;豬;麵包;堡;胡椒"
"4348","黑胡椒豬柳蓋飯","Root;食材;全穀雜糧類;其它類;肉類;米飯類;調味料;豬;胡椒"
"4349","黑種草籽椰棗","Root;食材;水果類;其他水果"
"4350","黑糖珍奶酷繽沙","Root;食材;全穀雜糧類;其它類;珍珠粉粿;飲品類;點心甜品類;冰品;茶類;黑糖;冰沙;奶茶"
"4351","黑糖珍珠撞奶","Root;食材;乳品類;全穀雜糧類;其它類;牛奶;珍珠粉粿;點心甜品類;黑糖"
"4352","黑糖粉粿剉冰","Root;食材;全穀雜糧類;其它類;珍珠粉粿;點心甜品類;冰品;黑糖"
"4353","黑爵土黑醋栗冰磚精品美式","Root;食材;其它類;水果類;莓果;飲品類;咖啡;黑咖啡"
"4354","傳香滷肉飯飯糰(區)","Root;食材;全穀雜糧類;肉類;米飯類;豬;飯糰"
"4355","傳情香蕉","Root;食材;水果類;香蕉"
"4356","嗨啾蜜桃乳酸軟糖","Root;食材;其它類;水果類;水蜜桃;點心甜品類"
"4357","圓山-水果百匯麵包","Root;食材;全穀雜糧類;水果類;麵包"
"4358","圓山-御岩可可麵包","Root;食材;全穀雜糧類;堅果種子類;可可;麵包"
"4359","圓圓紅豆湯","Root;食材;全穀雜糧類;其它類;紅豆綠豆;複合食品;湯品"
"4360","塔吉特遇見花開綜合千層蛋糕","Root;食材;其它類;點心甜品類;蛋糕"
"4361","塔香鹹蔬雞球(全素)","Root;食材;肉類;蔬菜類;葉菜類蔬菜;雞"
"4362","塩烤豚三角飯糰","Root;食材;全穀雜糧類;肉類;米飯類;豬;飯糰"
"4363","愛恨椒芝炒雞丁","Root;食材;堅果種子類;肉類;蔬菜類;芝麻;辣椒;雞"
"4364","愛恨椒芝麵","Root;食材;全穀雜糧類;蔬菜類;辣椒;麵"
"4365","愛恨蔥蔥麵","Root;食材;全穀雜糧類;蔬菜類;蔥;麵"
"4366","愛餡大亨-巧克力爆漿菠蘿","Root;食材;全穀雜糧類;堅果種子類;可可;麵包"
"4367","愛餡大亨-煉乳牛奶","Root;食材;乳品類;其它乳製品;牛奶"
"4368","愛餡大亨-爆漿菠蘿","Root;食材;全穀雜糧類;麵包"
"4369","愛麵族-什錦海鮮","Root;食材;全穀雜糧類;海鮮類;麵"
"4370","愛麵族-香菇肉燥","Root;食材;全穀雜糧類;肉類;蔬菜類;菌菇;豬;麵"
"4371","搖搖沙拉-明太子蝦蝦","Root;食材;其它類;海鮮類;沙拉;甲殼類;魚類;蝦;魚卵"
"4372","搖搖沙拉-溏心蛋鮪魚","Root;食材;其它類;海鮮類;蛋類;沙拉;魚類;鮪魚"
"4373","新及第小籠湯包","Root;食材;全穀雜糧類;包子饅頭"
"4374","新及第豬肉熟水餃","Root;食材;全穀雜糧類;肉類;豬;餃子"
"4375","新馬辣經典麻辣鍋組","Root;食材;其它類;複合食品;調味料;火鍋;麻辣"
"4376","新馬辣膠原蛋白鍋組","Root;食材;其它類;複合食品;火鍋"
"4377","新貴派威化棒草莓起司蛋糕風味","Root;食材;乳品類;其它類;水果類;莓果;起司;點心甜品類;草莓;蛋糕"
"4378","新貴派風味雙餡泡芙","Root;食材;其它類;點心甜品類;泡芙"
"4379","新極上飯糰-御選蒲燒鰻","Root;食材;全穀雜糧類;海鮮類;米飯類;魚類;飯糰"
"4380","新極上飯糰-煙燻銀鮭","Root;食材;全穀雜糧類;海鮮類;米飯類;魚類;飯糰;鮭魚"
"4381","新極上飯糰-熟成明太子鮭魚","Root;食材;全穀雜糧類;海鮮類;米飯類;魚類;飯糰;魚卵;鮭魚"
"4382","新極上飯糰-蔥鹽生鮭","Root;食材;全穀雜糧類;其它類;海鮮類;蔬菜類;米飯類;蔥;調味料;魚類;飯糰;鮭魚;鹽"
"4383","新極上飯糰-鮭魚鮭魚卵","Root;食材;全穀雜糧類;海鮮類;米飯類;魚類;飯糰;魚卵;鮭魚"
"4384","新極大-海陸卷壽司","Root;食材;全穀雜糧類;海鮮類;肉類;米飯類"
"4385","新鮮族洋蔥","Root;食材;蔬菜類;根莖類蔬菜"
"4386","新鮮族產銷小白菜","Root;食材;蔬菜類;葉菜類蔬菜;白菜"
"4387","新鮮族產銷油菜","Root;食材;蔬菜類;葉菜類蔬菜"
"4388","新鮮族產銷青江菜","Root;食材;蔬菜類;葉菜類蔬菜"
"4389","新纖麥土司","Root;食材;全穀雜糧類;麥;麵包;吐司"
"4390","暖心燒仙草","Root;食材;其它類;中藥材;仙草"
"4391","椰子風味咖啡拿鐵","Root;食材;其它類;椰子;飲品類;咖啡;拿鐵"
"4392","椰子脆餅","Root;食材;其它類;椰子;點心甜品類;零食餅乾"
"4393","椰果拉茶( 沖泡飲)","Root;食材;其它類;椰子;飲品類;茶類"
"4394","椰香冰美式(季節限定)","Root;食材;其它類;椰子;飲品類;咖啡;黑咖啡"
"4395","椰香冠軍拿鐵","Root;食材;其它類;椰子;飲品類;咖啡;拿鐵"
"4396","椰棗蜜牛奶","Root;食材;乳品類;其它類;水果類;其他水果;牛奶;點心甜品類;蜂蜜"
"4397","椰棗蜜拿鐵","Root;食材;其它類;水果類;其他水果;飲品類;點心甜品類;咖啡;蜂蜜;拿鐵"
"4398","椰椰奶奶霜淇淋","Root;食材;乳品類;其它類;椰子;牛奶;點心甜品類;冰品;霜淇淋"
"4399","楊枝甘露冰沙","Root;食材;其它類;點心甜品類;冰品;冰沙"
"4400","楊枝甘露酷繽沙","Root;食材;其它類;點心甜品類;冰品;冰沙"
"4401","楓糖小可頌","Root;食材;全穀雜糧類;麵包;丹麥可頌"
"4402","極饗-加油添醋拌拌麵","Root;食材;全穀雜糧類;其它類;調味料;麵;醋"
"4403","極饗-台中風味焢肉飯便當","Root;食材;其它類;肉類;複合食品;豬;便當"
"4404","極饗-四川風味麻辣豆腐飯","Root;食材;全穀雜糧類;其它類;豆類;米飯類;調味料;豆腐;麻辣"
"4405","極饗-沙茶豬肉燴飯","Root;食材;全穀雜糧類;其它類;肉類;米飯類;調味料;豬;沙茶;燴飯"
"4406","極饗-林聰明雞肉飯","Root;食材;全穀雜糧類;肉類;米飯類;雞"
"4407","極饗-客家小炒燴飯","Root;食材;全穀雜糧類;米飯類;燴飯"
"4408","極饗-紅油口水雞冷麵","Root;食材;全穀雜糧類;油類;肉類;雞;麵"
"4409","極饗-香腸雙拼便當","Root;食材;其它類;肉類;加工肉品;複合食品;便當"
"4410","極饗-香辣麻醬涼麵","Root;食材;全穀雜糧類;堅果種子類;蔬菜類;芝麻;辣椒;麵"
"4411","極饗-海陸雙饗便當","Root;食材;其它類;海鮮類;肉類;複合食品;便當"
"4412","極饗-真飽燒肉拌麵","Root;食材;全穀雜糧類;肉類;麵"
"4413","極饗-椒鹽大雞排便當","Root;食材;其它類;肉類;複合食品;調味料;雞;便當;胡椒;鹽"
"4414","極饗-滑蛋牛肉燴飯","Root;食材;全穀雜糧類;肉類;蛋類;牛;米飯類;燴飯"
"4415","極饗-經典麻醬涼麵","Root;食材;全穀雜糧類;堅果種子類;芝麻;麵"
"4416","極饗-豪華川辣火腿涼麵","Root;食材;全穀雜糧類;肉類;蔬菜類;加工肉品;辣椒;麵;火腿"
"4417","極饗-豪華雞絲涼麵","Root;食材;全穀雜糧類;肉類;雞;麵"
"4418","極饗-奮起湖秘製滷排","Root;食材;肉類;豬"
"4419","極饗-奮起湖軟燒肉便當","Root;食材;其它類;肉類;複合食品;便當"
"4420","極饗-醬香烘蛋便當","Root;食材;其它類;蛋類;複合食品;便當"
"4421","溏心蛋洋芋","Root;食材;全穀雜糧類;蛋類;馬鈴薯"
"4422","溏心蛋紐奧良風味烤雞三明治","Root;食材;全穀雜糧類;肉類;蛋類;雞;麵包;三明治"
"4423","滑爆可樂霜淇淋","Root;食材;其它類;飲品類;點心甜品類;冰品;汽水;霜淇淋"
"4424","煉乳牛奶霜淇淋","Root;食材;乳品類;其它類;其它乳製品;牛奶;點心甜品類;冰品;霜淇淋"
"4425","煙燻火腿起司凱薩堡","Root;食材;乳品類;全穀雜糧類;肉類;加工肉品;起司;麵包;堡;火腿"
"4426","煙燻起司","Root;食材;乳品類;起司"
"4427","煙燻鮭魚,帆立貝沙拉","Root;食材;其它類;海鮮類;沙拉;貝類;魚類;鮭魚"
"4428","煙燻鮭魚風味捲","Root;食材;海鮮類;魚類;鮭魚"
"4429","照燒風味軟骨雞肉丸","Root;食材;肉類;雞"
"4430","照燒豬排纖食餐盒","Root;食材;肉類;豬"
"4431","照燒雞腿肉串","Root;食材;肉類;雞"
"4432","照燒鰤魚大根飯糰","Root;食材;全穀雜糧類;海鮮類;蔬菜類;根莖類蔬菜;米飯類;魚類;飯糰"
"4433","當歸湯","Root;食材;其它類;中藥材;複合食品;湯品"
"4434","經典117咖啡霜淇淋","Root;食材;其它類;飲品類;點心甜品類;冰品;咖啡;霜淇淋"
"4435","經典三明治","Root;食材;全穀雜糧類;麵包;三明治"
"4436","經典小籠湯包","Root;食材;全穀雜糧類;包子饅頭"
"4437","經典巧克力飲","Root;食材;其它類;堅果種子類;可可;飲品類"
"4438","經典冰磚拿鐵","Root;食材;其它類;飲品類;咖啡;拿鐵"
"4439","經典肉鬆飯糰","Root;食材;全穀雜糧類;肉類;加工肉品;米飯類;肉鬆;飯糰"
"4440","經典美式","Root;食材;其它類;飲品類;咖啡;黑咖啡"
"4441","經典美式起司巨牛堡","Root;食材;乳品類;全穀雜糧類;肉類;牛;起司;麵包;堡"
"4442","經典美式雞球","Root;食材;肉類;雞"
"4443","經典原味霜淇淋","Root;食材;其它類;點心甜品類;冰品;霜淇淋"
"4444","經典拿鐵","Root;食材;其它類;飲品類;咖啡;拿鐵"
"4445","經典拿鐵霜淇淋","Root;食材;其它類;飲品類;點心甜品類;冰品;咖啡;拿鐵;霜淇淋"
"4446","經典氣泡美式","Root;食材;其它類;飲品類;咖啡;黑咖啡"
"4447","經典番茄肉醬義大利麵","Root;食材;全穀雜糧類;水果類;肉類;加工肉品;番茄;麵;義大利麵"
"4448","經典黃金腿條","Root;食材;肉類;雞"
"4449","經典黑炫酷繽沙(牛奶)","Root;食材;乳品類;其它類;牛奶;點心甜品類;冰品;冰沙"
"4450","經典黑炫酷繽沙(咖啡)","Root;食材;其它類;飲品類;點心甜品類;冰品;咖啡;冰沙"
"4451","經典蜂蜜鬆餅","Root;食材;全穀雜糧類;其它類;點心甜品類;蜂蜜"
"4452","經典滷肉飯","Root;食材;全穀雜糧類;肉類;米飯類;豬"
"4453","經典摩卡拿鐵","Root;食材;其它類;堅果種子類;可可;飲品類;咖啡;拿鐵"
"4454","經典雙色小泡芙","Root;食材;其它類;點心甜品類;泡芙"
"4455","義大利麵","Root;食材;全穀雜糧類;麵;義大利麵"
"4456","義式冷麵(季節限定)","Root;食材;全穀雜糧類;麵"
"4457","義式咖啡","Root;食材;其它類;飲品類;咖啡"
"4458","義式香草烤雞風味棒","Root;食材;其它類;肉類;調味料;雞;點心甜品類;香草"
"4459","義式香草雞肉","Root;食材;其它類;肉類;調味料;雞;香草"
"4460","義式烤番茄雞胸時蔬沙拉餐","Root;食材;其它類;水果類;肉類;沙拉;番茄;雞"
"4461","義式莫札瑞拉香濃起士棒","Root;食材;乳品類;其它類;起司;點心甜品類;零食餅乾"
"4462","義式嫩雞","Root;食材;肉類;雞"
"4463","義式嫩雞可頌","Root;食材;全穀雜糧類;肉類;雞;麵包;丹麥可頌"
"4464","義式濃縮","Root;食材;其它類;飲品類;咖啡"
"4465","義式蕃茄肉醬義大利麵","Root;食材;全穀雜糧類;水果類;肉類;加工肉品;番茄;麵;義大利麵"
"4466","義式蕃茄肉醬歐姆蛋包飯","Root;食材;全穀雜糧類;水果類;肉類;蛋類;加工肉品;番茄;米飯類"
"4467","義式蕃茄蕈菇義大利麵","Root;食材;全穀雜糧類;水果類;蔬菜類;番茄;菌菇;麵;義大利麵"
"4468","義美牛奶霜淇淋","Root;食材;乳品類;其它類;牛奶;點心甜品類;冰品;霜淇淋"
"4469","義美仙草奶茶","Root;食材;其它類;中藥材;飲品類;仙草;茶類;奶茶"
"4470","義美桂圓紅棗茶","Root;食材;其它類;水果類;中藥材;飲品類;龍眼;紅棗;茶類"
"4471","義美草莓可可雪糕","Root;食材;其它類;堅果種子類;水果類;可可;莓果;點心甜品類;冰品;草莓;冰棒雪糕"
"4472","義美無加糖高鈣豆奶","Root;食材;豆類;豆漿豆奶"
"4473","義美黃金無糖麥茶","Root;食材;全穀雜糧類;其它類;飲品類;麥;茶類"
"4474","義美黑餅乾鮮乳銅鑼燒冰淇淋","Root;食材;乳品類;其它類;牛奶;點心甜品類;冰品;零食餅乾;冰淇淋"
"4475","義美綠豆沙牛奶冰棒","Root;食材;乳品類;全穀雜糧類;其它類;牛奶;紅豆綠豆;點心甜品類;冰品;冰棒雪糕"
"4476","義豐-蔥油派","Root;食材;全穀雜糧類;蔬菜類;蔥;麵餅"
"4477","聖德雞肉蛋白棒-義式風味","Root;食材;肉類;雞"
"4478","萬丹紅豆霜淇淋","Root;食材;全穀雜糧類;其它類;紅豆綠豆;點心甜品類;冰品;霜淇淋"
"4479","葡式千層蛋塔","Root;食材;其它類;蛋類;點心甜品類"
"4480","葵花籽可可","Root;食材;堅果種子類;可可"
"4481","蜂蜜芥末里肌火腿","Root;食材;其它類;肉類;加工肉品;點心甜品類;火腿;蜂蜜"
"4482","蜂蜜柚橘霜淇淋","Root;食材;其它類;水果類;柑橘;點心甜品類;冰品;柚子;蜂蜜;霜淇淋"
"4483","蜂蜜紅茶","Root;食材;其它類;飲品類;點心甜品類;茶類;蜂蜜;紅茶"
"4484","蜂蜜紅茶鮮奶茶","Root;食材;乳品類;其它類;牛奶;飲品類;點心甜品類;茶類;蜂蜜;奶茶"
"4485","蜂蜜氣泡美式","Root;食材;其它類;飲品類;點心甜品類;咖啡;蜂蜜;黑咖啡"
"4486","蜂蜜海鹽檸檬喉糖","Root;食材;其它類;水果類;柑橘;調味料;點心甜品類;檸檬;蜂蜜;鹽"
"4487","蜂蜜琥珀青茶","Root;食材;其它類;飲品類;點心甜品類;茶類;蜂蜜;烏龍青茶"
"4488","蜂蜜琥珀鮮奶茶","Root;食材;乳品類;其它類;牛奶;飲品類;點心甜品類;茶類;蜂蜜;奶茶"
"4489","蜂蜜霜淇淋","Root;食材;其它類;點心甜品類;冰品;蜂蜜;霜淇淋"
"4490","蜂蜜鮮奶(Iced/Hot)","Root;食材;乳品類;其它類;牛奶;點心甜品類;蜂蜜"
"4491","蜂蜜檸檬霜淇淋","Root;食材;其它類;水果類;柑橘;點心甜品類;冰品;檸檬;蜂蜜;霜淇淋"
"4492","誠仔虎咬豬十三香梅干脆刈包","Root;食材;全穀雜糧類;肉類;蔬菜類;包子饅頭;葉菜類蔬菜;豬"
"4493","農心超巨辛杯麵分享組","Root;食材;全穀雜糧類;麵"
"4494","酪梨牛奶果昔","Root;食材;乳品類;水果類;其他水果;牛奶"
"4495","酪梨鮮蝦早午餐","Root;食材;水果類;海鮮類;其他水果;甲殼類;蝦"
"4496","酪梨鮮蝦沙拉","Root;食材;其它類;水果類;海鮮類;其他水果;沙拉;甲殼類;蝦"
"4497","鈺善閣XO猴菇蘿蔔糕","Root;食材;蔬菜類;根莖類蔬菜;菌菇;蘿蔔"
"4498","鈺善閣富貴五福蔬食套餐","Root;食材;蔬菜類"
"4499","鈺善閣豐收白松露油飯","Root;食材;全穀雜糧類;蔬菜類;米飯類;菌菇"
"4500","頌丹樂-泰式打拋豬肉飯","Root;食材;全穀雜糧類;肉類;米飯類;豬"
"4501","頌丹樂-泰式打拋豬飯糰","Root;食材;全穀雜糧類;肉類;米飯類;豬;飯糰"
"4502","頌丹樂-泰式烤雞冷麵","Root;食材;全穀雜糧類;肉類;雞;麵"
"4503","頌丹樂-遇見泰式打拋雞拌麵","Root;食材;全穀雜糧類;肉類;雞;麵"
"4504","夢甜屋卡士達雙餡鯛魚燒","Root;食材;乳品類;其它類;其它乳製品;點心甜品類"
"4505","夢甜屋卡斯特拉蛋糕(焦糖卡士達)","Root;食材;乳品類;其它類;其它乳製品;點心甜品類;蛋糕"
"4506","夢甜屋紅豆鮮奶油雙餡銅鑼燒","Root;食材;全穀雜糧類;其它類;奶油;紅豆綠豆;點心甜品類"
"4507","夢甜屋黑糖卡士達QQ鯛魚燒","Root;食材;乳品類;其它類;其它乳製品;點心甜品類;黑糖"
"4508","嫩烤香料雞胸排蔬滿盒","Root;食材;肉類;蔬菜類;雞"
"4509","嫩雞胸青醬義大利麵","Root;食材;全穀雜糧類;肉類;雞;麵;義大利麵"
"4510","慢煮焦糖拿鐵","Root;食材;其它類;飲品類;咖啡;拿鐵"
"4511","慢煮焦糖霜淇淋","Root;食材;其它類;點心甜品類;冰品;霜淇淋"
"4512","旗魚黑輪","Root;食材;海鮮類;魚類"
"4513","榛果巧克力捲心酥禮盒","Root;食材;其它類;堅果種子類;可可;榛果;點心甜品類;零食餅乾"
"4514","榛果風味燕麥拿鐵","Root;食材;全穀雜糧類;其它類;堅果種子類;榛果;飲品類;麥;咖啡;燕麥;拿鐵"
"4515","歌舞伎揚米果","Root;食材;其它類;點心甜品類;零食餅乾"
"4516","滷味香蔥肉丸","Root;食材;肉類;蔬菜類;蔥"
"4517","滷鼎記香滷鵪鶉蛋","Root;食材;蛋類"
"4518","滷鼎記麻辣雞胗","Root;食材;其它類;肉類;內臟及血製品;調味料;雞;麻辣"
"4519","滷豬血","Root;食材;肉類;內臟及血製品;豬"
"4520","滿滿海鮮沙拉脆卷","Root;食材;其它類;海鮮類;沙拉"
"4521","滿滿蛋沙拉可頌","Root;食材;全穀雜糧類;其它類;蛋類;沙拉;麵包;丹麥可頌"
"4522","滿漢大餐酸菜牛肉拌麵","Root;食材;全穀雜糧類;肉類;蔬菜類;牛;葉菜類蔬菜;麵"
"4523","滿漢小香腸_青花椒","Root;食材;肉類;蔬菜類;加工肉品;辣椒"
"4524","滿漢嘟嘟好小香腸","Root;食材;肉類;加工肉品"
"4525","滿漢蒜味烤香腸","Root;食材;肉類;蔬菜類;加工肉品;蒜"
"4526","滿鮮-切仔麵風味油麵","Root;食材;全穀雜糧類;麵"
"4527","滿鮮-沙茶魷魚風味油麵","Root;食材;全穀雜糧類;其它類;海鮮類;調味料;頭足類;麵;沙茶;魷魚"
"4528","滿鮮-酸菜牛肉風味家常麵","Root;食材;全穀雜糧類;肉類;蔬菜類;牛;葉菜類蔬菜;麵"
"4529","漂浮冰咖啡(限內用)","Root;食材;其它類;飲品類;咖啡"
"4530","熊本不知火橘霜淇淋","Root;食材;其它類;水果類;柑橘;點心甜品類;冰品;霜淇淋"
"4531","瑪格麗特披薩","Root;食材;全穀雜糧類;麵餅"
"4532","瑪格麗特筆管麵","Root;食材;全穀雜糧類;麵"
"4533","碳烤燒肉飯飯糰(區)","Root;食材;全穀雜糧類;肉類;米飯類;飯糰"
"4534","福岡八女濃抹茶拿鐵","Root;食材;其它類;飲品類;咖啡;茶類;拿鐵;綠茶抹茶"
"4535","福記椒麻溫泉蛋","Root;食材;蔬菜類;蛋類;辣椒"
"4536","福樂Q果草莓覆盆莓優酪","Root;食材;乳品類;水果類;牛奶;莓果;發酵乳;草莓;優酪優格"
"4537","福樂Q果葡萄奇異果優酪","Root;食材;乳品類;水果類;其他水果;牛奶;葡萄;發酵乳;優酪優格"
"4538","福樂自然零原味優酪","Root;食材;乳品類;牛奶;發酵乳;優酪優格"
"4539","福樂超能蛋白百香果優酪","Root;食材;乳品類;水果類;牛奶;百香果;發酵乳;優酪優格"
"4540","福樂超能蛋白無加糖優酪","Root;食材;乳品類;牛奶;發酵乳;優酪優格"
"4541","福樂燕麥草莓優酪","Root;食材;乳品類;全穀雜糧類;水果類;牛奶;莓果;麥;燕麥;發酵乳;草莓;優酪優格"
"4542","精品生椰厚拿鐵","Root;食材;其它類;椰子;飲品類;咖啡;拿鐵"
"4543","精品美式","Root;食材;其它類;飲品類;咖啡;黑咖啡"
"4544","精品拿鐵","Root;食材;其它類;飲品類;咖啡;拿鐵"
"4545","精品義式濃縮","Root;食材;其它類;飲品類;咖啡"
"4546","精品燕麥拿鐵","Root;食材;全穀雜糧類;其它類;飲品類;麥;咖啡;燕麥;拿鐵"
"4547","綜合莓果霜淇淋","Root;食材;其它類;水果類;莓果;點心甜品類;冰品;霜淇淋"
"4548","綠竹筍","Root;食材;蔬菜類;筍子"
"4549","綠肉洋香瓜(截切—盒)","Root;食材;水果類;其他水果"
"4550","綠豆蒜牛奶酷繽沙","Root;食材;乳品類;全穀雜糧類;其它類;牛奶;紅豆綠豆;點心甜品類;冰品;冰沙"
"4551","綠拿鐵果昔","Root;食材;其它類;水果類;飲品類;咖啡;拿鐵"
"4552","綠寶石無籽葡萄杯","Root;食材;水果類;葡萄"
"4553","維也納奶油餐包","Root;食材;全穀雜糧類;其它類;奶油;麵包"
"4554","維也納咖啡","Root;食材;其它類;飲品類;咖啡"
"4555","維多麗亞皇家乳酪蛋糕","Root;食材;乳品類;其它類;起司;點心甜品類;蛋糕"
"4556","綿柔鮮奶土司","Root;食材;乳品類;全穀雜糧類;牛奶;麵包;吐司"
"4557","翠玉娃娃菜","Root;食材;蔬菜類;葉菜類蔬菜"
"4558","蒜米狠雞腿","Root;食材;肉類;蔬菜類;蒜;雞"
"4559","蒜味肉羹","Root;食材;其它類;肉類;蔬菜類;蒜;複合食品;羹"
"4560","蒜泥狠台味三拼","Root;食材;其它類;蔬菜類;蒜"
"4561","蒜香奶油爐烤蔬菜","Root;食材;其它類;蔬菜類;奶油;蒜"
"4562","蒜香油封蝦義大利麵","Root;食材;全穀雜糧類;油類;海鮮類;蔬菜類;甲殼類;蒜;香油;麵;義大利麵;蝦"
"4563","蒜香綜合滷味","Root;食材;其它類;蔬菜類;蒜"
"4564","蒜蒜辣烤腿排","Root;食材;肉類;蔬菜類;蒜;辣椒"
"4565","蒟蒻果凍飲-草莓奇異果風味","Root;食材;其它類;水果類;其他水果;莓果;飲品類;點心甜品類;凍類甜品;草莓;果凍;蒟蒻"
"4566","蒟蒻果凍飲-優格風味","Root;食材;乳品類;其它類;牛奶;飲品類;點心甜品類;凍類甜品;發酵乳;優酪優格;果凍;蒟蒻"
"4567","蒸荐康梅花肉圓","Root;食材;全穀雜糧類;肉類;豬"
"4568","蒸蛋湯","Root;食材;其它類;蛋類;複合食品;湯品"
"4569","蜜汁叉燒包","Root;食材;全穀雜糧類;其它類;肉類;包子饅頭;豬;點心甜品類;蜂蜜"
"4570","蜜汁雞丁三角飯糰","Root;食材;全穀雜糧類;其它類;肉類;米飯類;雞;點心甜品類;蜂蜜;飯糰"
"4571","蜜香伯爵拿鐵","Root;食材;其它類;飲品類;咖啡;拿鐵"
"4572","蜜桃風味霜淇淋","Root;食材;其它類;水果類;水蜜桃;點心甜品類;冰品;霜淇淋"
"4573","蜜蜜開心果霜淇淋","Root;食材;其它類;堅果種子類;點心甜品類;冰品;蜂蜜;霜淇淋"
"4574","蜜醋雞肉野菜","Root;食材;其它類;肉類;蔬菜類;調味料;雞;醋"
"4575","裸麥雙乳酪核桃歐式麵包","Root;食材;乳品類;全穀雜糧類;堅果種子類;起司;麥;麵包"
"4576","輕烏龍拿鐵","Root;食材;其它類;飲品類;咖啡;茶類;拿鐵;烏龍青茶"
"4577","輕烏龍茶凍","Root;食材;其它類;飲品類;點心甜品類;凍類甜品;茶類;烏龍青茶"
"4578","輕滷時蔬","Root;食材;蔬菜類"
"4579","辣子雞丁炒飯","Root;食材;全穀雜糧類;肉類;蔬菜類;米飯類;辣椒;雞;炒飯"
"4580","辣味炸棒腿","Root;食材;肉類;蔬菜類;辣椒"
"4581","辣味翅腿雙享","Root;食材;肉類;蔬菜類;辣椒;雞"
"4582","辣腐乳麻醬豬肉拌麵","Root;食材;全穀雜糧類;堅果種子類;肉類;蔬菜類;豆類;芝麻;豬;辣椒;麵"
"4583","酷夏野莓酷繽沙","Root;食材;其它類;水果類;莓果;點心甜品類;冰品;冰沙"
"4584","酷黑岩鹽牛奶糖風味霜淇淋","Root;食材;其它類;調味料;點心甜品類;冰品;鹽;霜淇淋"
"4585","酸白菜炒豬五花","Root;食材;肉類;蔬菜類;葉菜類蔬菜;豬;白菜"
"4586","鳳梨火龍果果昔","Root;食材;水果類;其他水果;鳳梨"
"4587","增量日式蛋沙拉三明治","Root;食材;全穀雜糧類;其它類;蛋類;沙拉;麵包;三明治"
"4588","增雞蛋白餐","Root;食材;肉類;雞"
"4589","墨魚風味捲","Root;食材;海鮮類;頭足類"
"4590","寬心園蔬食幸福套餐","Root;食材;蔬菜類"
"4591","廣達香-肉鬆飯糰","Root;食材;全穀雜糧類;肉類;加工肉品;米飯類;肉鬆;飯糰"
"4592","彈珠汽水霜淇淋","Root;食材;其它類;飲品類;點心甜品類;冰品;汽水;霜淇淋"
"4593","德式布丁塔","Root;食材;其它類;點心甜品類;凍類甜品;布丁"
"4594","德式香腸早午餐","Root;食材;肉類;加工肉品"
"4595","德式香腸蛋沙拉","Root;食材;其它類;肉類;蛋類;加工肉品;沙拉"
"4596","德腸沙沙醬番茄冷麵","Root;食材;全穀雜糧類;水果類;肉類;加工肉品;番茄;麵"
"4597","樂淇蘋果幸運罐(含籤詩)","Root;食材;水果類;蘋果"
"4598","歐巴炸雞泡菜炒飯","Root;食材;全穀雜糧類;肉類;蔬菜類;米飯類;葉菜類蔬菜;雞;泡菜;炒飯"
"4599","歐姆蛋牛肉咖哩飯","Root;食材;全穀雜糧類;其它類;肉類;蛋類;牛;米飯類;調味料;咖哩"
"4600","歐拉夫陶瓷杯巧克力沖泡飲","Root;食材;其它類;堅果種子類;可可;飲品類"
"4601","澎湖仙人掌霜淇淋","Root;食材;其它類;點心甜品類;冰品;霜淇淋"
"4602","熟成紅鮭飯糰","Root;食材;全穀雜糧類;海鮮類;米飯類;魚類;飯糰;鮭魚"
"4603","熱炒沙茶牛肉燴飯","Root;食材;全穀雜糧類;其它類;肉類;牛;米飯類;調味料;沙茶;燴飯"
"4604","熱帶水果霜淇淋","Root;食材;其它類;水果類;點心甜品類;冰品;霜淇淋"
"4605","蔥抓餅","Root;食材;全穀雜糧類;蔬菜類;蔥;麵餅"
"4606","蔥爆沙茶牛肉炒麵","Root;食材;全穀雜糧類;其它類;肉類;蔬菜類;牛;蔥;調味料;麵;沙茶"
"4607","蔥鹽手撕雞沙拉","Root;食材;其它類;肉類;蔬菜類;沙拉;蔥;調味料;雞;鹽"
"4608","蔥鹽雞肉麵沙拉","Root;食材;全穀雜糧類;其它類;肉類;蔬菜類;沙拉;蔥;調味料;雞;麵;鹽"
"4609","蔬享主義麻油猴頭菇煲","Root;食材;油類;蔬菜類;菌菇;麻油"
"4610","蔬活腿排補力餐盒","Root;食材;肉類;蔬菜類"
"4611","蔬食鮪魚飯糰","Root;食材;全穀雜糧類;海鮮類;蔬菜類;米飯類;魚類;飯糰;鮪魚"
"4612","蔻蔻那椰香優格(芒果椰椰)","Root;食材;乳品類;其它類;水果類;椰子;牛奶;芒果;發酵乳;優酪優格"
"4613","蝦仁白醬焗烤飯","Root;食材;乳品類;全穀雜糧類;海鮮類;甲殼類;米飯類;起司;蝦"
"4614","蝦仁蛋炒飯","Root;食材;全穀雜糧類;海鮮類;蛋類;甲殼類;米飯類;炒飯;蝦"
"4615","蝦醬高麗菜","Root;食材;海鮮類;蔬菜類;甲殼類;葉菜類蔬菜;蝦;高麗菜"
"4616","豬肉起司蛋鬆餅堡","Root;食材;乳品類;全穀雜糧類;肉類;蛋類;豬;起司"
"4617","豬蹄花","Root;食材;肉類;豬"
"4618","鄧師傅紅燒肉","Root;食材;肉類;豬"
"4619","鄧師傅酸白菜豬腳鍋","Root;食材;其它類;肉類;蔬菜類;葉菜類蔬菜;複合食品;豬;火鍋;白菜"
"4620","鄧師傅鮑魚海皇羹","Root;食材;其它類;海鮮類;複合食品;貝類;羹"
"4621","醇可可生土司","Root;食材;全穀雜糧類;堅果種子類;可可;麵包;吐司"
"4622","醇乳香土司","Root;食材;全穀雜糧類;麵包;吐司"
"4623","醇厚焙茶霜淇淋","Root;食材;其它類;飲品類;點心甜品類;冰品;茶類;霜淇淋"
"4624","醇黑厚可可","Root;食材;堅果種子類;可可"
"4625","醇濃黑巧鬆餅","Root;食材;全穀雜糧類;堅果種子類;可可"
"4626","戰酒黑金龍高粱醉蝦","Root;食材;其它類;海鮮類;甲殼類;飲品類;蝦;酒;高粱"
"4627","橋村炸雞新極大飯糰","Root;食材;全穀雜糧類;肉類;米飯類;雞;飯糰"
"4628","橋村辣醬熱狗","Root;食材;肉類;蔬菜類;加工肉品;辣椒"
"4629","橙香巧克力霜淇淋","Root;食材;其它類;堅果種子類;水果類;可可;柑橘;點心甜品類;冰品;柳橙;霜淇淋"
"4630","濃可可蛋糕捲","Root;食材;其它類;堅果種子類;可可;點心甜品類;蛋糕"
"4631","濃拿坡里義大利麵","Root;食材;全穀雜糧類;麵;義大利麵"
"4632","濃泰式奶茶奶蓋雪糕","Root;食材;乳品類;其它類;牛奶;飲品類;點心甜品類;冰品;茶類;冰棒雪糕;奶茶"
"4633","濃萃美式咖啡","Root;食材;其它類;飲品類;咖啡;黑咖啡"
"4634","濃萃拿鐵咖啡","Root;食材;其它類;飲品類;咖啡;拿鐵"
"4635","濃黑巧克力霜淇淋","Root;食材;其它類;堅果種子類;可可;點心甜品類;冰品;霜淇淋"
"4636","燒燒仙草","Root;食材;其它類;中藥材;仙草"
"4637","燕麥奶拿鐵(OATLY/愛之味)","Root;食材;全穀雜糧類;其它類;飲品類;麥;咖啡;燕麥;拿鐵"
"4638","燕麥拿鐵","Root;食材;全穀雜糧類;其它類;飲品類;麥;咖啡;燕麥;拿鐵"
"4639","獨饗厚蛋培根蛋餅","Root;食材;全穀雜糧類;肉類;蛋類;加工肉品;麵餅;培根"
"4640","獨饗薄皮黃金煎餃","Root;食材;全穀雜糧類;餃子"
"4641","獨饗雙起司蔥抓餅","Root;食材;乳品類;全穀雜糧類;蔬菜類;蔥;起司;麵餅"
"4642","築間香麻奶鍋","Root;食材;乳品類;其它類;牛奶;複合食品;火鍋"
"4643","糖炒栗子霜淇淋","Root;食材;其它類;堅果種子類;點心甜品類;冰品;霜淇淋"
"4644","糖醋炸雞","Root;食材;其它類;肉類;調味料;雞;醋"
"4645","糖醋魚片","Root;食材;其它類;海鮮類;調味料;魚類;醋"
"4646","糖醋雞丁","Root;食材;其它類;肉類;調味料;雞;醋"
"4647","膳馨上湯干貝燉烏雞","Root;食材;其它類;海鮮類;肉類;複合食品;貝類;雞;干貝;湯品"
"4648","膳馨原盅厚菇燉雞湯","Root;食材;其它類;肉類;蔬菜類;菌菇;複合食品;雞;湯品"
"4649","膳馨綠竹筍排骨湯","Root;食材;其它類;肉類;蔬菜類;筍子;複合食品;豬;排骨;湯品"
"4650","膳馨櫻花蝦油飯","Root;食材;全穀雜糧類;海鮮類;甲殼類;米飯類;蝦"
"4651","臻麷糖醋鱸魚","Root;食材;其它類;海鮮類;調味料;魚類;醋"
"4652","蕃茄肉醬義大利麵","Root;食材;全穀雜糧類;水果類;肉類;加工肉品;番茄;麵;義大利麵"
"4653","蕃茄起司手工千層麵","Root;食材;乳品類;全穀雜糧類;水果類;番茄;起司;麵"
"4654","蕉個芒果酷繽沙","Root;食材;其它類;水果類;芒果;香蕉;點心甜品類;冰品;冰沙"
"4655","貓咪糖片土司","Root;食材;全穀雜糧類;麵包;吐司"
"4656","錦霞樓海鮮羹","Root;食材;其它類;海鮮類;複合食品;羹"
"4657","隨緣川味時蔬炒飯","Root;食材;全穀雜糧類;蔬菜類;米飯類;炒飯"
"4658","隨緣白醬松露義大利麵","Root;食材;全穀雜糧類;蔬菜類;菌菇;麵;義大利麵"
"4659","靜岡抹茶霜淇淋","Root;食材;其它類;飲品類;點心甜品類;冰品;茶類;綠茶抹茶;霜淇淋"
"4660","靜岡抹茶鮮奶茶","Root;食材;乳品類;其它類;牛奶;飲品類;茶類;奶茶;綠茶抹茶"
"4661","龍蝦手捲","Root;食材;全穀雜糧類;海鮮類;甲殼類;米飯類;蝦"
"4662","龜甲萬紅茶豆乳","Root;食材;其它類;豆類;豆漿豆奶;飲品類;茶類;紅茶"
"4663","優果甜坊醇厚熟布丁","Root;食材;其它類;點心甜品類;凍類甜品;布丁"
"4664","優格彩蔬棒沙拉","Root;食材;乳品類;其它類;蔬菜類;沙拉;牛奶;發酵乳;優酪優格"
"4665","優菓甜坊仙草凍","Root;食材;其它類;中藥材;點心甜品類;仙草;凍類甜品"
"4666","優菓甜坊可可玉米片鮮奶酪","Root;食材;乳品類;全穀雜糧類;堅果種子類;其它乳製品;可可;玉米"
"4667","優菓甜坊杏仁豆腐","Root;食材;堅果種子類;豆類;杏仁;豆腐"
"4668","優菓甜坊紅豆紫米湯","Root;食材;全穀雜糧類;其它類;米飯類;紅豆綠豆;複合食品;湯品"
"4669","優菓甜坊黑糖豆花","Root;食材;其它類;豆類;點心甜品類;黑糖"
"4670","優菓甜坊黑糖檸檬愛玉","Root;食材;其它類;水果類;柑橘;點心甜品類;凍類甜品;檸檬;黑糖"
"4671","優菓甜坊椰香紫芋露","Root;食材;全穀雜糧類;其它類;椰子;芋頭"
"4672","優菓甜坊楊枝甘露","Root;食材;其它類;點心甜品類"
"4673","優菓甜坊蒟蒻薏仁綠豆湯","Root;食材;全穀雜糧類;其它類;紅豆綠豆;複合食品;點心甜品類;凍類甜品;湯品;蒟蒻"
"4674","優菓甜坊銀耳蓮子湯","Root;食材;其它類;堅果種子類;蔬菜類;菌菇;複合食品;木耳;湯品"
"4675","優菓甜坊摩摩喳喳甜湯","Root;食材;其它類;複合食品;湯品"
"4676","優質池上飯","Root;食材;全穀雜糧類;米飯類"
"4677","櫛瓜溏心蛋時蔬沙拉餐","Root;食材;其它類;蔬菜類;蛋類;沙拉;瓜果類蔬菜"
"4678","營多火辣雞肉拌炒麵","Root;食材;全穀雜糧類;肉類;蔬菜類;辣椒;雞;麵"
"4679","總匯涼麵","Root;食材;全穀雜糧類;麵"
"4680","薄荷巧克力酷繽沙","Root;食材;其它類;堅果種子類;可可;點心甜品類;冰品;冰沙"
"4681","薯泥鮮蔬蛋沙拉","Root;食材;全穀雜糧類;其它類;蔬菜類;蛋類;沙拉;馬鈴薯"
"4682","霜降和牛飯糰","Root;食材;全穀雜糧類;肉類;牛;米飯類;飯糰"
"4683","韓式火焰辣烤雞腿","Root;食材;肉類;蔬菜類;辣椒;雞"
"4684","韓式泡菜冷烏龍麵","Root;食材;全穀雜糧類;蔬菜類;葉菜類蔬菜;麵;泡菜"
"4685","韓式泡菜炒豬五花","Root;食材;肉類;蔬菜類;葉菜類蔬菜;豬;泡菜"
"4686","韓式炒雜菜","Root;食材;蔬菜類"
"4687","韓式炸G","Root;食材;肉類;雞"
"4688","韓式炸雞","Root;食材;肉類;雞"
"4689","韓式炸雞厚土司","Root;食材;全穀雜糧類;肉類;雞;麵包;吐司"
"4690","韓式海鮮煎餅","Root;食材;全穀雜糧類;海鮮類;麵餅"
"4691","韓式起司炸雞義大利麵","Root;食材;乳品類;全穀雜糧類;肉類;起司;雞;麵;義大利麵"
"4692","韓式魚板棒","Root;食材;海鮮類;魚類"
"4693","韓式麻藥溏心蛋","Root;食材;蛋類"
"4694","韓式蒜味炸雞","Root;食材;肉類;蔬菜類;蒜;雞"
"4695","韓式燒肉泡菜飯糰","Root;食材;全穀雜糧類;肉類;蔬菜類;米飯類;葉菜類蔬菜;泡菜;飯糰"
"4696","韓式燒肉起司捲便當","Root;食材;乳品類;其它類;肉類;複合食品;起司;便當"
"4697","韓式醬燒雞肉丸","Root;食材;肉類;雞"
"4698","韓式雜菜冬粉","Root;食材;全穀雜糧類;蔬菜類;麵"
"4699","韓國[Dongwon]兩班海帶芽","Root;食材;蔬菜類"
"4700","韓國Will低糖發酵乳","Root;食材;乳品類;牛奶;發酵乳"
"4701","韓國Will原味發酵乳","Root;食材;乳品類;牛奶;發酵乳"
"4702","韓國天日鹽海苔","Root;食材;其它類;蔬菜類;海苔;調味料;鹽"
"4703","韓國芒果優格軟糖","Root;食材;乳品類;其它類;水果類;牛奶;芒果;點心甜品類;發酵乳;優酪優格"
"4704","韓國延世大學抹茶生乳包","Root;食材;乳品類;全穀雜糧類;其它類;其它乳製品;飲品類;麵包;茶類;綠茶抹茶"
"4705","韓國延世大學原味生乳包","Root;食材;乳品類;全穀雜糧類;其它乳製品;麵包"
"4706","韓國延世大學草莓生乳包","Root;食材;乳品類;全穀雜糧類;水果類;其它乳製品;莓果;麵包;草莓"
"4707","韓國起司魚肉熱狗","Root;食材;乳品類;海鮮類;肉類;加工肉品;起司;魚類"
"4708","韓國堅果糖餅","Root;食材;其它類;堅果種子類;點心甜品類;零食餅乾"
"4709","韓國瑞典風格草莓蘇打軟糖","Root;食材;其它類;水果類;莓果;點心甜品類;草莓"
"4710","韓國義大利麵造型可可","Root;食材;堅果種子類;可可"
"4711","韓國樂天石頭造型巧克力","Root;食材;堅果種子類;可可"
"4712","韓國樂天青葡萄風味QQ軟糖","Root;食材;其它類;水果類;葡萄;點心甜品類"
"4713","韓國樂天綜合水果軟糖","Root;食材;其它類;水果類;點心甜品類"
"4714","韓國樂天酸酸軟糖萊姆葡萄風味","Root;食材;其它類;水果類;柑橘;葡萄;點心甜品類;檸檬"
"4715","韓國麵包三兄弟","Root;食材;全穀雜糧類;麵包"
"4716","韓國麝香葡萄繽紛杯","Root;食材;水果類;葡萄"
"4717","鮪魚肉鬆雙手卷","Root;食材;全穀雜糧類;海鮮類;肉類;加工肉品;米飯類;魚類;肉鬆;鮪魚"
"4718","鮪魚沙拉","Root;食材;其它類;海鮮類;沙拉;魚類;鮪魚"
"4719","鮪魚洋芋溏心蛋三明治","Root;食材;全穀雜糧類;海鮮類;蛋類;馬鈴薯;魚類;麵包;三明治;鮪魚"
"4720","鮪魚蛋沙拉三明治","Root;食材;全穀雜糧類;其它類;海鮮類;蛋類;沙拉;魚類;麵包;三明治;鮪魚"
"4721","鮪魚飯糰","Root;食材;全穀雜糧類;海鮮類;米飯類;魚類;飯糰;鮪魚"
"4722","鮪魚雞蛋蔬菜捲餅","Root;食材;全穀雜糧類;海鮮類;蔬菜類;蛋類;魚類;麵餅;鮪魚"
"4723","鮭魚奶油義大利麵","Root;食材;全穀雜糧類;其它類;海鮮類;奶油;魚類;麵;義大利麵;鮭魚"
"4724","鮭魚起司炒飯飯糰(圓)","Root;食材;乳品類;全穀雜糧類;海鮮類;米飯類;起司;魚類;炒飯;飯糰;鮭魚"
"4725","鮭魚蛋炒飯","Root;食材;全穀雜糧類;海鮮類;蛋類;米飯類;魚類;炒飯;鮭魚"
"4726","鮭魚鮭魚卵(圓)","Root;食材;海鮮類;魚類;魚卵;鮭魚"
"4727","鮭魚雞粒炒飯","Root;食材;全穀雜糧類;海鮮類;肉類;米飯類;雞;魚類;炒飯;鮭魚"
"4728","鮮奶可可","Root;食材;乳品類;堅果種子類;可可;牛奶"
"4729","鮮芋仙XDRIPO紅茶牛乳奶凍","Root;食材;乳品類;其它類;牛奶;飲品類;點心甜品類;凍類甜品;茶類;紅茶"
"4730","鮮芋仙-家庭號仙草凍","Root;食材;其它類;中藥材;點心甜品類;仙草;凍類甜品"
"4731","鮮芋仙-家庭號愛玉凍","Root;食材;其它類;點心甜品類;凍類甜品"
"4732","鮮乳坊拿鐵","Root;食材;乳品類;其它類;牛奶;飲品類;咖啡;拿鐵"
"4733","鮮果實軟糖Marosh—白葡萄","Root;食材;其它類;水果類;葡萄;點心甜品類"
"4734","鮮果實軟糖—檸檬口味","Root;食材;其它類;水果類;柑橘;點心甜品類;檸檬"
"4735","鮮果實愛心圈圈軟糖—綜合水果","Root;食材;其它類;水果類;點心甜品類"
"4736","鮮香菇","Root;食材;蔬菜類;菌菇"
"4737","鮮菇肉絲炒水蓮","Root;食材;肉類;蔬菜類;菌菇;葉菜類蔬菜"
"4738","鮮萃四季春茶包","Root;食材;其它類;飲品類;茶類;烏龍青茶"
"4739","鮮嫩鴨胸佐無花果沙拉","Root;食材;其它類;水果類;肉類;其他水果;沙拉;鴨"
"4740","鮮蔬鮪魚三角飯糰","Root;食材;全穀雜糧類;海鮮類;蔬菜類;米飯類;魚類;飯糰;鮪魚"
"4741","鮮蝦青醬義大利麵","Root;食材;全穀雜糧類;海鮮類;甲殼類;麵;義大利麵;蝦"
"4742","鮮蝦蛋沙拉","Root;食材;其它類;海鮮類;蛋類;沙拉;甲殼類;蝦"
"4743","鮮蘿蔔","Root;食材;蔬菜類;根莖類蔬菜;蘿蔔"
"4744","點點心港式臘味蘿蔔糕","Root;食材;蔬菜類;根莖類蔬菜;蘿蔔"
"4745","燻烤蝴蝶棒腿","Root;食材;肉類"
"4746","燻雞菇菇彩蔬三明治","Root;食材;全穀雜糧類;肉類;蔬菜類;菌菇;雞;麵包;三明治"
"4747","燻雞總匯鮮蔬三明治","Root;食材;全穀雜糧類;肉類;蔬菜類;雞;麵包;三明治"
"4748","藍莓夾心土司","Root;食材;全穀雜糧類;水果類;莓果;麵包;吐司;藍莓"
"4749","藍莓乳酪三明治","Root;食材;乳品類;全穀雜糧類;水果類;莓果;起司;麵包;三明治;藍莓"
"4750","藍莓香蕉牛奶果昔","Root;食材;乳品類;水果類;牛奶;莓果;香蕉;藍莓"
"4751","藍莓起司霜淇淋","Root;食材;乳品類;其它類;水果類;莓果;起司;點心甜品類;冰品;藍莓;霜淇淋"
"4752","貘抖明星巧克力巧酥牛奶雪糕","Root;食材;乳品類;其它類;堅果種子類;可可;牛奶;點心甜品類;冰品;冰棒雪糕"
"4753","貘貘桃霜淇淋","Root;食材;其它類;點心甜品類;冰品;霜淇淋"
"4754","贅沢八女抹茶拿鐵","Root;食材;其它類;飲品類;咖啡;茶類;拿鐵;綠茶抹茶"
"4755","醬皇牛腱飯","Root;食材;全穀雜糧類;肉類;牛;米飯類"
"4756","醬香豬耳絲","Root;食材;肉類;豬"
"4757","醬烤牛五花捲餅","Root;食材;全穀雜糧類;肉類;牛;麵餅"
"4758","醬煮虱目魚肚","Root;食材;海鮮類;魚類;虱目魚"
"4759","醬燒里肌鮮蔬三明治","Root;食材;全穀雜糧類;肉類;蔬菜類;麵包;三明治"
"4760","雙月仙草雲飲","Root;食材;其它類;中藥材;飲品類;仙草"
"4761","雙月嫩仙草凍","Root;食材;其它類;中藥材;點心甜品類;仙草;凍類甜品"
"4762","雙月檸檬愛玉凍","Root;食材;其它類;水果類;柑橘;點心甜品類;凍類甜品;檸檬"
"4763","雙色可可牛奶風味","Root;食材;乳品類;堅果種子類;可可;牛奶"
"4764","雙色可可草莓風味","Root;食材;堅果種子類;水果類;可可;莓果;草莓"
"4765","雙色地瓜起司三明治","Root;食材;乳品類;全穀雜糧類;地瓜;起司;麵包;三明治"
"4766","雙果長纖全麥土司","Root;食材;全穀雜糧類;水果類;麥;麵包;吐司"
"4767","雙拼起司紅醬焗飯","Root;食材;乳品類;全穀雜糧類;米飯類;起司"
"4768","雙重葡萄風味碳酸水","Root;食材;其它類;水果類;葡萄;飲品類;汽水"
"4769","雙倍肉桂捲口味夾心餅乾","Root;食材;其它類;點心甜品類;零食餅乾"
"4770","雙倍起司火腿蛋三明治","Root;食材;乳品類;全穀雜糧類;肉類;蛋類;加工肉品;起司;麵包;三明治;火腿"
"4771","雙起司火腿蔥抓餅","Root;食材;乳品類;全穀雜糧類;肉類;蔬菜類;加工肉品;蔥;起司;麵餅;火腿"
"4772","雙起司蔥抓餅","Root;食材;乳品類;全穀雜糧類;蔬菜類;蔥;起司;麵餅"
"4773","雙葉四季春奶蓋珍珠雪糕","Root;食材;乳品類;全穀雜糧類;其它類;牛奶;珍珠粉粿;飲品類;點心甜品類;冰品;茶類;冰棒雪糕;烏龍青茶"
"4774","雙蔬鮪魚飯糰","Root;食材;全穀雜糧類;海鮮類;蔬菜類;米飯類;魚類;飯糰;鮪魚"
"4775","雜糧歐式麵包","Root;食材;全穀雜糧類;麵包"
"4776","雞汁油蔥手工麵線","Root;食材;全穀雜糧類;油類;肉類;蔬菜類;蔥;雞;麵"
"4777","雞肉蛋白棒-黑胡椒風味","Root;食材;其它類;肉類;調味料;雞;胡椒"
"4778","雞肉飯飯糰","Root;食材;全穀雜糧類;肉類;米飯類;雞;飯糰"
"4779","雞蛋沙拉三明治","Root;食材;全穀雜糧類;其它類;蛋類;沙拉;麵包;三明治"
"4780","雞湯高粥","Root;食材;全穀雜糧類;其它類;肉類;米飯類;複合食品;雞;湯品"
"4781","雞絲蔥開煨麵","Root;食材;全穀雜糧類;肉類;蔬菜類;蔥;雞;麵"
"4782","懷舊鳳梨冰沙","Root;食材;其它類;水果類;鳳梨;點心甜品類;冰品;冰沙"
"4783","瀧厚戰斧豬排","Root;食材;肉類;豬"
"4784","爆汁起司熱狗","Root;食材;乳品類;肉類;加工肉品;起司"
"4785","爆炒台灣豚本丸","Root;食材;肉類;豬"
"4786","爆炒滷雞胗","Root;食材;肉類;內臟及血製品;雞"
"4787","爆蛋燒肉新極大飯糰","Root;食材;全穀雜糧類;肉類;蛋類;米飯類;飯糰"
"4788","爆漿燻腸起司飯卷","Root;食材;乳品類;全穀雜糧類;肉類;加工肉品;米飯類;起司"
"4789","羅勒青醬嫩雞胸冷麵","Root;食材;全穀雜糧類;肉類;蔬菜類;雞;麵"
"4790","藥膳雞湯","Root;食材;其它類;肉類;中藥材;複合食品;雞;湯品"
"4791","藷童謠X芋圓王雙圓","Root;食材;全穀雜糧類;其它類;芋頭;點心甜品類"
"4792","譚府海鮮黃金羹","Root;食材;其它類;海鮮類;複合食品;羹"
"4793","關東煮春雨","Root;食材;全穀雜糧類;麵"
"4794","關東煮科學麵","Root;食材;全穀雜糧類;麵"
"4795","鬍鬚林雞爪凍","Root;食材;肉類;雞"
"4796","鬍鬚張黃金雞絲","Root;食材;肉類;雞"
"4797","鬍鬚張經典豬腳","Root;食材;肉類;豬"
"4798","嚴選玉米笛","Root;食材;全穀雜糧類;玉米"
"4799","寶卡卡瑪格麗特披薩口味","Root;食材;全穀雜糧類;麵餅"
"4800","糯麥菇菇雞湯沙拉","Root;食材;全穀雜糧類;其它類;肉類;蔬菜類;沙拉;菌菇;複合食品;雞;麥;湯品"
"4801","繽紛水果拼盤","Root;食材;水果類"
"4802","蘋果牛奶酷繽沙","Root;食材;乳品類;其它類;水果類;牛奶;蘋果;點心甜品類;冰品;冰沙"
"4803","蘋果芒芒綠","Root;食材;其它類;水果類;芒果;蘋果;飲品類;茶類"
"4804","蘋果油醋雞肉麵沙拉","Root;食材;全穀雜糧類;其它類;水果類;油類;肉類;沙拉;蘋果;調味料;雞;麵;醋"
"4805","蘋果派酷繽沙","Root;食材;其它類;水果類;蘋果;點心甜品類;冰品;冰沙"
"4806","蠔油肉絲燴鮮菇","Root;食材;肉類;蔬菜類;菌菇"
"4807","馨苑干貝海鮮煲粥","Root;食材;全穀雜糧類;海鮮類;米飯類;貝類;干貝"
"4808","馨苑香滷豬腳丁","Root;食材;肉類;豬"
"4809","馨苑涼拌干絲","Root;食材;豆類"
"4810","馨苑薑絲鱸魚湯","Root;食材;其它類;海鮮類;蔬菜類;薑;複合食品;魚類;湯品"
"4811","櫸木燻雞飯糰","Root;食材;全穀雜糧類;肉類;米飯類;雞;飯糰"
"4812","櫻花抹茶棒","Root;食材;其它類;飲品類;茶類;綠茶抹茶"
"4813","櫻花霜淇淋","Root;食材;其它類;點心甜品類;冰品;霜淇淋"
"4814","蘭姆葡萄霜淇淋","Root;食材;其它類;水果類;葡萄;點心甜品類;冰品;霜淇淋"
"4815","蠟筆小新糖果機","Root;食材;其它類;點心甜品類"
"4816","轟炸火辣雞翅","Root;食材;肉類;蔬菜類;辣椒;雞"
"4817","轟炸火辣雞腿排","Root;食材;肉類;蔬菜類;辣椒;雞"
"4818","鐵板烤肉飯糰","Root;食材;全穀雜糧類;肉類;米飯類;飯糰"
"4819","鐵道排骨便當","Root;食材;其它類;肉類;複合食品;豬;便當;排骨"
"4820","鐵道雞腿便當","Root;食材;其它類;肉類;複合食品;雞;便當"
"4821","鐵觀音濃茶奶蓋雪糕","Root;食材;乳品類;其它類;牛奶;飲品類;點心甜品類;冰品;茶類;冰棒雪糕"
"4822","鐵觀音霜淇淋","Root;食材;其它類;飲品類;點心甜品類;冰品;茶類;霜淇淋"
"4823","霸王黃金香雞腿","Root;食材;肉類;雞"
"4824","霸王黃金酷辣雞腿排","Root;食材;肉類;蔬菜類;辣椒;雞"
"4825","饗麻饗辣天香麻辣鍋","Root;食材;其它類;複合食品;調味料;火鍋;麻辣"
"4826","鰹魚辣醬粉絲煲","Root;食材;全穀雜糧類;海鮮類;蔬菜類;辣椒;魚類;麵"
"4827","鱈魚蛋白棒-起司風味","Root;食材;乳品類;海鮮類;起司;魚類;鱈魚"
"4828","蘿蔔絲酥餅","Root;食材;蔬菜類;根莖類蔬菜;蘿蔔"
"4829","鹽之花奶霜烏龍酷繽沙","Root;食材;乳品類;其它類;牛奶;調味料;飲品類;點心甜品類;冰品;茶類;鹽;冰沙;烏龍青茶"
"4830","鹽奶油蛋白能量棒","Root;食材;其它類;奶油;調味料;鹽"
"4831","鹽豆乳泡麵","Root;食材;全穀雜糧類;其它類;豆類;調味料;豆漿豆奶;麵;鹽"
"4832","鹽酥香菇","Root;食材;其它類;蔬菜類;菌菇;調味料;鹽"
"4833","鹽蔥燒肉飯糰","Root;食材;全穀雜糧類;其它類;肉類;蔬菜類;米飯類;蔥;調味料;飯糰;鹽"
"4834","鹽鮭三角飯糰","Root;食材;全穀雜糧類;其它類;海鮮類;米飯類;調味料;魚類;飯糰;鮭魚;鹽"
"4835","讚岐烏龍麵","Root;食材;全穀雜糧類;麵"
