101 113 4229 1886 1759 1385 114 1061 3477 5709 4495 7937 5139 102
101 113 4229 1886 1759 1385 114 710 7930 7802 7797 6629 1385 102
101 113 4229 1886 1759 1385 114 710 7930 7802 7797 2075 6028 102
101 113 4229 1886 1759 1385 114 2341 5546 1377 1377 7937 5139 102
101 113 4229 1886 1759 1385 114 7027 5491 5489 6028 102
101 113 4229 1886 1759 1385 114 5709 4495 7016 4252 1824 3418 102
101 113 4229 1886 1759 1385 114 7471 7016 7430 5187 102
101 113 4229 1886 1759 1385 114 1331 6629 1385 6028 102
101 113 4229 1886 1759 1385 114 5401 2466 100 4252 5591 102
101 113 4229 1886 1759 1385 114 7676 2371 5692 3799 7032 3763 102
101 113 4229 1886 1759 1385 114 5153 1953 5679 7591 1456 4171 7430 102
101 113 4229 1886 1759 1385 114 7520 710 3556 7676 6793 2802 2862 7430 102
101 113 4229 1886 1759 1385 114 7016 4240 4147 4171 4281 102
101 138 2207 942 7608 2125 140 7946 5131 4382 4456 1724 4289 7614 102
101 138 2207 942 7608 2125 140 7946 5131 3424 1755 5148 3474 5763 102
101 138 8216 3791 6947 140 1073 5966 2897 1837 1476 1565 102
101 138 8216 3791 6947 140 3513 1501 2897 1837 1476 1565 102
101 138 124 7953 122 1174 140 679 2682 1391 5131 118 3189 3299 4059 1959 5763 113 3938 5131 114 102
101 138 124 7953 122 1174 140 2851 5763 6486 1959 102
101 138 124 7953 122 1174 140 5148 5763 6486 1959 102
101 138 124 7953 122 1174 140 7946 5698 7937 6486 1959 102
101 138 124 7953 122 1174 140 5195 1073 118 4151 4240 1959 5763 102
101 138 124 7953 122 1174 140 5195 1073 1333 1456 1959 5763 102
101 138 124 7953 122 1174 140 7804 5842 1107 7512 1724 2108 3217 102
101 138 124 7953 122 1174 140 7804 5842 1107 7512 7941 7032 5935 7930 5763 102
101 138 124 7953 122 1174 140 7804 5842 1107 7512 6057 7676 4166 7983 102
101 138 100 140 100 1315 3988 1476 1565 118 5195 1073 102
101 138 100 140 100 100 1476 1565 118 1305 2357 1936 6330 102
101 138 100 140 100 1476 1565 118 4083 1331 4192 5131 2897 7136 102
101 138 100 140 100 1476 1565 118 4193 5131 4454 1936 3321 102
101 138 100 140 2851 5763 2897 7136 5106 102
101 138 100 140 5710 7003 1315 3988 1476 1565 102
101 138 100 140 4083 1331 2851 5763 2897 7136 5106 102
101 138 100 2695 4288 140 2548 1751 5155 4281 1959 102
101 138 100 3308 3189 140 100 6493 7676 7946 1476 1565 102
101 138 100 3308 3189 140 1282 1063 5763 7439 1476 1565 1728 6185 3175 5763 102
101 138 100 3308 3189 140 1282 1063 5763 7439 1476 1565 1728 6486 745 1959 5763 102
101 138 100 3308 3189 140 1476 1565 1728 6185 3175 5763 102
101 138 100 3308 3189 140 1333 1456 1377 4273 2553 2590 7614 3160 102
101 138 100 140 1959 6983 7591 1456 1315 3988 1476 1565 102
101 138 100 140 7676 5770 7591 1456 1315 3988 1476 1565 102
101 138 100 140 7676 4083 4193 5131 7591 1456 1315 3988 1476 1565 102
101 138 100 140 3527 3362 7591 1456 1315 3988 1476 1565 102
101 138 100 6509 2590 2188 1051 140 6057 3425 3362 5763 102
101 138 100 6509 2590 2188 1051 140 3600 3597 5148 5763 102
101 138 100 6509 2590 2188 1051 140 6208 4658 2094 3362 5763 102
101 138 100 140 1506 2166 4478 4281 1959 118 924 719 6310 1456 745 102
101 138 100 140 7676 5933 4281 1959 118 924 719 6310 1456 745 102
101 138 100 140 3412 2094 4281 1959 120 924 719 6310 1456 745 102
101 138 100 140 5770 5803 4281 1959 118 924 719 6310 1456 745 102
101 138 100 118 100 1378 6983 4495 2825 140 3424 1755 7946 7930 3723 102
101 138 100 118 100 1378 6983 4495 2825 140 4166 3449 7946 7930 3723 102
101 138 100 140 100 100 7676 3600 3449 7591 1456 7614 3160 102
101 138 100 140 676 1147 2272 4240 3862 5726 118 2761 722 3449 1366 1456 102
101 138 100 140 4412 6515 170 3791 1751 4635 5984 1765 3717 3362 6028 5130 102
101 138 100 140 4412 6515 170 5739 1751 7676 3160 3717 3362 6028 5130 102
101 138 100 140 4412 6515 170 5739 1751 3607 3425 3717 3362 6028 5130 102
101 138 100 140 4412 6515 170 5195 1073 5739 2466 3717 3362 6028 5130 102
101 138 100 140 4412 6515 170 5979 3419 5984 2014 1894 2555 3717 3362 6028 5130 102
101 138 100 140 6862 3988 7946 1476 1565 102
101 138 100 1305 2623 140 7521 6554 1305 2623 1759 100 7797 2947 4240 102
101 138 100 1305 2623 140 7521 6554 1305 2623 7606 7797 2947 4240 102
101 138 100 140 2168 3362 3556 3717 3362 7930 4275 102
101 138 100 140 2168 3362 3556 3938 5131 3717 3362 7930 4275 102
101 138 12722 8139 8377 140 1315 3988 5125 1501 7946 1476 1565 102
101 138 12722 8139 8377 140 3513 4397 6908 2821 3613 1959 3779 5529 3425 4099 2965 2466 1476 1565 118 704 4189 102
101 138 12722 8139 8377 140 3513 4397 6908 2821 3613 4099 2965 2466 1476 1565 118 704 4189 1377 1377 1830 102
101 138 12722 8625 8154 140 3435 3453 7930 1100 5763 102
101 138 100 140 7515 5159 4448 1894 4635 2341 1046 1213 5106 102
101 138 100 140 7515 5159 4448 1894 7946 2341 1046 1213 5106 102
101 138 100 112 161 140 856 5131 6208 4658 5803 3496 2094 4944 5546 5546 102
101 138 100 112 161 140 5770 5803 5803 3362 5546 4944 1846 102
101 138 100 112 161 140 7770 6028 4635 3331 785 3527 3362 4944 5546 5546 102
101 138 100 112 161 140 4494 6057 5981 3362 5546 4944 1846 102
101 138 100 112 161 140 5198 1394 5803 3362 4944 4289 4242 7930 4275 102
101 138 100 140 3805 2466 5148 5763 118 4192 5682 5162 4276 102
101 138 100 140 3805 1751 2797 3560 676 1394 671 3805 2466 1959 5763 7401 6716 1259 102
101 138 100 1936 1240 140 5543 7030 7614 7941 7032 3384 7591 1456 102
101 138 100 1936 1240 140 5543 7030 7614 118 4229 2380 4636 7676 3362 102
101 138 100 2695 1391 140 3779 1147 803 3500 4166 3449 5763 102
101 138 100 2695 1391 140 7946 5131 5439 5952 4275 102
101 138 100 140 4635 7434 7502 2466 1100 5106 102
101 138 100 140 5981 3362 1102 5763 4495 745 2947 102
101 138 100 140 4294 6908 1476 1565 5106 102
101 138 100 140 3918 4189 1476 1565 5106 102
101 138 100 140 100 7515 5159 746 4246 1331 1147 3862 5726 4240 102
101 138 100 140 7032 7695 4691 7770 2255 5763 5763 5864 7136 5380 1947 5175 102
101 138 100 140 5148 3474 4373 5001 7430 3966 102
101 138 100 140 7676 5823 7430 3966 102
101 138 100 140 3805 1751 2207 4534 2157 3189 2466 1288 1147 3862 5726 142 1333 1456 102
101 138 100 140 3805 1751 2207 4534 2157 3189 2466 1288 1147 3862 5726 142 6793 1456 102
101 138 100 140 7937 3779 7430 3966 102
101 138 100 140 7420 3633 2539 6182 6862 3988 1333 1456 3249 3827 4225 5763 5601 102
101 138 100 140 5973 5612 803 5770 7430 3966 102
101 138 100 100 3362 3189 1032 6908 140 100 1107 1886 5198 1394 5270 3362 7065 5455 7463 102
101 138 100 100 140 3941 3941 7852 3563 7027 6205 3172 7032 4773 7946 5131 102
101 138 100 119 100 7015 4495 978 2434 3189 6250 140 7866 3779 7676 5920 102
101 138 100 4288 1842 140 5148 5763 4281 745 1315 3988 7614 1501 102
101 138 100 140 3189 2466 2897 7136 1476 1565 102
101 138 100 140 3189 2466 7946 1476 1565 102
101 138 100 140 2541 1174 1828 1377 1377 7591 1456 7614 120 4281 1959 7591 1456 7614 102
101 138 100 140 4640 2157 1315 3988 1476 1565 102
101 138 100 140 2548 1751 100 4640 2157 3817 4491 5825 5763 102
101 138 100 140 2548 1751 4640 2157 843 4265 5763 102
101 138 100 140 2548 1751 4640 2157 5739 2466 7095 5984 5763 102
101 138 100 140 2548 1751 4640 2157 5946 5792 5763 102
101 138 100 3719 3556 140 3719 3556 4166 7983 5763 102
101 138 100 3719 3556 140 3719 3556 3249 3827 5763 102
101 138 100 3719 3556 140 1713 6908 1100 3036 7770 2255 4166 7983 5763 4891 4665 102
101 138 100 140 7676 6989 4229 4318 3472 102
101 138 9579 10538 140 1266 3862 6887 4281 1959 7591 1456 7434 7619 102
101 138 100 100 7606 2682 5763 140 3600 3597 5148 5763 102
101 138 100 140 100 100 2897 7136 676 1394 671 1315 3988 1476 1565 102
101 138 100 140 100 100 676 1394 671 1315 3988 1476 1565 102
101 138 100 140 100 1305 2357 1071 6330 1476 1565 118 3496 1959 7591 1456 102
101 138 100 140 676 1394 671 1315 3988 1476 1565 102
101 138 100 140 1305 2357 1936 6330 1476 1565 118 3527 3362 7591 1456 102
101 138 100 140 1305 2357 1936 6330 1476 1565 118 3040 1305 7591 1456 102
101 138 100 140 5155 1476 1565 7030 6516 1259 102
101 138 100 140 1001 1936 5195 1073 676 1394 671 1315 3988 1476 1565 102
101 138 100 1605 765 140 4193 5131 7591 1456 7437 3321 2897 7136 102
101 138 100 1605 765 140 3527 3362 4635 2341 1046 1213 7591 1456 7437 3321 2897 7136 102
101 138 100 1605 765 140 4017 4099 2897 7136 1476 1565 102
101 138 100 1605 765 140 4017 4099 4192 5131 7946 1476 1565 102
101 138 100 100 140 100 6506 2255 4374 3534 3548 1102 3899 3900 102
101 138 100 100 140 100 5979 710 4374 3534 3548 1102 3899 3900 102
101 138 100 100 140 6506 2255 4374 3534 3548 2847 5958 102
101 138 100 100 140 6506 2255 4374 3534 3548 6028 1849 102
101 138 100 100 140 6506 2255 4374 3534 3548 7937 5139 102
101 138 100 100 140 676 1394 671 1476 1565 118 1333 1456 102
101 138 100 100 140 676 1394 671 1476 1565 118 3527 3362 102
101 138 100 100 140 676 1394 671 1476 1565 118 3040 1305 102
101 138 100 100 140 100 100 1102 5763 102
101 138 100 100 140 100 100 5401 2466 1476 1565 102
101 138 100 100 140 5401 2466 1476 1565 102
101 138 100 100 140 6044 6057 3600 3597 5763 118 3362 7016 102
101 138 100 100 140 7439 1305 1102 5763 118 3717 6057 3425 1366 1456 102
101 138 100 100 140 5888 5894 3362 1120 7614 118 3717 6057 3425 7591 1456 102
101 138 100 100 140 5888 5894 3362 1120 7614 118 4767 3534 7591 1456 102
101 138 100 100 140 5888 5894 3362 1120 7614 118 7471 5868 5843 7591 1456 102
101 138 100 100 140 5952 5763 118 3362 7016 102
101 138 100 100 140 7946 5131 3424 1755 5148 3474 5952 3678 5763 4834 102
101 138 100 140 1315 3988 1305 2357 1936 6330 118 4635 1476 1565 102
101 138 100 140 1315 3988 1305 2357 1936 6330 118 4494 1456 102
101 138 100 140 1315 3988 1305 2357 1936 6330 118 5204 738 5152 6310 1469 7591 1456 102
101 138 100 140 1315 3988 1377 1377 7614 102
101 138 100 112 161 140 100 100 4635 3175 5131 102
101 138 100 112 161 140 100 100 5148 3175 5131 102
101 138 100 112 161 1962 3229 140 8135 110 5155 1377 1377 5106 102
101 138 100 140 3490 4289 5489 746 118 2335 1456 3308 1921 3492 7591 1456 102
101 138 100 140 3490 4289 5489 746 118 1378 2466 7919 6989 7430 102
101 138 100 140 3490 4289 5489 746 118 3791 2466 3351 7463 7591 1456 102
101 138 100 140 3490 4289 5489 746 118 5401 2466 7946 5529 3492 102
101 138 100 140 3490 4289 5489 746 118 3805 2466 3600 3597 7591 1456 102
101 138 100 140 3490 4289 5489 746 118 7502 2466 6793 7430 7591 1456 102
101 138 100 140 3490 4289 3862 1456 118 5700 3314 7818 7797 5187 7591 1456 102
101 138 100 140 3490 4289 3862 1456 118 7000 6793 7799 7797 4275 7591 1456 102
101 138 100 140 7032 4277 1315 3988 1476 1565 118 856 1173 4080 2595 102
101 138 100 140 704 2428 4167 4189 1476 1565 5106 102
101 138 100 140 704 2428 4167 4189 3040 1305 1476 1565 5106 102
101 138 100 140 856 1476 1565 1728 1476 1565 5106 102
101 138 100 140 3918 2428 4167 4189 1476 1565 5106 102
101 138 100 140 4099 3796 2466 1476 1565 5106 102
101 138 100 7946 7861 140 3173 1217 1786 7919 6028 7941 7797 4649 118 1333 1456 120 1619 6793 102
101 138 100 100 140 100 5888 5894 3362 1120 118 6057 3379 7591 1456 102
101 138 100 118 100 823 5972 1754 140 100 112 100 6057 3425 5148 5763 102
101 138 100 118 100 823 5972 1754 140 100 112 100 5981 3362 5148 5763 102
101 138 100 140 1959 7676 1315 3988 1476 1565 102
101 138 100 140 7941 7032 1315 3988 1476 1565 102
101 138 100 119 100 140 856 1305 5888 5894 3362 1120 102
101 138 100 140 3717 6057 3425 3362 1120 7614 102
101 138 100 140 7928 7676 5868 5843 3362 1120 7614 102
101 138 100 140 745 7000 7591 1456 3362 1120 3454 102
101 138 100 100 140 3862 5726 6989 102
101 138 100 140 100 5401 2466 1476 1565 118 7028 4167 4189 102
101 138 100 140 100 5401 2466 1476 1565 118 6738 2428 4167 4189 102
101 138 100 140 676 945 4083 5240 2897 7136 102
101 138 100 140 7676 5770 7591 1456 2897 7136 102
101 138 100 140 2897 7136 102
101 138 100 140 2990 2861 5101 5979 7591 1456 2897 7136 102
101 138 100 140 7427 945 4083 5240 2897 7136 102
101 138 100 100 140 100 100 8325 110 4294 4083 1377 1377 5106 102
101 138 100 100 140 100 100 4281 1959 1377 1377 5106 102
101 138 100 100 140 100 100 5244 1274 4099 2965 1476 1565 7401 6716 1259 102
101 138 100 100 140 4294 5159 3918 4189 1315 3988 1476 1565 102
101 138 100 100 140 3627 5945 2201 4500 1315 3988 1476 1565 102
101 138 100 100 140 1102 1476 1565 118 1315 3988 102
101 138 100 100 140 1315 3988 1476 1565 102
101 138 100 100 140 5412 2466 4083 5240 124 1394 122 1476 1565 102
101 138 100 7925 7929 140 1920 5380 4495 5763 102
101 138 100 7925 7929 140 1286 2527 5148 5763 1333 1456 5148 5763 102
101 138 100 7925 7929 140 1286 2527 5148 5763 3600 3597 5148 5763 102
101 138 100 7925 7929 140 1286 2527 5148 5763 118 1959 5763 102
101 138 100 7925 7929 140 1286 2527 5148 5763 118 4640 2157 1959 5763 102
101 138 100 7925 7929 140 1286 2527 5148 5763 118 4192 5131 5148 5763 102
101 138 100 7925 7929 140 4495 5763 102
101 138 100 140 2341 1046 1213 3193 7623 5546 4275 102
101 138 100 4685 3067 2797 140 100 100 4171 3862 5726 118 7676 6793 102
101 138 100 4685 3067 2797 140 100 100 4171 3862 5726 118 1333 1456 102
101 138 100 4685 3067 2797 140 4171 5166 5831 118 100 7591 1456 102
101 138 100 4685 3067 2797 140 4171 5166 5831 118 3384 2094 1456 102
101 138 100 4685 3067 2797 140 5546 5166 5831 118 2255 5878 7591 1456 102
101 138 100 140 100 119 100 119 676 1394 671 1315 3988 4635 1476 1565 102
101 138 100 140 676 1394 671 1315 3988 4083 7003 1476 1565 102
101 138 100 5709 3787 140 6044 6057 3384 2094 5763 4413 102
101 138 100 1476 1565 4374 140 100 1107 4777 4192 5131 7946 1476 1565 102
101 138 100 140 100 100 7032 5380 1476 1565 5106 102
101 138 100 100 100 140 3330 4408 7269 1059 2484 3862 5726 102
101 138 100 100 100 140 3330 4408 7269 1904 1385 3862 5726 102
101 138 100 3556 1921 140 4373 5101 7780 5763 102
101 138 100 100 140 3215 4413 2339 1773 118 4373 5101 4083 3966 102
101 138 100 100 140 3215 4413 2339 1773 118 4382 4456 7921 4193 5131 102
101 138 100 100 140 3215 4413 2339 1773 118 4294 4083 6629 1385 102
101 138 100 100 140 3215 4413 2339 1773 118 5770 5803 4281 1959 102
101 138 100 100 140 3215 4413 2339 1773 118 7427 5682 1765 4478 102
101 138 100 140 6631 1926 6057 7629 118 6917 7789 3449 102
101 138 100 100 140 1313 2225 1959 5763 102
101 138 100 140 7350 2861 3683 1305 2897 7136 7591 1456 1476 1565 102
101 138 100 100 140 784 7093 3527 3362 4944 4275 102
101 138 100 100 140 2548 1751 118 784 7093 3717 3362 4944 4275 102
101 138 100 100 140 2548 1751 118 784 7093 4944 4275 102
101 138 100 100 140 2548 1751 118 1333 1456 4944 4275 102
101 138 100 3209 3780 140 1266 3862 6887 7676 5770 7591 1456 4281 1959 7434 5130 102
101 138 100 140 1378 4124 2207 6803 1713 6908 1061 7028 3607 5709 6044 6057 102
101 138 100 140 1378 4124 2207 6803 1713 6908 3312 6549 7983 4706 6044 6057 102
101 138 100 140 1378 4124 2207 6803 1713 6908 4640 1400 4382 4456 6044 6057 102
101 138 100 140 1378 4124 2207 6803 1713 6908 3926 7676 4636 5709 6057 6044 6057 102
101 138 100 140 1378 4124 2207 6803 1713 6908 6523 1964 5775 3363 6044 6057 102
101 138 100 5401 1894 1366 140 5692 3799 2217 5489 7777 1331 4275 4495 1402 1385 102
101 138 100 5401 1894 1366 140 4255 4043 1959 3779 7623 1259 102
101 138 100 140 784 7093 3717 3362 4944 4275 102
101 138 100 140 784 7093 3527 3362 4944 4275 102
101 138 100 140 5198 1394 3362 7930 4275 102
101 138 100 140 2548 1751 1333 1456 4944 4275 102
101 138 100 5401 4879 140 7770 7048 1377 1377 7930 5715 4281 1959 102
101 138 100 5401 4879 140 2341 1046 1213 7930 5715 7614 1501 3938 5131 6981 3175 102
101 138 100 5401 4879 140 4245 7621 3833 1213 5195 1073 1333 1456 102
101 138 100 100 2207 782 4289 140 4242 7930 1959 102
101 138 100 140 5811 1127 2516 7032 4277 1333 1456 1315 3988 1476 1565 102
101 138 100 118 100 140 100 118 157 6989 4156 7799 7797 3454 102
101 138 100 2157 945 978 140 5709 5909 4192 3681 2255 5736 4478 1333 4275 5763 1259 102
101 138 100 3189 3926 140 3189 3926 3502 5131 3362 2179 5198 1394 3717 3362 4944 4289 5546 102
101 138 100 3189 3926 140 2126 3780 2851 5763 5198 1394 3717 3362 4944 4289 5546 102
101 138 100 3189 3926 140 6493 4670 3362 2179 5198 1394 3717 3362 4944 4289 5546 102
101 138 100 140 7502 1751 3862 5726 6989 118 765 7937 5104 3779 1366 1456 102
101 138 100 140 7502 1751 3862 5726 6989 118 1333 1456 102
101 138 100 140 7502 1751 3862 5726 6989 118 3417 3425 111 3331 785 1366 1456 102
101 138 100 140 7502 1751 3862 5726 6989 118 100 7797 111 6076 2094 1366 1456 102
101 138 100 100 140 6629 1385 7797 3352 3454 102
101 138 100 100 140 5888 5894 3362 1120 7614 102
101 138 100 100 140 5888 5894 3362 1120 7614 118 4636 7676 3362 1366 1456 102
101 138 100 100 140 5888 5894 3362 1120 7614 118 7471 5868 5843 1366 1456 102
101 138 100 100 140 5888 5894 3362 1120 7614 118 5775 3363 1366 1456 102
101 138 100 100 140 7502 1751 3862 5726 5698 7937 7676 7777 102
101 138 100 100 140 7502 1751 3862 5726 5698 7937 7676 7777 118 3395 7797 1366 1456 102
101 138 100 100 140 7502 1751 6044 6057 5148 3474 5763 118 3362 7016 102
101 138 100 140 1476 1565 2374 4242 7930 1959 102
101 138 100 3627 4294 6555 140 5480 782 4242 7930 3490 4289 1959 102
101 138 100 140 4373 5101 7780 5763 102
101 138 100 140 7502 1751 4373 5101 7780 5763 102
101 138 100 140 5480 782 3862 5726 118 1333 1456 102
101 138 100 140 5480 782 3862 5726 118 3862 2380 3204 2357 7591 1456 102
101 138 100 140 1476 1565 2374 3331 785 1959 102
101 138 100 140 100 1429 1429 5888 5894 3362 1120 118 3717 6057 3425 7591 1456 102
101 138 100 140 100 1429 1429 5888 5894 3362 1120 118 5868 5843 7591 1456 102
101 138 100 140 100 1429 1429 5888 5894 3362 1120 118 7928 7676 5868 5843 7591 1456 102
101 138 100 140 100 5888 5894 3362 1120 118 4635 3425 7591 1456 102
101 138 100 140 100 5888 5894 3362 1120 118 5770 5803 7591 1456 102
101 138 100 140 100 5888 5894 3362 1120 118 5868 5843 7591 1456 102
101 138 100 140 100 5888 5894 3362 1120 118 7928 7676 5868 5843 7591 1456 102
101 138 100 140 7502 1751 7937 3779 7591 1456 3862 5726 102
101 138 100 140 7502 1751 1713 6908 1456 802 3862 5726 102
101 138 100 140 7930 5763 102
101 138 100 7502 1751 679 948 5419 140 7502 2466 3633 100 1100 5106 102
101 138 100 7502 1751 679 948 5419 140 7502 2466 3633 100 2184 3352 3454 1100 5106 102
101 138 100 140 5792 5984 1501 1456 843 4265 5763 102
101 138 100 140 5792 5984 1501 1456 3481 3360 5803 3362 5763 102
101 138 100 140 5792 5984 1501 1456 7095 5984 5763 102
101 138 100 140 1377 1377 7591 1456 3193 7623 5546 4275 102
101 138 100 140 3331 785 7591 1456 3193 7623 5546 4275 102
101 138 100 140 5770 5803 7591 1456 3193 7623 5546 4275 102
101 138 100 140 4810 2207 7930 3193 7623 5546 4275 102
101 138 100 140 6044 6057 7591 1456 3193 7623 5546 4275 102
101 138 100 140 6044 6057 7591 1456 5709 1798 5546 4275 102
101 138 100 140 5913 6632 5803 3331 785 7591 1456 3193 7623 5546 4275 102
101 138 100 140 5965 5803 7591 1456 3193 7623 5546 4275 102
101 138 100 118 100 775 3833 140 1921 4197 775 3833 3300 3582 7946 3312 5455 7463 102
101 138 100 3424 3419 140 1059 1921 4197 7770 6028 4635 7946 5698 7937 6486 1959 4192 3924 1217 5131 102
101 138 100 3424 3419 140 3680 3189 4021 6639 6028 4635 4944 4289 3472 118 5965 5803 1377 1377 102
101 138 100 3424 3419 140 3680 3189 4021 6639 6028 4635 4944 5546 118 1377 1377 7804 5803 102
101 138 100 3424 3419 140 3680 3189 4021 6639 6028 4635 4944 5546 118 5803 3362 3836 2205 102
101 138 100 3424 3419 140 3680 3189 4021 6639 6028 4635 4944 5546 118 5198 1394 3717 3362 102
101 138 100 3424 3419 140 3424 3419 4083 3966 4242 7930 118 1431 798 7797 3204 2357 7591 1456 102
101 138 100 3424 3419 140 5803 1962 3362 4042 3762 3796 3526 1959 3212 102
101 138 100 3424 3419 140 3938 5131 7946 1282 4944 102
101 138 100 100 5148 4281 140 2342 2292 5868 5843 7591 1456 5543 7030 7614 3160 102
101 138 100 100 5148 4281 140 5543 7030 7614 3160 102
101 138 100 100 5148 4281 140 8135 110 1059 5544 1959 5106 102
101 138 100 100 5148 4281 140 1059 5544 1959 5106 102
101 138 100 100 140 7941 7032 7770 6028 4635 4171 4242 7930 5546 102
101 138 100 100 140 7941 7032 7770 6028 4635 6044 6057 4167 4171 4242 7930 5546 102
101 138 100 100 140 7941 7032 7770 6028 4635 5913 6632 5803 4167 4171 4242 7930 5546 102
101 138 100 140 1920 7930 7930 5763 102
101 138 100 140 2126 3780 3481 2548 676 6235 5199 5763 1259 102
101 138 100 140 2126 3780 3481 2548 4371 5101 5763 1259 102
101 138 100 140 2126 3780 3481 2548 5199 5763 5763 1259 102
101 138 100 140 7411 2338 100 4486 6172 1476 1565 118 4192 5131 102
101 138 100 140 1107 4777 2897 7136 1476 1565 102
101 138 100 140 1107 4777 4192 5131 7946 1476 1565 102
101 138 100 140 1476 1565 2897 7136 102
101 138 100 140 4192 5131 7946 1476 1565 102
101 138 100 3821 1849 140 1107 4777 4192 5131 7946 1476 1565 102
101 138 100 140 100 7502 1751 3862 5726 6989 102
101 138 100 140 1100 5106 102
101 138 100 140 4143 3862 5726 118 1333 1456 102
101 138 100 140 7502 1751 3862 5726 6989 102
101 138 100 140 7502 1751 3862 5726 6989 118 6076 2094 111 100 7797 1366 1456 102
101 138 100 140 7946 6486 5763 102
101 138 100 3215 2349 1046 140 4294 6908 5143 1154 118 1922 1964 3417 3362 7591 1456 1476 1565 102
101 138 100 3215 2349 1046 140 4294 6908 5143 1154 118 1922 1964 3417 3362 7591 1456 2897 7136 102
101 138 100 3215 2349 1046 140 4099 2965 1476 1565 3836 1046 2356 1842 4167 4189 1476 1565 102
101 138 100 140 5101 5106 102
101 138 100 140 6310 1469 5101 5106 3454 102
101 138 100 676 2533 1164 140 100 10005 8693 8332 4373 5101 5763 102
101 138 100 676 2533 1164 140 823 1381 6127 7271 4229 5763 5143 1154 102
101 138 100 140 6631 5159 676 1394 671 1333 1456 1959 5763 102
101 138 100 140 6631 5159 676 1394 671 1333 1456 1315 3988 1476 1565 102
101 138 100 140 6631 5159 676 1394 671 1333 1456 3938 5131 1959 5763 102
101 138 100 140 6631 5159 676 1394 671 4294 4083 1315 3988 1476 1565 102
101 138 100 100 140 4281 1959 1377 1377 5106 118 3469 5709 5131 102
101 138 100 100 140 7676 7003 4281 1959 1377 1377 5106 102
101 138 100 100 140 7946 3040 1305 7591 1456 1377 1377 5106 102
101 138 100 100 140 5412 2466 3527 3362 7591 1456 1377 1377 5106 102
101 138 100 100 140 4229 1377 1377 5106 120 4281 1959 2341 1046 1213 102
101 138 100 100 140 4083 2658 3469 5709 5131 4229 1377 1377 5106 102
101 138 100 140 100 3362 1120 3344 102
101 138 100 140 1429 1429 3362 1120 3717 6057 3425 102
101 138 100 140 1429 1429 3362 1120 4635 5868 5843 102
101 138 100 140 1429 1429 3362 1120 5868 5843 102
101 138 100 140 1429 1429 3362 1120 5981 3362 102
101 138 100 140 1429 3362 1120 102
101 138 100 140 3362 1120 3344 102
101 138 100 1378 4124 1476 1565 5800 1754 140 1378 4124 1367 1778 4017 4099 2466 1476 1565 102
101 138 100 1378 4124 1476 1565 5800 1754 140 7350 7027 2255 4017 4099 2466 1476 1565 102
101 138 100 1378 4124 1476 1565 5800 1754 140 4017 4099 2466 1476 1565 102
101 138 100 140 4640 2157 5195 1073 3289 1936 7619 118 1959 3779 1366 1456 102
101 138 100 140 4640 2157 5195 1073 3289 1936 7619 118 2341 1046 1213 1366 1456 102
101 138 100 7515 5159 746 4246 140 1331 1147 3862 5726 4240 102
101 138 100 100 140 100 6182 5763 3315 5655 2126 3780 2851 5763 5106 102
101 138 100 1378 6983 140 5148 7933 7946 7930 3723 102
101 138 100 1378 6983 140 1333 1456 7946 7930 3723 102
101 138 100 1538 2180 5763 140 4640 2157 843 4265 5763 102
101 138 100 1538 2180 5763 140 5739 961 3193 7623 5763 102
101 138 100 1538 2180 5763 140 3513 1501 7095 5984 5763 102
101 138 100 1538 2180 5763 140 5198 1394 7029 5803 5763 102
101 138 100 140 799 1957 843 4265 5763 102
101 138 100 140 1724 5148 3362 5763 102
101 138 100 140 7676 4494 6057 3425 5763 102
101 138 100 140 1538 2180 843 4265 5763 102
101 138 100 140 3627 2466 1920 1395 2327 5763 102
101 138 100 140 1039 5682 7032 1102 5131 102
101 138 100 140 1378 4124 1456 7946 5131 102
101 138 100 140 1378 4124 5204 4495 2797 2339 5155 7946 5131 102
101 138 100 140 1378 4124 5204 4495 3175 5131 102
101 138 100 140 1378 4124 5204 4495 1367 3193 1102 5131 102
101 138 100 140 1378 4124 5204 4495 5169 5108 5148 1102 5131 102
101 138 100 140 5148 1102 5131 102
101 138 100 140 4294 6182 5148 5131 102
101 138 100 140 5169 5108 1102 5131 102
101 138 100 686 2157 140 3300 3582 5199 5763 676 6235 4989 7768 5763 1259 102
101 138 100 686 2157 140 1107 3796 5763 118 4371 5101 4203 5763 102
101 138 100 686 2157 140 1107 3796 5763 118 5748 7676 5199 5763 102
101 138 100 686 2157 140 1107 3796 5763 118 4166 7983 5763 102
101 138 100 686 2157 140 2851 5763 5106 102
101 138 100 686 2157 140 7350 7027 2255 5763 102
101 138 100 686 2157 140 7350 7027 2255 7770 2255 5763 102
101 138 100 686 2157 140 7433 3360 5148 5763 5080 3211 1259 102
101 138 100 686 2157 140 1333 4275 5748 7676 5199 5763 102
101 138 100 686 2157 140 3424 5709 7021 5763 102
101 138 100 686 2157 140 3513 1501 7350 7027 2255 5763 102
101 138 100 686 2157 140 3513 1501 1120 7515 4166 7983 102
101 138 100 686 2157 140 4819 6090 3217 5199 5763 102
101 138 100 686 2157 140 4886 4273 3040 3763 5148 5763 102
101 138 100 686 2157 140 5125 6908 5748 7676 5199 5763 1259 102
101 138 100 686 2157 140 5125 6908 1120 7515 4166 7983 5763 1259 102
101 138 100 686 2157 140 5125 6908 7095 5984 5148 5763 1259 102
101 138 100 686 2157 140 7804 7463 7032 5858 4166 7983 676 6235 4989 7768 5763 1259 102
101 138 100 686 2157 140 7804 7463 5148 5763 676 6235 4989 7768 5763 1259 102
101 138 100 140 100 100 5687 3821 4454 3717 3362 7591 1456 1476 1565 102
101 138 100 140 100 100 5687 3821 4454 2897 7136 102
101 138 100 140 100 100 5687 3821 4454 7946 1476 1565 102
101 138 100 140 100 2897 7136 1476 1565 102
101 138 100 140 100 7946 1476 1565 102
101 138 100 140 100 4192 5131 1476 1565 102
101 138 100 140 100 4192 5131 7946 1476 1565 7614 3160 102
101 138 100 140 100 5125 6182 1315 3988 1476 1565 102
101 138 100 140 100 100 2897 7136 1476 1565 102
101 138 100 140 100 100 7946 1476 1565 102
101 138 100 140 5687 3821 4454 3706 3796 3384 2094 7591 1456 1476 1565 102
101 138 100 140 5687 3821 4454 3706 3796 7946 1476 1565 120 4192 5131 102
101 138 100 140 1107 3796 5412 2466 7676 4083 2897 7136 102
101 138 100 140 1107 3796 7921 1456 4193 5131 7591 1456 2897 7136 102
101 138 100 140 1315 3988 1476 1565 5106 102
101 138 100 140 1073 5966 7591 1456 4099 2965 2466 1476 1565 102
101 138 100 140 3791 2466 3918 4189 4099 2965 2466 1476 1565 102
101 138 100 140 1094 6725 4675 934 4491 7003 3581 7676 4099 2965 2466 1476 1565 102
101 138 100 140 1094 6725 4675 934 7003 7676 3362 6310 4099 2965 2466 1476 1565 102
101 138 100 140 1094 6725 4675 934 4099 2965 2466 1476 1565 118 6057 3379 1830 3362 102
101 138 100 140 4151 4240 1315 3988 1476 1565 102
101 138 100 140 4151 4240 4099 2965 2466 1476 1565 102
101 138 100 140 3863 3796 2466 1476 1565 118 4491 4494 3362 7676 102
101 138 100 140 3863 3796 2466 1476 1565 118 7676 7003 1830 3362 102
101 138 100 140 4192 5131 7946 1476 1565 102
101 138 100 140 5480 782 1102 1476 1565 102
101 138 100 140 5480 782 3382 1469 3362 7676 4099 2965 2466 1476 1565 102
101 138 100 140 5480 782 7676 4083 5198 1394 1315 3988 1476 1565 102
101 138 100 140 1313 1217 3362 5199 1476 1565 7344 2492 1476 1565 102
101 138 100 140 676 1394 671 1315 3988 1476 1565 102
101 138 100 140 2548 1751 1377 1377 7676 5933 4275 5546 4944 4275 102
101 138 100 140 2548 1751 5770 5803 5546 4944 4275 102
101 138 100 140 2548 1751 5195 1073 1377 1377 5546 4944 4275 102
101 138 100 140 2548 1751 5195 1073 3331 785 5546 4944 4275 102
101 138 100 118 100 140 4078 3828 1059 3526 4275 100 118 6989 5546 2341 1046 102
101 138 100 140 4206 4252 6629 1385 7799 7797 102
101 138 671 4813 1962 7934 140 6090 100 5106 2201 4500 5101 5106 102
101 138 736 1963 1555 5998 140 5698 7937 3966 1755 102
101 138 736 1963 1555 5998 140 5709 4495 3966 1755 102
101 138 736 1963 1555 5998 140 7804 5489 3966 1755 102
101 138 736 4886 140 5770 5803 6989 102
101 138 736 4886 140 7854 3459 6989 102
101 138 736 4886 140 5965 5803 6989 102
101 138 782 1469 1754 140 782 1469 1754 7437 1298 5831 758 6121 5823 5823 3966 102
101 138 782 1469 1754 140 782 1469 1754 7437 1298 5831 7437 3995 5148 4240 5489 102
101 138 782 1469 1754 140 782 1469 1754 7437 1298 5831 7000 5831 5489 3314 5709 3363 102
101 138 782 1469 1754 140 782 1469 1754 7437 1298 5831 5978 5026 4636 1394 102
101 138 1144 3696 140 7521 6554 4908 100 7000 5831 7797 1947 5175 102
101 138 1282 1063 5763 140 7439 1476 1565 1728 6185 3175 5763 102
101 138 1282 1059 140 1282 1059 5198 1394 3362 7005 102
101 138 1282 1059 140 1282 1059 5198 1394 5888 5894 102
101 138 1282 1059 140 5155 3633 7676 3779 102
101 138 1282 4944 5101 140 1398 2552 7619 118 7382 1045 3862 5726 102
101 138 1301 4872 140 5439 704 7015 6486 2397 120 6486 672 102
101 138 1301 6044 140 7676 3600 7591 1456 4171 7430 5420 102
101 138 1301 6044 140 5153 1953 5679 6793 4171 7430 5420 102
101 138 1301 6044 140 5886 7676 4171 7430 5420 102
101 138 1301 6044 140 7002 4036 1343 7755 7430 5597 2961 113 1333 1456 114 102
101 138 1301 6044 140 7002 4036 1343 7755 7430 5597 2961 113 7946 5529 3492 114 102
101 138 676 759 140 676 3984 5131 102
101 138 676 1456 2238 140 5726 1622 1331 1147 3862 5726 118 3492 7921 7591 1456 102
101 138 676 1456 2238 140 7414 5143 1154 3189 2466 3384 7676 3862 5726 102
101 138 676 1456 2238 140 7414 5143 1154 3189 2466 3449 2094 3862 5726 102
101 138 676 1456 2238 140 7414 5143 1154 3189 2466 7016 7676 3862 5726 102
101 138 676 1456 2238 140 7502 2466 2272 4240 3862 5726 113 1333 1456 114 102
101 138 676 1456 2238 140 7502 2466 2272 4240 3862 5726 113 6793 1456 114 102
101 138 676 5709 140 5106 5187 102
101 138 676 6250 140 2797 2339 7797 7618 102
101 138 676 6250 140 2797 2339 6076 7618 102
101 138 676 7524 7613 140 5195 1073 712 2446 4281 5489 7934 118 676 4934 1366 1456 6908 102
101 138 677 1366 5401 7608 140 677 1366 5401 7608 3513 1501 5148 4240 7797 5420 5416 102
101 138 677 1351 140 1266 3862 6887 1713 6908 4838 3204 2357 102
101 138 677 3862 6965 3333 140 3315 2396 3346 1786 5489 102
101 138 677 3862 6965 3333 140 3315 2396 7800 7797 5148 4240 5489 102
101 138 677 3862 6965 3333 140 4635 4240 4773 7102 4083 7797 3966 102
101 138 677 3862 6965 3333 140 3412 2094 4240 7430 7613 102
101 138 677 3862 6965 3333 140 4014 3343 1366 3717 7430 102
101 138 677 7029 4289 4496 140 1266 1922 2398 3817 7029 4495 5106 7803 1147 4275 102
101 138 677 7029 4289 4496 140 7350 2861 3172 1217 7029 4495 7803 7797 102
101 138 677 7029 4289 4496 140 100 5159 7032 1256 7797 5420 120 5417 3688 7797 5420 102
101 138 677 7029 4289 4496 140 100 5159 7430 5489 1920 4229 4318 102
101 138 677 7029 4289 4496 140 100 1378 4124 4496 7679 7051 5961 672 102
101 138 677 7029 4289 4496 140 100 1759 100 7797 102
101 138 677 7029 4289 4496 140 100 5175 1394 1920 2397 6509 7478 4495 7608 102
101 138 677 7029 4289 4496 140 100 4810 1824 3418 102
101 138 677 7029 4289 4496 140 100 7803 7797 102
101 138 677 7029 4289 4496 140 736 819 5692 1755 120 1765 4478 1755 102
101 138 677 7029 4289 4496 140 736 2251 1849 5920 2831 7619 102
101 138 677 7029 4289 4496 140 782 1347 1759 7430 3966 102
101 138 677 7029 4289 4496 140 676 6235 5961 7619 102
101 138 677 7029 4289 4496 140 676 3344 3331 7800 5823 102
101 138 677 7029 4289 4496 140 677 3862 4495 4203 1259 102
101 138 677 7029 4289 4496 140 1283 2484 5770 6076 2947 102
101 138 677 7029 4289 4496 140 1283 2251 676 3215 5920 2861 7619 102
101 138 677 7029 4289 4496 140 1759 100 7797 1147 4275 102
101 138 677 7029 4289 4496 140 1920 6076 785 2961 102
101 138 677 7029 4289 4496 140 1920 7430 5597 2961 102
101 138 677 7029 4289 4496 140 2207 2397 6509 120 2207 2359 4989 6509 102
101 138 677 7029 4289 4496 140 2207 4635 6076 785 102
101 138 677 7029 4289 4496 140 2207 4635 100 102
101 138 677 7029 4289 4496 140 2207 5399 5591 102
101 138 677 7029 4289 4496 140 2207 5489 1259 102
101 138 677 7029 4289 4496 140 2207 5489 6486 102
101 138 677 7029 4289 4496 140 2207 7032 100 102
101 138 677 7029 4289 4496 140 2207 6023 1640 120 6023 1259 102
101 138 677 7029 4289 4496 140 2207 7065 5187 1318 102
101 138 677 7029 4289 4496 140 2207 4229 4318 102
101 138 677 7029 4289 4496 140 2207 5096 3966 1259 102
101 138 677 7029 4289 4496 140 2397 6509 5987 5914 5130 102
101 138 677 7029 4289 4496 140 710 7930 1402 1385 102
101 138 677 7029 4289 4496 140 758 2506 5692 1755 102
101 138 677 7029 4289 4496 140 1063 1397 3584 1755 4296 5187 2847 5958 1824 3418 120 5244 1274 102
101 138 677 7029 4289 4496 140 2349 3763 7797 4275 102
101 138 677 7029 4289 4496 140 2797 2339 3796 5831 120 7508 5831 120 1476 1524 4203 7618 102
101 138 677 7029 4289 4496 140 2797 2339 5920 2831 7619 102
101 138 677 7029 4289 4496 140 3189 2466 2861 7934 102
101 138 677 7029 4289 4496 140 3189 2466 4156 6500 2961 120 1378 2466 4156 6500 2961 102
101 138 677 7029 4289 4496 140 3189 2466 1538 2993 7430 1846 102
101 138 677 7029 4289 4496 140 3189 2466 5891 4240 7808 7797 5592 2961 102
101 138 677 7029 4289 4496 140 3299 4691 7797 5420 102
101 138 677 7029 4289 4496 140 3688 6486 785 102
101 138 677 7029 4289 4496 140 3717 3253 5692 7531 5126 102
101 138 677 7029 4289 4496 140 3717 6057 3425 843 4265 1107 3796 5763 1259 102
101 138 677 7029 4289 4496 140 4125 5597 672 102
101 138 677 7029 4289 4496 140 4281 5489 4031 1836 2961 102
101 138 677 7029 4289 4496 140 4281 5489 7630 7619 102
101 138 677 7029 4289 4496 140 1217 2897 1920 6868 1366 1107 1120 5913 6632 5803 102
101 138 677 7029 4289 4496 140 1266 1922 2398 3817 7029 4495 5106 7803 1147 4275 102
101 138 677 7029 4289 4496 140 1305 1568 1920 7430 2961 102
101 138 677 7029 4289 4496 140 1305 1568 5546 4649 6500 2961 102
101 138 677 7029 4289 4496 140 1367 3193 1456 6513 709 102
101 138 677 7029 4289 4496 140 1377 7520 4240 7619 120 5698 7937 4240 7619 102
101 138 677 7029 4289 4496 140 1378 2466 1920 7430 2961 2380 7755 102
101 138 677 7029 4289 4496 140 1378 1298 2692 7934 102
101 138 677 7029 4289 4496 140 1378 4124 4496 2207 7941 4478 1147 4275 102
101 138 677 7029 4289 4496 140 1378 4124 4496 2255 3346 1920 4635 5831 1147 3667 102
101 138 677 7029 4289 4496 140 1378 4124 4496 2255 5736 4478 1147 4275 102
101 138 677 7029 4289 4496 140 1378 4124 4496 3312 5455 5187 102
101 138 677 7029 4289 4496 140 1378 4124 4496 3717 7806 7797 1147 672 102
101 138 677 7029 4289 4496 140 1378 4124 4496 4281 4528 5746 1147 1846 102
101 138 677 7029 4289 4496 140 1378 4124 4496 1378 6803 8272 5998 1102 4171 1377 1315 7608 4528 5961 102
101 138 677 7029 4289 4496 140 1378 4124 4496 4373 5101 5108 102
101 138 677 7029 4289 4496 140 1378 4124 4496 4635 5987 5914 1147 1846 102
101 138 677 7029 4289 4496 140 1378 4124 4496 1765 4478 5864 1147 3667 102
101 138 677 7029 4289 4496 140 1378 4124 4496 5001 5026 1147 1846 102
101 138 677 7029 4289 4496 140 1378 4124 4496 5001 100 7797 1147 4275 1147 1846 102
101 138 677 7029 4289 4496 140 1378 4124 4496 1107 1120 5199 4635 5709 3496 5831 102
101 138 677 7029 4289 4496 140 1378 4124 4496 1107 1120 2207 4635 5831 1147 3667 102
101 138 677 7029 4289 4496 140 1378 4124 4496 1107 1120 3688 6486 5808 102
101 138 677 7029 4289 4496 140 1378 4124 4496 1107 1120 1100 4478 1846 102
101 138 677 7029 4289 4496 140 1378 4124 4496 1107 1120 7471 3736 5831 1147 3667 102
101 138 677 7029 4289 4496 140 1378 4124 4496 1107 1120 3433 5866 102
101 138 677 7029 4289 4496 140 1378 4124 4496 1107 1120 2380 4649 1298 4478 102
101 138 677 7029 4289 4496 140 1378 4124 4496 2139 5984 5946 7921 7807 7797 4275 102
101 138 677 7029 4289 4496 140 1378 4124 4496 2139 5984 5946 7921 7807 7797 4275 102
101 138 677 7029 4289 4496 140 1378 4124 4496 3779 5831 1147 3667 102
101 138 677 7029 4289 4496 140 1378 4124 4496 4958 2552 5831 1147 3667 102
101 138 677 7029 4289 4496 140 1378 4124 4496 5700 5965 5831 1147 3667 102
101 138 677 7029 4289 4496 140 1378 4124 4496 7471 3492 5187 102
101 138 677 7029 4289 4496 140 1378 4124 4496 2015 2015 5831 1147 3667 102
101 138 677 7029 4289 4496 140 1378 4124 4496 2145 2157 1762 1765 5148 5136 5489 102
101 138 677 7029 4289 4496 140 1378 4124 4496 5148 5987 5914 1147 4275 102
101 138 677 7029 4289 4496 140 1378 4124 4496 5148 5987 5914 5187 102
101 138 677 7029 4289 4496 140 1378 4124 4496 5148 5987 5914 1846 102
101 138 677 7029 4289 4496 140 1378 4124 4496 7770 7927 5831 1147 4275 102
101 138 677 7029 4289 4496 140 1378 4124 4496 1825 7384 1488 1488 1318 120 671 1366 2207 1318 102
101 138 677 7029 4289 4496 140 1378 4124 4496 2506 3492 5187 102
101 138 677 7029 4289 4496 140 1378 4124 4496 5026 5187 102
101 138 677 7029 4289 4496 140 1378 4124 4496 5166 7770 7927 5831 5187 102
101 138 677 7029 4289 4496 140 1378 4124 4496 5187 4478 1147 4275 102
101 138 677 7029 4289 4496 140 1378 4124 4496 5199 5709 3496 5831 102
101 138 677 7029 4289 4496 140 1378 4124 4496 5920 5709 102
101 138 677 7029 4289 4496 140 1378 4124 4496 3604 4478 4275 102
101 138 677 7029 4289 4496 140 1378 4124 4496 5952 5187 102
101 138 677 7029 4289 4496 140 1378 4124 7437 3360 5886 7531 672 102
101 138 677 7029 4289 4496 140 1378 4124 7808 7797 120 1425 6958 7797 102
101 138 677 7029 4289 4496 140 1724 6235 5961 7619 102
101 138 677 7029 4289 4496 140 1724 2108 6486 102
101 138 677 7029 4289 4496 140 4373 5101 2357 672 6989 102
101 138 677 7029 4289 4496 140 4373 5101 4083 3966 102
101 138 677 7029 4289 4496 140 4495 1120 3394 5864 7797 102
101 138 677 7029 4289 4496 140 4635 3425 4166 7983 1107 3796 5763 1259 102
101 138 677 7029 4289 4496 140 4635 2380 7797 4275 102
101 138 677 7029 4289 4496 140 4635 2380 7797 1846 102
101 138 677 7029 4289 4496 140 4649 2380 7934 102
101 138 677 7029 4289 4496 140 1102 4171 1377 1315 7608 3412 7676 1765 4478 102
101 138 677 7029 4289 4496 140 1102 3449 4240 7861 102
101 138 677 7029 4289 4496 140 1102 4018 7861 5420 102
101 138 677 7029 4289 4496 140 1765 4478 7937 5139 5961 3454 102
101 138 677 7029 4289 4496 140 1765 4478 5961 3454 102
101 138 677 7029 4289 4496 140 3319 3554 5775 3363 5148 5763 1107 3796 5763 1259 102
101 138 677 7029 4289 4496 140 5001 5030 5101 5130 102
101 138 677 7029 4289 4496 140 5101 6117 7937 3779 7430 102
101 138 677 7029 4289 4496 140 1107 1120 7946 7005 3412 102
101 138 677 7029 4289 4496 140 1107 1120 1143 1181 7934 102
101 138 677 7029 4289 4496 140 1107 1120 1343 3670 3862 4478 2094 3926 5489 102
101 138 677 7029 4289 4496 140 1107 1120 5692 7531 6235 5692 6235 102
101 138 677 7029 4289 4496 140 1107 1120 5922 5831 7471 6486 785 102
101 138 677 7029 4289 4496 140 2104 4197 5399 5490 2961 102
101 138 677 7029 4289 4496 140 3331 785 6076 6989 102
101 138 677 7029 4289 4496 140 3763 5763 4281 5489 120 3763 5763 5399 5489 120 3763 5763 3351 7341 6500 102
101 138 677 7029 4289 4496 140 5692 3799 5166 5101 5130 102
101 138 677 7029 4289 4496 140 5692 7531 7619 102
101 138 677 7029 4289 4496 140 5695 3362 7471 2658 782 3362 102
101 138 677 7029 4289 4496 140 5695 3362 5199 5763 1107 3796 5763 1259 102
101 138 677 7029 4289 4496 140 6619 2134 102
101 138 677 7029 4289 4496 140 3779 7430 5489 5187 102
101 138 677 7029 4289 4496 140 3797 3857 7679 7051 5961 3454 102
101 138 677 7029 4289 4496 140 4143 7613 102
101 138 677 7029 4289 4496 140 4143 7934 102
101 138 677 7029 4289 4496 140 5709 3363 709 102
101 138 677 7029 4289 4496 140 5709 3363 6076 2947 102
101 138 677 7029 4289 4496 140 6003 4680 7797 709 102
101 138 677 7029 4289 4496 140 6003 4680 7797 2961 102
101 138 677 7029 4289 4496 140 7032 5221 7797 102
101 138 677 7029 4289 4496 140 7032 3581 3384 5748 5199 5763 1107 3796 5763 1259 102
101 138 677 7029 4289 4496 140 7350 2861 3172 1217 7803 7797 672 102
101 138 677 7029 4289 4496 140 7350 2861 3172 1217 5148 7803 678 2349 102
101 138 677 7029 4289 4496 140 7350 2861 3172 1217 7029 4495 7803 7797 102
101 138 677 7029 4289 4496 140 1298 1922 2398 3817 7029 4495 5148 3157 7797 4275 102
101 138 677 7029 4289 4496 140 1298 1922 2398 3817 7029 4495 5148 3157 7797 5592 5489 672 102
101 138 677 7029 4289 4496 140 1298 6956 5709 4495 5489 5124 102
101 138 677 7029 4289 4496 140 1331 1147 3189 2466 1920 6500 2961 102
101 138 677 7029 4289 4496 140 1331 1147 7676 6989 4156 2961 7755 102
101 138 677 7029 4289 4496 140 2793 7797 102
101 138 677 7029 4289 4496 140 2793 7818 102
101 138 677 7029 4289 4496 140 3394 3581 5199 5763 1107 3796 5763 1259 102
101 138 677 7029 4289 4496 140 4156 2207 1318 102
101 138 677 7029 4289 4496 140 4156 7787 7531 1143 7797 1846 102
101 138 677 7029 4289 4496 140 4156 6076 4413 102
101 138 677 7029 4289 4496 140 4156 7802 7797 1846 102
101 138 677 7029 4289 4496 140 4904 1143 7797 1147 3667 102
101 138 677 7029 4289 4496 140 5148 2552 5706 3556 1959 7676 7032 5858 1107 3796 5763 1259 102
101 138 677 7029 4289 4496 140 5148 4635 2207 3966 1755 102
101 138 677 7029 4289 4496 140 5148 4635 5199 5198 1394 5709 3496 5831 120 1134 5958 5922 5831 102
101 138 677 7029 4289 4496 140 5148 4680 100 102
101 138 677 7029 4289 4496 140 5148 6486 5698 7937 4413 102
101 138 677 7029 4289 4496 140 5148 4240 6500 5589 1750 102
101 138 677 7029 4289 4496 140 5148 7983 4281 5489 3966 102
101 138 677 7029 4289 4496 140 5401 1751 7803 7797 2207 1147 4275 7679 6686 2501 102
101 138 677 7029 4289 4496 140 5401 1751 6868 1366 1107 1120 5965 5803 102
101 138 677 7029 4289 4496 140 5739 2466 4156 7797 3454 102
101 138 677 7029 4289 4496 140 7508 5831 4665 2094 102
101 138 677 7029 4289 4496 140 7676 5692 1259 120 5692 7531 1259 102
101 138 677 7029 4289 4496 140 7676 5823 1759 7430 3966 102
101 138 677 7029 4289 4496 140 7676 5823 5026 5187 5489 5416 102
101 138 677 7029 4289 4496 140 7676 5831 3717 7618 102
101 138 677 7029 4289 4496 140 7676 6989 3394 5864 7797 102
101 138 677 7029 4289 4496 140 7676 6989 7430 5597 5489 1846 102
101 138 677 7029 4289 4496 140 7676 5591 1147 4275 102
101 138 677 7029 4289 4496 140 1192 4649 6793 3492 7430 3966 102
101 138 677 7029 4289 4496 140 1333 3723 7804 1147 5148 4240 4281 5489 3966 102
101 138 677 7029 4289 4496 140 1333 1456 120 6793 1456 4192 7755 7854 4259 102
101 138 677 7029 4289 4496 140 1333 1456 120 7502 2466 5838 1213 7430 2961 7430 5541 5489 6182 2768 102
101 138 677 7029 4289 4496 140 1333 1456 7676 5591 102
101 138 677 7029 4289 4496 140 1333 1456 4192 7755 7921 6989 7430 7430 5541 5489 1333 5489 6182 868 102
101 138 677 7029 4289 4496 140 1538 2180 843 4265 5763 1107 3796 5763 1259 102
101 138 677 7029 4289 4496 140 2157 6965 1456 2797 2339 3717 7618 4373 5101 120 7508 5831 120 7770 7927 5831 102
101 138 677 7029 4289 4496 140 3424 5709 4166 7983 1107 3796 5763 1259 102
101 138 677 7029 4289 4496 140 3424 5709 7434 3459 4166 7983 1107 3796 5763 1259 102
101 138 677 7029 4289 4496 140 3424 5709 6057 3723 5490 2961 1147 1846 102
101 138 677 7029 4289 4496 140 3424 6057 5981 3362 5148 5763 1107 3796 5763 1259 102
101 138 677 7029 4289 4496 140 3805 2466 3299 778 6076 7619 102
101 138 677 7029 4289 4496 140 3862 7804 1318 102
101 138 677 7029 4289 4496 140 4166 7983 7934 102
101 138 677 7029 4289 4496 140 4294 1920 6023 798 102
101 138 677 7029 4289 4496 140 4294 6908 2349 3763 7797 2961 102
101 138 677 7029 4289 4496 140 5105 3454 102
101 138 677 7029 4289 4496 140 5153 6205 5984 3817 5920 672 102
101 138 677 7029 4289 4496 140 5153 6205 5984 3817 5920 5187 102
101 138 677 7029 4289 4496 140 5153 6205 5984 5166 3817 5920 5187 102
101 138 677 7029 4289 4496 140 5162 7608 3717 7618 102
101 138 677 7029 4289 4496 140 5162 7608 3966 1259 102
101 138 677 7029 4289 4496 140 5162 7608 5831 5563 5987 5914 5130 102
101 138 677 7029 4289 4496 140 5162 7608 4225 7102 6528 102
101 138 677 7029 4289 4496 140 5546 4649 7430 5489 2947 102
101 138 677 7029 4289 4496 140 5546 5961 120 5110 5961 102
101 138 677 7029 4289 4496 140 5770 5803 5148 5763 1107 3796 5763 1259 102
101 138 677 7029 4289 4496 140 5770 6076 785 4192 3796 4634 679 1259 1102 102
101 138 677 7029 4289 4496 140 5775 3363 4166 7983 1107 3796 5763 1259 102
101 138 677 7029 4289 4496 140 6629 1385 102
101 138 677 7029 4289 4496 140 6629 1385 1836 120 6629 1385 7934 1259 102
101 138 677 7029 4289 4496 140 7770 7927 5831 120 7508 5831 7274 1366 7102 6528 102
101 138 677 7029 4289 4496 140 7770 7927 5831 3717 7618 120 7508 5831 3717 7618 102
101 138 677 7029 4289 4496 140 7770 7927 5831 6500 5489 1920 7102 6528 120 7508 5831 6500 5489 1920 7102 6528 102
101 138 677 7029 4289 4496 140 2380 4649 7808 7797 4275 102
101 138 677 7029 4289 4496 140 2380 3670 3862 4478 2094 102
101 138 677 7029 4289 4496 140 3449 2397 2807 5489 102
101 138 677 7029 4289 4496 140 3893 2863 3312 5455 102
101 138 677 7029 4289 4496 140 3893 2863 4281 5889 5187 120 5886 7676 2207 3175 2397 120 3893 2863 2397 5187 102
101 138 677 7029 4289 4496 140 3893 2863 5546 5591 102
101 138 677 7029 4289 4496 140 3893 7934 102
101 138 677 7029 4289 4496 140 3896 1300 6500 5490 2961 102
101 138 677 7029 4289 4496 140 3896 1300 4240 4171 4281 2207 2961 102
101 138 677 7029 4289 4496 140 3926 5892 5489 1755 102
101 138 677 7029 4289 4496 140 3926 4237 4281 5489 3966 120 3926 4237 5399 5489 3966 102
101 138 677 7029 4289 4496 140 4494 679 6793 3454 102
101 138 677 7029 4289 4496 140 5169 5961 102
101 138 677 7029 4289 4496 140 5792 5984 6868 1366 6989 5546 7032 7941 3817 5920 1750 102
101 138 677 7029 4289 4496 140 5811 3316 4448 2861 6629 1894 3454 102
101 138 677 7029 4289 4496 140 6028 7941 5692 7531 709 102
101 138 677 7029 4289 4496 140 7029 4495 4635 1366 7797 102
101 138 677 7029 4289 4496 140 7029 4495 5489 7811 7797 102
101 138 677 7029 4289 4496 140 7797 5420 7032 3966 102
101 138 677 7029 4289 4496 140 7937 3779 4347 7531 5823 102
101 138 677 7029 4289 4496 140 7937 6793 4281 7429 102
101 138 677 7029 4289 4496 140 3492 7921 2207 6989 5489 102
101 138 677 7029 4289 4496 140 3492 7921 2961 7755 6989 102
101 138 677 7029 4289 4496 140 3949 2466 1349 4240 1259 102
101 138 677 7029 4289 4496 140 3949 2466 1959 7941 1259 102
101 138 677 7029 4289 4496 140 3949 2466 5692 7531 5130 102
101 138 677 7029 4289 4496 140 3949 2466 5987 5914 5130 102
101 138 677 7029 4289 4496 140 4192 1265 2119 2772 4289 4415 4634 3796 1921 4197 4635 6076 785 102
101 138 677 7029 4289 4496 140 4192 1173 4156 7797 2961 102
101 138 677 7029 4289 4496 140 4192 7755 2961 7755 6989 120 5886 1456 2961 7755 6989 102
101 138 677 7029 4289 4496 140 4192 7755 7002 6182 7027 5491 6500 2961 102
101 138 677 7029 4289 4496 140 4528 5746 3817 5920 3966 102
101 138 677 7029 4289 4496 140 5030 798 5101 5130 102
101 138 677 7029 4289 4496 140 5166 5101 4397 4403 709 120 4635 5101 4397 4403 709 102
101 138 677 7029 4289 4496 140 5833 5831 5429 5428 102
101 138 677 7029 4289 4496 140 6868 1366 1107 1120 5770 5803 102
101 138 677 7029 4289 4496 140 6989 5546 7804 3363 7591 1456 2961 102
101 138 677 7029 4289 4496 140 6989 5546 7430 2961 102
101 138 677 7029 4289 4496 140 6989 5546 7430 6727 7755 102
101 138 677 7029 4289 4496 140 7382 3217 7934 102
101 138 677 7029 4289 4496 140 7941 7032 2397 6509 7591 1456 6989 102
101 138 677 7029 4289 4496 140 7941 7032 7937 3779 7430 3966 102
101 138 677 7029 4289 4496 140 7941 7032 6076 785 2961 102
101 138 677 7029 4289 4496 140 7946 7032 3837 3763 1259 102
101 138 677 7029 4289 4496 140 7946 6743 4275 102
101 138 677 7029 4289 4496 140 7946 100 102
101 138 677 7029 4289 4496 140 1001 5186 4143 5101 5106 102
101 138 677 7029 4289 4496 140 3984 2336 7804 5489 7628 7611 102
101 138 677 7029 4289 4496 140 4206 4252 6500 7531 4649 102
101 138 677 7029 4289 4496 140 4212 4240 4031 1836 2961 102
101 138 677 7029 4289 4496 140 4448 1073 7591 1456 4281 5489 709 102
101 138 677 7029 4289 4496 140 5868 5843 3384 7471 5763 1107 3796 5763 1259 102
101 138 677 7029 4289 4496 140 5868 5843 4166 7983 1107 3796 5763 1259 102
101 138 677 7029 4289 4496 140 1649 5412 3346 4767 2797 2339 6023 2947 102
101 138 677 7029 4289 4496 140 3534 3548 6629 1385 4240 102
101 138 677 7029 4289 4496 140 4018 4281 676 2188 102
101 138 677 7029 4289 4496 140 4018 4281 5025 102
101 138 677 7029 4289 4496 140 4018 4281 5025 117 4018 4281 5588 117 4018 1920 5591 117 4018 4281 5496 102
101 138 677 7029 4289 4496 140 5199 5709 3496 5831 102
101 138 677 7029 4289 4496 140 5429 5428 4240 6546 120 7032 7941 4240 6546 102
101 138 677 7029 4289 4496 140 5886 7676 4156 2961 7755 102
101 138 677 7029 4289 4496 140 5886 7531 1759 7430 3966 102
101 138 677 7029 4289 4496 140 5891 4240 7816 7797 4810 5489 102
101 138 677 7029 4289 4496 140 6057 7676 3424 5709 5148 5763 1107 3796 5763 1259 102
101 138 677 7029 4289 4496 140 6057 3425 4166 7983 1107 3796 5763 1259 102
101 138 677 7029 4289 4496 140 6498 5836 5803 3362 102
101 138 677 7029 4289 4496 140 7000 5831 7797 102
101 138 677 7029 4289 4496 140 7000 6793 3966 102
101 138 677 7029 4289 4496 140 7854 3459 7471 5763 1107 3796 5763 1259 102
101 138 677 7029 4289 4496 140 7854 3459 5736 4478 7430 3966 102
101 138 677 7029 4289 4496 140 2548 2466 7676 5591 102
101 138 677 7029 4289 4496 140 3627 2466 5803 3362 102
101 138 677 7029 4289 4496 140 4225 1120 5833 5831 1147 3667 102
101 138 677 7029 4289 4496 140 4225 1120 5412 1920 1164 7934 102
101 138 677 7029 4289 4496 140 5920 5489 7630 7619 120 7508 5831 7630 7619 102
101 138 677 7029 4289 4496 140 5920 5709 6028 7619 4649 120 5698 7937 6028 7619 4649 120 5162 7608 1059 7930 6028 7619 4649 102
101 138 677 7029 4289 4496 140 6076 785 5892 7618 102
101 138 677 7029 4289 4496 140 6076 785 4240 6546 102
101 138 677 7029 4289 4496 140 6500 5489 4031 1836 2961 102
101 138 677 7029 4289 4496 140 6500 5496 5529 3492 7430 3966 102
101 138 677 7029 4289 4496 140 7002 6182 2380 7755 7430 5597 2961 102
101 138 677 7029 4289 4496 140 7773 5831 5489 5187 5416 102
101 138 677 7029 4289 4496 140 7799 7797 1750 102
101 138 677 7029 4289 4496 140 3581 5709 5148 5763 1107 3796 5763 1259 102
101 138 677 7029 4289 4496 140 7983 6076 102
101 138 677 7029 4289 4496 140 5946 5546 6076 785 2961 102
101 138 677 7029 4289 4496 140 7502 2466 7797 3352 102
101 138 677 7029 4289 4496 140 100 100 7797 4275 102
101 138 677 7029 4289 4496 140 7803 7797 5592 7814 5489 102
101 138 677 7029 4289 4496 140 7804 5489 1259 120 5001 5026 1259 102
101 138 677 7029 4289 4496 140 7804 5401 2207 2397 6509 102
101 138 677 7029 4289 4496 140 7804 1120 4495 4635 6076 102
101 138 677 7029 4289 4496 140 7804 5546 1174 5709 7799 7797 102
101 138 677 7029 4289 4496 140 7804 6076 3777 5106 120 1349 4240 7591 1456 3777 5106 102
101 138 677 7029 4289 4496 140 3600 3597 5199 5763 1107 3796 5763 1259 102
101 138 677 7029 4289 4496 140 7016 4240 7027 5491 6500 2961 102
101 138 677 7029 4289 4496 140 7430 3723 3966 1259 102
101 138 677 7029 4289 4496 140 7430 5597 2961 4192 7755 102
101 138 677 7029 4289 4496 140 100 7797 2961 102
101 138 677 7029 4289 4496 140 5626 1456 5987 5914 5130 102
101 138 677 7029 4289 4496 140 5973 5612 5709 4495 6500 5589 3966 102
101 138 677 7029 4289 4496 140 1713 6908 3173 7804 1120 3763 6101 7059 102
101 138 677 7029 4289 4496 140 5140 5101 4397 4403 709 102
101 138 677 7029 4289 4496 140 5981 3581 843 4265 5148 5763 1107 3796 5763 1259 102
101 138 677 7029 4289 4496 140 7919 6500 5489 102
101 138 677 7029 4289 4496 140 7934 4546 4609 102
101 138 677 7029 4289 4496 140 7934 5221 5128 102
101 138 677 7029 4289 4496 140 7136 3352 7934 102
101 138 677 7029 4289 4496 140 7136 6662 1920 2961 117 2380 7755 6500 5489 1920 2961 102
101 138 677 7029 4289 4496 140 7818 7797 709 102
101 138 677 7029 4289 4496 140 7144 7144 5591 102
101 138 677 7029 4289 4496 140 7921 1377 7520 102
101 138 677 1587 6486 2157 140 5131 7005 7430 672 102
101 138 719 719 3823 745 6991 3315 5655 140 3175 2428 745 6991 6028 5130 102
101 138 719 719 3823 745 6991 3315 5655 140 1266 3862 6887 2357 5945 6028 5130 102
101 138 719 719 3823 745 6991 3315 5655 140 1266 3862 6887 4255 4043 745 6991 1849 102
101 138 719 719 3823 745 6991 3315 5655 140 4382 4456 3600 3597 745 6991 1849 102
101 138 719 719 3823 745 6991 3315 5655 140 7434 5966 5803 3362 745 6991 6028 5130 102
101 138 719 719 3823 745 6991 3315 5655 140 7434 7874 6028 5130 102
101 138 719 719 3823 745 6991 3315 5655 140 7274 6880 2357 672 4240 4891 4665 102
101 138 719 719 3823 745 6991 3315 5655 140 6057 3425 1933 2552 3175 2428 745 6991 102
101 138 719 719 3823 745 6991 3315 5655 140 3600 3597 5653 5696 5945 6028 5130 102
101 138 719 719 3823 745 6991 3315 5655 140 7805 7797 6863 1798 5199 6486 1102 5130 102
101 138 1920 4506 3862 3817 140 1920 4506 3862 3817 6793 4638 7797 2397 102
101 138 1920 4506 3862 3817 140 7676 722 7797 102
101 138 1920 4506 3862 3817 140 6057 3763 5763 7797 4275 102
101 138 1920 4506 3862 3817 140 7803 7797 7591 1456 1147 4275 102
101 138 1920 4506 3862 3817 140 7818 7797 3331 785 5546 4275 102
101 138 1920 4506 3862 3817 140 7818 7797 7676 5187 102
101 138 1920 2211 2255 140 7437 3360 5836 2255 1367 1778 753 1394 671 1476 1565 102
101 138 1920 2859 2900 140 758 7676 4281 5489 746 102
101 138 1920 2859 2900 140 1921 4197 3717 102
101 138 1920 2859 2900 140 4649 6028 102
101 138 1920 2859 2900 140 1059 5544 4281 745 102
101 138 1920 2859 2900 140 5001 4151 3717 102
101 138 1920 2859 2900 140 1159 3529 1107 1886 3576 3611 3779 102
101 138 1920 2859 2900 140 1456 802 3862 5726 118 1333 1456 102
101 138 1920 2859 2900 140 1456 802 3862 5726 118 6793 1456 102
101 138 1920 2859 2900 140 2272 4240 676 1147 3862 5726 118 5700 3314 102
101 138 1920 2859 2900 140 2272 4240 676 1147 3862 5726 118 1333 1456 102
101 138 1920 2859 2900 140 2272 4240 676 1147 3862 5726 118 6793 1456 102
101 138 1920 2859 2900 140 2272 4240 3862 5726 102
101 138 1920 2859 2900 140 4141 5106 102
101 138 1920 2859 2900 140 5700 5709 3779 102
101 138 1920 2859 2900 140 5529 3492 7921 4171 3862 5726 102
101 138 1920 2859 2900 140 7676 6989 7016 4240 3862 5726 102
101 138 1920 2859 2900 140 1333 1456 3862 5726 6989 102
101 138 1920 2859 2900 140 5155 3717 102
101 138 1920 2859 2900 140 5155 3576 3611 3779 102
101 138 1920 2859 2900 140 3449 2094 7005 102
101 138 1920 2859 2900 140 5169 4773 5131 102
101 138 1920 2859 2900 140 7937 6793 4281 5489 746 102
101 138 1920 2859 2900 140 5178 3253 1102 5131 102
101 138 1920 2859 2900 140 7946 5529 3492 6500 5489 746 102
101 138 1920 2859 2900 140 7946 5131 102
101 138 1920 2859 2900 140 5878 5709 3779 102
101 138 1920 2859 2900 140 6057 3723 6500 5489 746 102
101 138 1920 2859 2900 140 2184 7818 7797 7591 1456 7676 5187 102
101 138 1920 2859 2900 140 4225 7919 6028 102
101 138 1920 2859 2900 140 4078 3828 5169 4242 7930 4275 102
101 138 1920 2859 2900 140 4080 3706 3796 3717 100 102
101 138 1920 2859 2900 140 7502 1751 4294 5023 2451 2335 3862 5726 102
101 138 1920 2859 2900 140 5140 5101 5106 102
101 138 1920 2859 2900 140 5981 3362 7005 102
101 138 1920 2859 2900 140 7818 7797 7591 1456 7676 5187 102
101 138 1920 2859 2900 140 7920 2595 7431 2094 3717 102
101 138 1920 2873 1269 782 140 7866 3779 1044 4495 7032 5920 7866 3779 102
101 138 1920 3983 6486 2397 140 2335 1456 7937 6793 118 1059 5162 102
101 138 1920 3983 6486 2397 140 5162 3763 5763 118 1059 5162 102
101 138 1920 3983 6486 2397 140 7946 5529 3492 118 1059 5162 102
101 138 2207 782 4289 140 4083 1331 4276 4242 7930 1959 102
101 138 2207 2335 4022 2238 140 1920 3683 4680 7797 1331 1147 102
101 138 2207 2335 4022 2238 140 1378 4124 5155 3862 3717 856 2166 2428 7621 3658 7823 7797 3926 5489 2961 102
101 138 2207 2335 4022 2238 140 1378 4124 7029 4495 5001 100 7797 1147 4275 102
101 138 2207 2335 4022 2238 140 1378 4124 7823 7797 3926 5489 672 102
101 138 2207 2335 4022 2238 140 1912 7077 4500 1378 4124 7808 7797 4275 102
101 138 2207 2335 4022 2238 140 2342 4192 7464 1920 3683 4680 7797 1331 1147 102
101 138 2207 2335 4022 2238 140 4767 4318 1062 3926 5489 4275 102
101 138 2207 2335 4022 2238 140 3833 1120 1298 5401 4635 6076 102
101 138 2207 2335 4022 2238 140 5148 4635 7427 3215 5155 5489 7816 7797 102
101 138 2207 2335 4022 2238 140 7676 6989 5709 3363 2961 102
101 138 2207 2335 4022 2238 140 2918 2014 7807 7797 671 1915 2397 102
101 138 2207 2335 4022 2238 140 4294 1920 2128 2552 7274 5520 6076 785 102
101 138 2207 2335 4022 2238 140 4294 5159 5155 1921 4197 4192 1173 2349 3763 7797 2961 102
101 138 2207 2335 4022 2238 140 5153 6205 5984 7434 7808 1147 4275 102
101 138 2207 2335 4022 2238 140 7029 4495 1266 3862 1920 2397 6509 102
101 138 2207 2335 4022 2238 140 7029 4495 4904 1143 7797 102
101 138 2207 2335 4022 2238 140 7029 4495 2918 2014 5946 7921 7807 7797 102
101 138 2207 2335 4022 2238 140 3255 1164 2342 1920 1331 1147 7803 7797 102
101 138 2207 2335 4022 2238 140 3255 1164 7804 1120 7803 7797 1147 4275 102
101 138 2207 2335 4022 2238 140 3255 1164 7804 1120 7803 7797 2227 2961 102
101 138 2207 2335 4022 2238 140 4192 5496 3822 1331 1147 1920 3683 4680 7797 102
101 138 2207 2335 4022 2238 140 4192 5496 3822 2157 2382 1920 3683 4680 7797 102
101 138 2207 2335 4022 2238 140 3513 1501 1298 7478 3833 1120 2380 3670 7800 7797 102
101 138 2207 2335 4022 2238 140 3513 7804 5709 3363 6076 3998 102
101 138 2207 2335 4022 2238 140 3513 7804 7029 4495 5489 7797 102
101 138 2207 2335 4022 2238 140 3513 7804 7616 4021 5709 6035 6509 5489 102
101 138 2207 2335 4022 2238 140 6895 3817 4635 2380 7797 1147 3667 102
101 138 2207 2335 4022 2238 140 4225 1120 2380 3670 7800 7797 102
101 138 2207 2335 4022 2238 140 7804 1120 1174 5709 7799 7797 102
101 138 2207 2335 4022 2238 140 7804 1120 3862 4124 4403 6509 102
101 138 2207 2335 4022 2238 140 7804 1120 4192 5496 3822 1759 100 7797 1147 4275 102
101 138 2207 2335 4022 2238 140 1713 6908 3833 1120 7854 6090 102
101 138 2207 2335 4022 2238 140 1713 6908 2157 2382 7803 7797 116 1920 3683 4680 7797 1147 4275 102
101 138 2207 5439 3352 140 1331 4275 3862 5726 118 2255 5878 1456 102
101 138 2207 5439 3352 140 1331 4275 3862 5726 118 1333 1456 102
101 138 2207 5439 3352 140 1331 4275 3862 5726 118 6793 7676 1456 102
101 138 2207 5439 3352 140 3862 5726 3472 3472 2947 118 1333 1456 102
101 138 2207 5439 3352 140 3862 5726 3472 3472 2947 118 6793 7676 1456 102
101 138 2207 5439 3352 140 6631 5159 1920 3862 5726 6631 966 1259 102
101 138 2207 3360 4203 7619 140 6044 6057 3600 3597 7619 102
101 138 2207 3360 4203 7619 140 7804 1959 5946 7619 102
101 138 2207 3360 4203 7619 140 7430 6028 4203 7619 102
101 138 2207 942 7608 2125 140 2204 6057 6637 4636 5709 6044 6057 7401 6716 4486 102
101 138 2207 942 7608 2125 140 2204 6057 6637 7983 4706 6044 6057 7401 6716 4486 102
101 138 2207 2294 7608 1501 140 5698 7937 7591 1456 7797 746 102
101 138 2207 1631 6803 140 4294 5159 7983 4706 6057 102
101 138 2207 5199 782 140 5179 6981 5198 1394 6486 3362 2094 102
101 138 2207 4050 140 7854 1133 6989 102
101 138 2207 4836 1773 140 1391 7613 4397 7471 7777 118 100 7797 4245 7621 1039 5162 102
101 138 2207 4836 1773 140 7032 7941 5886 3779 102
101 138 2207 4836 1773 140 7032 7941 5920 3779 102
101 138 2255 3315 4031 3175 140 1920 7930 5735 5864 5106 3314 102
101 138 2255 4506 1920 1356 140 7032 4247 7983 5988 3157 4141 5106 7102 102
101 138 2255 4506 1920 1356 140 7029 4495 1343 1173 7802 7797 5592 5489 2961 102
101 138 2255 4506 1920 1356 140 4225 1120 3351 5864 6101 7059 102
101 138 2255 1909 140 2695 3152 5695 3362 1102 3899 3900 102
101 138 2255 5474 140 1456 802 2205 1147 3862 5726 102
101 138 2255 5474 140 6793 1456 2205 1147 3862 5726 102
101 138 2335 3869 3362 1754 140 5155 7021 6863 3379 3580 3362 7005 102
101 138 2339 4777 140 1962 7005 1914 1914 5868 5843 1914 102
101 138 2339 4777 140 1962 7005 1914 1914 5981 3362 1914 102
101 138 2339 4777 140 3362 6987 3189 1469 4636 7676 3362 3362 6987 102
101 138 2339 4777 140 3362 6987 3189 1469 3449 2094 3362 6987 102
101 138 2339 4777 140 3362 6987 3189 1469 5981 3362 3362 6987 102
101 138 2339 4777 140 3449 2094 6987 102
101 138 2339 4777 140 5198 1394 3717 3362 7005 102
101 138 2339 4777 140 7854 3459 6987 102
101 138 2339 4777 140 5981 3362 6987 102
101 138 679 948 561 5823 140 7621 4495 7946 3312 5455 7463 102
101 138 704 6803 140 100 2492 5106 5187 102
101 138 704 6803 140 100 2492 2184 5106 102
101 138 704 6803 140 3300 3582 8135 110 5155 5199 6486 1100 5106 102
101 138 704 6803 140 7679 2227 5187 5106 4649 102
101 138 704 6803 140 1001 5186 2184 5106 102
101 138 704 6803 140 5195 1073 2571 4215 5169 2184 5106 102
101 138 704 6803 140 5195 1073 5106 5187 102
101 138 704 6803 140 5195 1073 2184 5106 102
101 138 704 6803 140 5206 6172 1100 5106 102
101 138 704 6803 140 2188 7959 7515 5159 5155 5199 6486 5106 5187 102
101 138 758 3435 1751 7396 140 3817 5920 5546 4275 102
101 138 758 3435 1751 7396 140 7676 5546 4373 5101 5108 102
101 138 758 3435 1751 7396 140 5823 5823 5546 4275 102
101 138 758 3435 1751 7396 140 7941 7032 5886 4275 102
101 138 758 3435 1751 7396 140 6057 5131 1765 4478 102
101 138 791 2335 6803 1842 140 6044 6057 7946 3312 5455 7463 102
101 138 1039 3315 2255 140 100 676 6235 7613 5141 3862 5726 102
101 138 1039 3315 2255 140 1039 3315 2255 1456 802 3862 5726 102
101 138 1039 3315 2255 140 1039 3315 2255 3308 7804 3862 5726 3959 7921 7591 1456 102
101 138 1039 3315 2255 140 1059 5162 118 1039 3315 2255 4192 6310 1456 2205 1147 3862 5726 102
101 138 1039 3315 2255 140 5101 1936 6863 1798 1456 802 3862 5726 5380 102
101 138 1039 3315 2255 140 6486 1305 7536 6887 3308 7804 3862 5726 4891 4665 102
101 138 1039 3315 2255 140 1456 802 3862 5726 102
101 138 1039 3315 2255 140 1456 802 2205 1147 3862 5726 102
101 138 1039 3315 2255 140 4381 1072 5244 1240 1519 5143 1154 1456 802 3862 5726 4891 4665 102
101 138 1039 3315 2255 140 7032 5199 4275 3862 5726 4891 4665 102
101 138 1039 3315 2255 140 3862 5726 7676 7777 2207 7797 102
101 138 1039 3315 2255 140 3862 5726 1830 3362 1933 2552 118 7946 4944 3331 785 7591 1456 102
101 138 1039 3315 2255 140 3862 5726 6738 912 1259 102
101 138 1039 3315 2255 140 5546 4171 3862 5726 1333 1456 102
101 138 1039 3315 2255 140 5546 4171 3862 5726 4494 6793 7591 1456 102
101 138 1039 3315 2255 140 5546 4171 3862 5726 3492 7921 7591 1456 102
101 138 1039 3315 2255 140 7029 3862 5726 4891 4665 102
101 138 1039 3315 2255 140 3308 7804 3862 5726 3862 7921 7591 1456 4891 4665 102
101 138 1039 3315 2255 140 3308 7804 3862 5726 118 3576 3611 3779 3862 7921 7591 1456 102
101 138 1039 3315 2255 140 3308 7804 3862 5726 4891 4665 118 7937 3779 3926 7676 102
101 138 1039 3315 2255 140 3513 677 3862 5726 4891 4665 102
101 138 1039 3315 2255 140 2205 1147 3862 5726 118 5700 3314 102
101 138 1039 3315 2255 140 5204 2225 1456 802 3862 5726 5380 4891 4665 102
101 138 1039 3315 2255 140 6793 1456 2205 1147 3862 5726 102
101 138 1039 3706 2157 3184 140 1039 3706 6500 5489 3454 102
101 138 1039 3706 2157 3184 140 6500 5489 3454 118 7946 5529 3492 1366 1456 102
101 138 1286 1400 3229 1045 140 1286 1400 3229 1045 100 3513 1951 5143 118 5148 5980 4424 4391 1959 5763 102
101 138 1286 1400 3229 1045 140 4374 2147 7350 5958 1990 1959 5763 102
101 138 1286 1400 3229 1045 140 843 4265 1959 5763 102
101 138 1286 1400 3229 1045 140 7350 5958 1990 1959 5763 102
101 138 1286 1400 3229 1045 140 7028 745 1959 5763 102
101 138 1286 1400 3229 1045 140 7028 745 1476 1565 2897 7136 102
101 138 1286 1400 3229 1045 140 7028 745 5770 5803 1959 5763 102
101 138 1286 1400 3229 1045 140 7095 5984 5148 5763 102
101 138 1286 2527 3229 1045 140 1286 1400 3229 1045 118 843 4265 1959 5763 102
101 138 1286 2527 3229 1045 140 1286 1400 3229 1045 118 7095 5984 5148 5763 102
101 138 1921 785 140 8440 8152 5763 4374 5763 1259 102
101 138 1921 785 140 3189 3299 4059 5148 4373 5148 5763 1259 102
101 138 1921 785 140 1100 6542 5763 102
101 138 1921 785 140 1378 4124 5751 1501 118 7032 5858 4166 7983 5763 102
101 138 1921 785 140 1378 4124 5751 1501 118 5125 4189 4166 7983 5763 102
101 138 1921 785 140 1378 4124 5751 1501 118 5428 4373 4166 7983 5763 102
101 138 1921 785 140 1378 4124 5751 1501 118 7804 2967 5199 5763 102
101 138 1921 785 140 1378 4124 5751 6542 118 1120 7515 4166 7983 5763 102
101 138 1921 785 140 1378 4124 5751 6542 118 7770 2255 4166 7983 5763 102
101 138 1921 785 140 1378 4124 5751 4891 7350 7027 2255 7770 2255 5763 102
101 138 1921 785 140 1378 4124 5751 4891 5763 4374 102
101 138 1921 785 140 1378 4124 7470 5715 118 5439 5763 4374 102
101 138 1921 785 140 1378 4124 7470 5715 118 1120 7515 4166 7983 5763 102
101 138 1921 785 140 1378 4124 7470 5715 118 7770 2255 4166 7983 5763 102
101 138 1921 785 140 1724 2108 3217 4166 7983 5763 102
101 138 1921 785 140 3329 3360 3983 5763 102
101 138 1921 785 140 7344 4060 1259 5748 5799 5709 5763 6150 5763 102
101 138 1921 785 140 7344 4060 1259 5748 5799 5199 5763 102
101 138 1921 785 140 7344 4060 1259 7770 2255 4166 7983 5763 6150 5763 102
101 138 1921 785 140 7344 4060 1259 5825 5709 3249 3827 5763 102
101 138 1921 785 140 7344 4060 1259 5199 5763 102
101 138 1921 785 140 1476 1565 7676 5148 5763 118 1367 3193 1456 5148 5763 102
101 138 1921 785 140 3346 3175 5401 782 5763 102
101 138 1921 785 140 7032 5858 5763 2207 758 3165 102
101 138 1921 785 140 7032 6367 3173 5763 118 7770 2255 4166 7983 102
101 138 1921 785 140 7350 7027 2255 5763 102
101 138 1921 785 140 7350 5958 1990 5148 5763 102
101 138 1921 785 140 2593 3758 1107 3796 5763 118 7350 5958 1990 5148 5763 102
101 138 1921 785 140 2593 3758 1107 3796 5763 118 5748 7676 5199 5763 102
101 138 1921 785 140 5748 5799 5199 5763 5195 4089 1259 102
101 138 1921 785 140 7676 4275 5763 102
101 138 1921 785 140 1333 4275 7770 2255 4166 7983 5763 102
101 138 1921 785 140 1333 4275 5825 5709 3249 3827 5763 102
101 138 1921 785 140 1333 4275 7941 7032 4371 5101 5763 102
101 138 1921 785 140 1333 4275 7804 5199 5763 102
101 138 1921 785 140 3424 5709 7032 5858 5763 2207 2341 5380 102
101 138 1921 785 140 3424 5709 5199 5763 1259 102
101 138 1921 785 140 4166 7983 5763 102
101 138 1921 785 140 4166 7983 6150 5763 102
101 138 1921 785 140 4294 6908 4166 7983 5763 102
101 138 1921 785 140 4294 6908 5199 5763 5106 102
101 138 1921 785 140 4294 6908 7136 6223 7509 5763 102
101 138 1921 785 140 5751 5763 5748 7676 5199 5763 102
101 138 1921 785 140 5751 6908 4166 7983 5763 102
101 138 1921 785 140 7770 2255 4166 7983 5763 102
101 138 1921 785 140 7029 4495 3249 3827 5763 4374 102
101 138 1921 785 140 7941 7032 7930 5763 102
101 138 1921 785 140 5125 4189 4166 7983 5763 2207 2341 5380 102
101 138 1921 785 140 5199 5763 102
101 138 1921 785 140 1032 6908 4166 7983 5763 102
101 138 1921 785 140 7804 5199 5763 102
101 138 1921 785 140 1713 6908 7770 2255 4166 7983 5763 102
101 138 1921 785 140 7136 6223 7509 102
101 138 1921 7676 3559 100 140 5148 6486 2399 5130 120 677 3862 7777 5130 818 6908 102
101 138 1921 4197 6484 140 4242 7930 3472 118 7946 2341 1046 1213 1366 1456 102
101 138 1921 4197 6484 140 4242 7930 3472 118 5913 6632 5803 102
101 138 1921 4197 775 3833 140 3300 3582 7946 3312 5455 7463 102
101 138 1921 4197 7110 140 8135 110 3862 3817 3918 2251 3717 102
101 138 1922 4397 7676 140 2207 6803 4275 4171 3862 5726 118 3449 2094 1366 1456 102
101 138 1922 4397 7676 140 1922 4397 7676 2207 6803 4275 4171 3862 5726 118 3492 7921 1366 1456 102
101 138 1922 4397 7676 140 3763 5763 6486 2397 102
101 138 1922 4397 7676 140 6486 2397 7478 1825 3121 118 5886 3454 2094 102
101 138 1922 4397 7676 140 5886 4321 1920 5886 1456 6486 2397 102
101 138 2349 6956 6803 140 1921 4197 7920 2595 4846 3787 3717 102
101 138 3189 3189 3200 140 2451 2335 2272 4240 5946 7921 3862 5726 102
101 138 3189 3315 736 7787 140 7946 5698 7937 5106 4192 1217 5131 102
101 138 3189 3315 1045 3636 6182 5828 140 745 7000 1102 3472 120 5979 2802 1102 3472 818 6908 102
101 138 3189 3633 140 1107 1886 7676 3779 102
101 138 3189 3633 140 7032 7854 3459 3173 5001 4141 5106 102
101 138 3189 3633 140 1505 1505 6738 5106 5187 7770 5270 2184 5106 102
101 138 3189 3633 140 1505 1505 6738 5106 5187 118 2184 5106 102
101 138 3189 3633 140 4294 5159 7676 3779 102
101 138 3189 3633 140 5106 5187 102
101 138 3189 3633 140 4192 7932 6549 3173 5001 4141 5106 102
101 138 3189 3633 140 1001 5186 2184 5106 102
101 138 3189 3633 140 5199 3253 5106 5187 102
101 138 3189 3633 140 2184 5106 5187 102
101 138 3189 3633 140 7983 2446 7919 6028 7941 5106 5187 102
101 138 3189 4897 4506 140 1102 5131 3862 4242 4979 102
101 138 3189 2128 140 5169 4242 7930 4275 102
101 138 3189 2128 140 1713 6908 7382 1045 7770 5270 4242 7930 4275 102
101 138 3683 5838 1914 140 4660 4495 5826 2207 100 3362 1120 118 1333 1456 102
101 138 3683 5838 1914 140 4660 4495 5826 2207 100 3362 1120 118 5775 3363 102
101 138 3683 5838 1914 140 4660 4495 5826 2207 100 3362 1120 118 5868 5843 102
101 138 3683 5838 1914 140 4660 4495 5826 2207 100 3362 1120 118 6057 3425 102
101 138 3717 3481 3833 140 2592 4042 7920 2595 7431 2094 3717 102
101 138 4374 5439 1395 140 3893 5763 3490 4289 7614 3160 102
101 138 4374 1501 1713 6908 140 5401 1751 2075 5504 7027 5491 1333 1846 4281 2961 102
101 138 4374 1501 1713 6908 140 1192 4649 6793 3492 6500 5489 3717 7618 102
101 138 4374 1501 1713 6908 140 7770 7927 5831 6500 5489 3717 7618 102
101 138 4374 1501 1713 6908 140 7804 5489 1920 7628 7611 102
101 138 712 2446 5125 6908 140 3513 1501 5878 5709 3779 102
101 138 1217 1914 2188 140 3893 5763 102
101 138 1217 7920 1600 140 1217 7920 1600 7920 2595 3717 7431 2094 3717 102
101 138 1266 3159 140 2207 4836 7676 3779 102
101 138 1266 3159 140 2188 3159 5698 7937 7676 3779 102
101 138 1266 3159 140 2188 3159 7678 3779 102
101 138 1266 3159 140 7678 3779 102
101 138 1266 3862 140 7818 7797 7676 5187 102
101 138 1266 3862 140 7818 7797 7676 5187 118 5698 7937 1366 1456 102
101 138 1266 3862 140 7818 7797 7676 5187 118 5153 1953 5679 7591 1456 102
101 138 1266 3862 140 7818 7797 7676 5187 118 5169 3454 102
101 138 1266 3862 140 7818 7797 7676 5187 118 7937 6793 102
101 138 1266 3862 140 7818 7797 7676 5187 118 2184 3454 102
101 138 1305 2623 140 4275 4171 3862 5726 118 3384 2094 7591 1456 102
101 138 1305 2623 140 4275 4171 3862 5726 118 4171 7799 7797 7591 1456 102
101 138 1305 2623 140 4275 4171 3862 5726 118 3492 7921 1366 1456 102
101 138 1305 2623 140 7521 6554 1305 2623 7102 2349 3862 5726 118 5886 7676 1366 1456 102
101 138 1305 2623 140 7521 6554 7102 2349 3862 5726 118 3492 7921 102
101 138 1305 7930 7384 140 7946 7930 3723 118 1333 1456 102
101 138 1305 6531 140 5101 5828 2094 118 3862 5726 102
101 138 1305 6531 140 5101 5828 2094 118 5166 5101 102
101 138 1305 5958 140 3762 5256 7946 5131 7591 1456 1959 5763 102
101 138 1305 5958 140 7350 2861 3683 3362 7676 7591 1456 4099 2965 1476 1565 102
101 138 1367 6887 140 4636 7676 5199 5763 102
101 138 1367 6887 140 3449 2094 5199 5763 102
101 138 1367 6887 140 5199 5763 102
101 138 1367 6887 140 7427 1456 3362 5763 118 5981 3362 6057 3425 5763 102
101 138 1377 1366 1377 3556 140 100 102
101 138 1377 1366 1377 3556 140 5270 5204 116 3749 3717 102
101 138 1377 4273 2553 2590 140 3717 6295 1333 1456 102
101 138 1377 4273 2553 2590 140 1377 4273 2553 2590 4634 6997 100 3449 2094 6987 745 7000 5826 7614 102
101 138 1377 4273 2553 2590 140 745 7000 5826 4634 6997 745 7614 3160 102
101 138 1377 4273 2553 2590 140 7274 2552 2768 7269 745 7000 5826 7614 3160 102
101 138 1377 4273 2553 2590 140 7274 2552 2768 7269 5981 3362 745 7000 5826 7614 102
101 138 1377 4273 2553 2590 140 6556 4075 4083 1456 745 7000 5826 7614 3160 102
101 138 1378 704 679 753 5130 7619 140 6028 7941 6989 102
101 138 1378 704 1912 1815 6803 3298 140 7515 5159 7676 5692 1102 3899 3900 102
101 138 1378 1045 140 6631 5159 5106 5187 102
101 138 1378 3346 1159 7922 140 1333 1456 924 719 745 102
101 138 1378 4523 140 1333 1456 5489 7777 102
101 138 1378 4523 140 3862 5726 5489 7777 102
101 138 1378 6983 140 5148 7933 5931 5746 3723 102
101 138 1378 4424 2430 140 5800 1754 4099 2965 1476 1565 118 5148 4373 1476 1565 102
101 138 1378 4424 2430 140 5800 1754 4099 2965 1476 1565 118 4225 2768 3362 7676 1476 1565 102
101 138 1378 6803 140 4281 2188 2188 2341 1046 1213 924 719 745 7614 1501 102
101 138 1378 5131 140 8135 110 5148 5709 5104 3779 102
101 138 1378 5131 140 676 2506 5970 7930 102
101 138 1378 5131 140 1920 6486 3763 2861 3779 102
101 138 1378 5131 140 679 7616 1469 1032 6549 5878 5709 3779 102
101 138 1378 5131 140 784 4944 1920 4242 7930 4275 102
101 138 1378 5131 140 784 7093 3362 7930 4275 113 1377 5162 7608 114 102
101 138 1378 5131 140 1378 5131 4294 5159 1159 3529 3576 3611 3779 102
101 138 1378 5131 140 1378 5131 4242 7930 4275 102
101 138 1378 5131 140 3315 1759 4491 5915 5131 102
101 138 1378 5131 140 2128 2552 6495 5489 6989 1333 1456 102
101 138 1378 5131 140 2128 2552 6495 5148 7933 5489 6989 102
101 138 1378 5131 140 2128 2552 6495 3862 5726 5698 7937 5489 6989 102
101 138 1378 5131 140 2128 2552 6495 5878 5709 3779 5489 6989 102
101 138 1378 5131 140 5101 7930 5270 4944 4275 102
101 138 1378 5131 140 6486 4043 4242 7930 102
101 138 1378 5131 140 3362 746 5270 4944 4275 102
101 138 1378 5131 140 5700 5709 3779 102
101 138 1378 5131 140 5148 6486 5166 5101 5970 7930 102
101 138 1378 5131 140 5148 5709 5104 3779 102
101 138 1378 5131 140 4171 6989 3779 102
101 138 1378 5131 140 4294 5159 1159 3529 3576 3611 3779 4891 4665 102
101 138 1378 5131 140 7770 1765 2207 6803 4099 2965 2466 1476 1565 102
101 138 1378 5131 140 7770 1765 2207 6803 4099 2965 2466 1476 1565 118 3449 6983 3362 7676 102
101 138 1378 5131 140 3253 1102 5131 102
101 138 1378 5131 140 6522 5998 4773 5131 102
101 138 1378 5131 140 7946 7930 4275 102
101 138 1378 5131 140 7946 4944 1830 3362 102
101 138 1378 5131 140 7946 5131 102
101 138 1378 5131 140 7946 5131 5952 3678 5763 102
101 138 1378 5131 140 5878 5709 3779 102
101 138 1378 5131 140 6046 5125 102
101 138 1378 5131 140 5125 6182 4294 4773 102
101 138 1378 5131 140 5125 6182 5169 4773 102
101 138 1378 5131 140 5199 6486 5951 785 7065 5455 102
101 138 1378 5131 140 3576 3611 3779 4891 4665 102
101 138 1378 5131 140 5952 3678 5763 102
101 138 1378 5131 140 5970 7930 4397 4944 102
101 138 1378 5131 140 6106 6046 5125 102
101 138 1378 7921 140 3862 3817 4495 2768 3717 102
101 138 1378 7921 140 3862 3817 7920 2595 7431 2094 3717 102
101 138 1378 4124 1962 6803 140 8135 110 1378 4124 4496 4496 7077 2252 3644 4192 5131 7941 6486 1959 102
101 138 1378 4124 1962 6803 140 8135 110 1378 4124 4496 4496 7077 2252 3644 4192 5131 7946 6486 1959 102
101 138 1378 4124 1962 6803 140 8135 110 1378 4124 4496 4496 7077 2252 3644 2544 5131 7941 6486 1959 102
101 138 1378 4124 1962 6803 140 8135 110 1378 4124 4496 4496 7077 2252 3644 2544 5131 7946 6486 1959 102
101 138 1378 4124 5763 782 140 4220 7148 7946 5131 4834 118 4083 1331 5439 5952 102
101 138 1724 733 1063 140 758 7676 6486 2397 102
101 138 1724 733 1063 140 3763 5763 6486 2397 102
101 138 1724 733 1063 140 7676 6486 2397 102
101 138 1724 733 1063 140 7676 6367 1147 2397 102
101 138 1724 733 1063 140 7946 5529 3492 6486 2397 102
101 138 1724 733 1063 140 4018 5489 6486 2397 102
101 138 3315 2157 140 1599 7679 2861 7414 7921 1456 3862 5726 6989 102
101 138 4495 3833 140 3189 3299 4059 5148 5763 102
101 138 4495 3833 140 3189 3299 4059 4192 5131 5148 5763 102
101 138 4495 3833 140 3189 2466 4192 5131 5199 5763 102
101 138 4495 3833 140 4495 3833 3189 3299 4059 4192 5131 5148 5763 102
101 138 4495 3833 140 4495 3833 3796 3773 1959 5763 102
101 138 4495 3833 140 4495 3833 3796 3773 5709 5763 102
101 138 4495 3833 140 4495 3833 3796 3773 5199 5763 102
101 138 4495 3833 140 4495 3833 5979 3419 5984 5148 5763 102
101 138 4495 3833 140 1102 1476 1565 102
101 138 4495 3833 140 5695 3362 3799 1962 3362 3799 5148 5763 102
101 138 4495 3833 140 3796 3773 1959 5763 102
101 138 4495 3833 140 3796 3773 5709 5763 102
101 138 4495 3833 140 3796 3773 5148 5763 102
101 138 4495 3833 140 3796 3773 5199 5763 102
101 138 4495 3833 140 4397 4403 1959 5763 102
101 138 4495 3833 140 3173 1032 3490 7946 3312 5455 7463 118 7946 5131 1366 1456 102
101 138 4495 3833 140 3173 1032 3490 7621 4495 7946 3312 5455 7463 118 7065 3331 1366 1456 102
101 138 4495 3833 140 5480 782 2714 4189 7471 5763 102
101 138 4495 3833 140 5979 3419 5984 5148 5763 102
101 138 4495 3833 140 5979 3419 5984 5199 5763 102
101 138 4495 3833 5679 1962 140 1107 1886 4294 5159 1159 3529 3576 3611 3779 102
101 138 4495 3833 5679 1962 140 1456 802 3862 5726 102
101 138 4495 3833 5679 1962 140 4171 5931 5961 102
101 138 4495 3833 5679 1962 140 4294 6310 4099 3344 1476 1565 102
101 138 4495 3833 5679 1962 140 6629 1385 7818 7797 3454 102
101 138 4495 3833 5679 1962 140 7803 7797 7777 102
101 138 4495 4634 5998 140 7136 6028 100 100 6028 118 1333 1456 102
101 138 4495 4634 5998 140 7136 6028 100 100 6028 118 6793 1456 102
101 138 4495 4634 5998 140 7136 6028 118 7676 6793 102
101 138 4495 4634 5998 140 7136 6028 118 1333 1456 102
101 138 4635 5984 3694 140 3195 3764 6046 5125 102
101 138 4635 5984 3694 140 7621 5916 7614 4891 4665 102
101 138 4767 753 7102 140 8604 4166 7983 7934 102
101 138 4897 1747 1333 140 6837 872 5920 798 7619 102
101 138 4989 7524 140 1959 5763 102
101 138 4989 7524 140 2341 1046 1213 1959 5763 102
101 138 4989 7524 140 4989 7524 1959 5763 102
101 138 4989 7524 140 4989 7524 5739 2466 1959 5763 102
101 138 4989 7524 140 4989 7524 5842 7676 1959 5199 102
101 138 4989 7524 140 3751 7676 1959 5199 102
101 138 4989 7524 140 5739 2466 1959 5763 102
101 138 4989 7524 140 1333 1456 1959 5763 102
101 138 4989 7524 140 4189 5763 3627 5945 102
101 138 4989 7524 140 4424 4391 5148 5763 102
101 138 4989 7524 140 5179 1501 7003 3189 2466 2851 5763 3627 5945 102
101 138 4989 7524 140 5179 1501 7003 5739 2466 4640 2157 1959 5763 102
101 138 4989 7524 140 5179 1501 7003 4189 7676 4166 7983 1959 5763 102
101 138 4989 7524 140 5179 1501 7003 5429 5428 5748 7676 1959 5199 102
101 138 4989 7524 140 5179 1501 7003 118 5637 2466 5692 7531 1959 5763 102
101 138 4989 7524 140 5842 7676 1959 5199 102
101 138 4989 7524 140 6044 6057 5148 5763 102
101 138 4989 7524 140 7003 1959 5763 3627 5945 102
101 138 4989 7524 140 3600 3597 5148 5763 102
101 138 823 5972 1754 140 1920 5380 4189 4203 5763 102
101 138 823 5972 1754 140 4083 5763 102
101 138 1045 3787 140 100 4242 7930 1959 102
101 138 1045 3787 140 1286 1400 3229 1045 118 7028 745 1959 5763 102
101 138 1045 3787 140 1286 1400 3229 1045 118 7028 745 1476 1565 2897 7136 102
101 138 1045 3787 140 1286 1400 3229 1045 118 7028 745 7032 7930 1959 5763 102
101 138 1045 3787 140 1286 1400 3229 1045 118 7028 745 5770 5803 1959 5763 102
101 138 1045 3787 140 2341 1046 1213 4281 1959 102
101 138 1045 3787 140 2341 1046 1213 4281 745 102
101 138 1045 3787 140 3633 2411 118 1100 4478 5763 102
101 138 1045 3787 140 3633 2411 6044 6057 5825 5709 5763 102
101 138 1045 3787 140 1045 3787 2341 1046 1213 4281 1959 102
101 138 1045 3787 140 1045 3787 3633 2411 6044 6057 5825 5709 5763 102
101 138 1045 3787 140 1045 3787 1059 5544 924 719 745 102
101 138 1045 3787 140 1045 3787 856 5544 7770 7048 4281 1959 102
101 138 1045 3787 140 1045 3787 1107 3796 5763 118 1102 7021 4166 7983 102
101 138 1045 3787 140 1045 3787 1107 3796 5763 118 1107 5842 5199 5763 102
101 138 1045 3787 140 1045 3787 3362 3723 4281 1959 102
101 138 1045 3787 140 1045 3787 4397 4944 1830 3362 4281 745 102
101 138 1045 3787 140 1045 3787 5748 5799 5763 1754 118 6057 5763 102
101 138 1045 3787 140 1045 3787 7770 7048 4281 1959 102
101 138 1045 3787 140 1045 3787 2168 5204 1046 4846 3787 3717 102
101 138 1045 3787 140 1045 3787 7430 6028 6486 1959 102
101 138 1045 3787 140 1059 5544 924 719 745 102
101 138 1045 3787 140 856 5544 924 719 745 102
101 138 1045 3787 140 856 5544 7770 7048 4281 745 102
101 138 1045 3787 140 1107 3796 5763 118 1102 7021 5148 5763 102
101 138 1045 3787 140 1107 3796 5763 118 1107 7512 7471 5763 102
101 138 1045 3787 140 1107 3796 5763 118 3217 7021 5199 5763 102
101 138 1045 3787 140 1107 3796 5763 118 5763 4374 4166 7983 102
101 138 1045 3787 140 1107 3796 5763 118 3308 7463 5148 5763 119 4192 5131 102
101 138 1045 3787 140 1107 3796 5763 118 3308 7463 5199 5763 102
101 138 1045 3787 140 3362 3723 4281 745 102
101 138 1045 3787 140 4397 4944 1830 3362 4281 745 102
101 138 1045 3787 140 5748 5799 5763 1754 118 5748 7676 3384 5763 102
101 138 1045 3787 140 5748 5799 5763 1754 118 5748 5799 6057 5763 102
101 138 1045 3787 140 5748 5799 5763 1754 118 7676 3600 4424 4391 5148 102
101 138 1045 3787 140 5748 5799 5763 1754 118 2168 5981 4225 2768 5148 102
101 138 1045 3787 140 5748 5799 5763 1754 118 4192 5131 5748 5799 3926 5763 102
101 138 1045 3787 140 5748 5799 5763 1754 118 6057 5763 102
101 138 1045 3787 140 5748 5799 5763 1754 118 5981 3362 5148 5763 102
101 138 1045 3787 140 5155 8135 110 856 5544 4281 745 102
101 138 1045 3787 140 5155 8135 110 924 719 745 102
101 138 1045 3787 140 7770 7048 4281 1959 102
101 138 1045 3787 140 7770 7048 4281 745 102
101 138 1045 3787 140 7930 5715 4281 745 102
101 138 1045 3787 140 2168 5204 800 4281 745 102
101 138 1045 3787 140 7946 6486 4043 102
101 138 1045 3787 140 7946 5698 7937 4281 745 102
101 138 1045 3787 140 4083 1377 1377 102
101 138 1045 3787 140 1032 6549 6028 4635 4281 745 118 1333 1456 102
101 138 1045 3787 140 5133 5101 4043 102
101 138 1045 3787 140 5951 785 5133 5101 4043 102
101 138 1045 3787 140 7804 6486 4043 102
101 138 1045 3787 140 7430 6028 6486 1959 102
101 138 1045 3787 140 5981 3362 4281 745 102
101 138 1045 7384 4495 2825 140 5709 5909 673 3215 4059 3862 3817 3918 2251 3717 102
101 138 1059 1751 140 2341 1046 1213 4281 745 102
101 138 1059 1751 140 5770 5803 7591 1456 4281 745 102
101 138 1059 1751 140 7930 5715 7591 1456 4281 745 102
101 138 1059 5474 1713 6908 140 4773 7102 7803 7797 7531 102
101 138 1059 5474 1713 6908 140 4225 1120 1920 4635 6076 102
101 138 1391 3362 5104 140 4636 7676 3362 2695 4373 1429 1120 7614 102
101 138 1391 3362 5104 140 3600 3597 2695 4373 1429 1120 7614 102
101 138 1391 6515 140 7344 2492 1959 5763 102
101 138 1391 6515 140 7344 2492 1476 1565 102
101 138 1399 2238 140 4281 1959 5709 4495 102
101 138 1399 2238 140 1399 2238 4242 7930 5199 6486 3966 102
101 138 1399 2238 140 5148 6486 5909 2094 3966 102
101 138 1399 2238 140 3424 5709 1102 5131 7065 5455 7463 102
101 138 1399 2238 140 5825 5709 6044 6057 7065 5455 7463 102
101 138 1399 2238 140 4242 7930 5709 4495 102
101 138 1399 2238 140 4242 7930 5199 6486 3966 102
101 138 1765 704 3862 140 1765 704 3862 5001 4151 3717 102
101 138 1914 1600 3717 140 100 116 745 7000 5826 3706 3796 7614 118 745 7000 7591 1456 102
101 138 1914 1600 3717 140 100 100 6999 3893 4846 4289 6549 2485 3706 3796 3717 102
101 138 1914 1600 3717 140 1914 1600 3717 2544 7920 2595 5001 4151 7431 2094 3717 102
101 138 1914 1600 3717 140 4636 7676 3362 5204 800 1462 3706 3796 3717 102
101 138 1914 1600 3717 140 745 7000 5826 3706 3796 7614 118 745 7000 7591 1456 102
101 138 1914 1600 3717 140 1456 710 1914 1600 3717 102
101 138 1914 1600 3717 140 6057 3425 3706 3796 3717 102
101 138 1914 1600 3717 140 3600 3597 7591 1456 3706 3796 3717 102
101 138 1962 3189 5104 140 5736 5763 3779 102
101 138 1962 7608 3152 1201 140 100 8135 110 3633 5186 1921 4197 4371 5101 3779 102
101 138 1962 7608 3152 1201 140 100 8135 110 3633 5186 5155 1921 4197 4371 5101 3779 102
101 138 1962 7608 3152 1201 140 3627 5948 1849 4294 5159 1107 1886 1159 3529 3576 3611 3779 102
101 138 1962 3996 1962 3996 140 1331 1147 2272 4171 3862 5726 118 3492 7921 1366 1456 102
101 138 1962 3996 1962 3996 140 4193 7676 5546 4275 3862 5726 118 7676 6989 1505 3763 5101 102
101 138 1962 3996 1962 3996 140 4193 7676 5546 4275 3862 5726 118 3449 2094 7591 1456 102
101 138 1962 3996 1962 3996 140 4193 7676 5546 4275 3862 5726 118 5195 1073 1333 1456 102
101 138 1962 7643 1391 140 5148 6486 2399 5130 118 5162 102
101 138 1963 2692 140 4281 5889 6989 102
101 138 1963 2692 140 5148 3688 5726 7676 7777 102
101 138 1963 2692 140 3862 5726 5162 7676 7777 102
101 138 1963 2692 140 1830 3362 7676 7777 102
101 138 1963 2692 140 4347 7531 5823 5187 102
101 138 1963 2692 140 6868 4634 5162 7608 3862 5726 5489 7777 102
101 138 2127 3576 2339 1773 140 8135 110 5155 5878 5709 3779 102
101 138 2127 3576 2339 1773 140 8135 110 1713 6908 5155 5700 5709 3779 102
101 138 2127 3576 2339 1773 140 1920 6486 3763 2861 3779 102
101 138 2127 3576 2339 1773 140 679 7616 1469 1920 6486 3763 2861 3779 102
101 138 2127 3576 2339 1773 140 4371 5101 3779 102
101 138 2127 3576 2339 1773 140 1962 1456 7676 3779 102
101 138 2127 3576 2339 1773 140 2127 3576 2339 1773 7515 5159 5886 3779 102
101 138 2127 3576 2339 1773 140 2127 3576 2339 1773 7515 5159 5920 3779 102
101 138 2127 3576 2339 1773 140 2127 3576 2339 1773 1695 7460 3779 118 5886 7591 1456 3779 102
101 138 2127 3576 2339 1773 140 2127 3576 2339 1773 1695 7460 3779 118 5920 7591 1456 3779 102
101 138 2127 3576 2339 1773 140 1107 1886 4294 5159 1159 3529 3576 3611 3779 102
101 138 2127 3576 2339 1773 140 5709 4495 7591 1456 5125 5836 6310 1394 3779 102
101 138 2127 3576 2339 1773 140 5736 5763 3779 102
101 138 2127 3576 2339 1773 140 7676 3779 102
101 138 2127 3576 2339 1773 140 7515 5159 7676 3779 102
101 138 2127 3576 2339 1773 140 7515 5159 5920 3779 102
101 138 2127 3576 2339 1773 140 5886 7591 1456 3779 1695 7460 3779 102
101 138 2127 3576 2339 1773 140 5920 7591 1456 3779 1695 7460 3779 102
101 138 2127 3576 2339 1773 140 1713 6908 8135 110 5155 5878 5709 3779 102
101 138 2128 3719 140 2128 3719 7823 7797 5125 102
101 138 2128 2592 140 924 6362 1213 7269 7471 7770 7048 856 5544 1959 5106 102
101 138 2128 2592 140 7302 7107 7770 7048 856 5544 1959 5106 102
101 138 2128 3173 140 1959 5125 102
101 138 2768 6250 140 758 7676 4281 5489 746 102
101 138 2768 6250 140 758 7676 6793 1456 6500 5489 746 102
101 138 2768 6250 140 1298 3817 3763 5763 6500 5489 746 102
101 138 2768 6250 140 4397 1456 6500 5489 746 118 4823 4171 6057 3723 102
101 138 2768 6250 140 7676 6793 4281 5489 746 102
101 138 2768 6250 140 7676 6793 4281 5588 5946 4275 102
101 138 2768 6250 140 1333 3723 4018 4281 5025 102
101 138 2768 6250 140 7937 6793 4281 5489 746 102
101 138 2768 6250 140 6793 1456 6500 5489 5187 102
101 138 3300 6531 140 5001 7921 3862 5726 102
101 138 3319 6250 140 3173 5001 4141 5106 102
101 138 4636 2399 3363 798 1102 1814 140 2207 6803 5195 1073 1102 3899 3900 5198 1394 5175 102
101 138 4636 2399 3363 798 1102 1814 140 1367 3193 4495 7000 798 5695 3362 7471 102
101 138 4636 2399 3363 798 1102 1814 140 1001 5186 7591 1456 1102 3472 7643 2155 4891 4665 102
101 138 4636 2399 3363 798 1102 1814 140 3534 5695 1102 3899 3900 5175 1394 102
101 138 4636 2399 3363 798 1102 1814 140 4083 1331 3534 3548 7434 5130 102
101 138 4636 2399 3363 798 1102 1814 140 5933 2658 1962 118 3200 889 6989 6631 966 5175 102
101 138 4636 2399 3363 798 1102 1814 140 5933 2658 1962 118 5198 1394 6028 2947 1146 775 5175 102
101 138 4636 2399 1001 1936 140 7941 7032 3683 891 5709 4495 6989 102
101 138 4636 2157 4397 140 3821 4868 6044 6057 7005 102
101 138 4636 2157 4397 140 5148 5868 5843 7005 102
101 138 4636 2157 4397 140 3433 3497 7005 102
101 138 4636 2157 4397 140 978 2099 5998 5913 6632 5803 7005 102
101 138 4636 2157 4397 140 3449 2094 3833 2595 7005 102
101 138 4636 2157 4397 140 3449 2094 7005 102
101 138 4636 2157 4397 140 6044 6057 5981 3362 7005 102
101 138 4636 2157 4397 140 7854 3459 7005 102
101 138 4636 2157 4397 140 5913 6632 5803 7005 102
101 138 4636 2157 4397 140 3600 3597 7005 102
101 138 4636 2157 4397 140 1713 6908 5125 7021 5981 3362 7005 118 4192 5131 102
101 138 4636 2157 4397 140 5978 5949 7005 102
101 138 4636 2157 4397 140 5981 3362 1315 7614 7005 102
101 138 4636 2157 4397 140 5981 3362 7005 102
101 138 4636 3419 799 140 7515 5159 1333 1456 8135 110 7452 2361 2357 5984 1305 3576 3611 3779 102
101 138 5001 1266 2356 6803 3298 140 3449 2533 1088 3796 3300 3582 7941 3449 3706 3796 7614 102
101 138 5101 3481 140 3300 3582 4031 3175 782 5916 5763 102
101 138 5439 1295 4397 140 4228 7430 5125 5148 3474 3375 3337 1366 1456 102
101 138 5439 1295 4397 140 4228 7430 5125 3265 5952 1366 1456 102
101 138 5439 2061 2863 7934 140 7937 6793 7861 6117 2184 5106 102
101 138 5439 7102 5101 5106 140 5155 5101 5101 5106 118 2157 2431 5998 102
101 138 5439 7102 5101 5106 140 3173 5001 4141 5106 102
101 138 6205 759 3333 140 1102 7430 4259 1120 102
101 138 6205 759 3333 140 7430 5420 5598 102
101 138 6205 7414 1756 140 4635 1476 1565 753 1394 671 102
101 138 6205 7414 1756 140 4635 1476 1565 676 1394 671 102
101 138 6205 7414 1756 140 5842 6908 1920 4099 2965 1476 1565 102
101 138 6205 7414 1756 140 3513 1501 1476 1565 6509 4448 3172 1849 123 116 122 102
101 138 6205 7414 1756 140 3513 1501 1476 1565 6509 4448 3172 1849 124 116 122 102
101 138 6205 7414 1756 140 3513 1501 5842 6908 2897 7136 676 1394 671 102
101 138 6205 7414 1756 140 3513 1501 5198 1394 4099 2965 1476 1565 118 5971 825 5198 1394 102
101 138 6205 7414 1756 140 3513 1501 4099 2965 1476 1565 118 3513 1501 5198 1394 102
101 138 6205 7414 1756 140 3513 1501 4099 2965 1476 1565 118 5965 2255 5198 1394 102
101 138 6205 7414 1756 140 3513 1501 1713 4189 1920 4099 2965 1476 1565 102
101 138 6205 7414 1756 140 5198 1394 4099 2965 1476 1565 118 1059 1921 952 102
101 138 6205 7414 1756 140 4083 7946 1102 1476 1565 102
101 138 6205 7414 1756 140 5965 2255 7591 1456 2897 7136 102
101 138 6205 7414 1756 140 5965 2255 7591 1456 2897 7136 753 1394 671 102
101 138 6205 2328 7350 3346 140 5709 3363 6076 7619 102
101 138 773 3975 4495 3582 140 3300 3582 7946 5101 102
101 138 843 3306 140 100 7427 945 4083 4164 1476 1565 102
101 138 843 3306 140 100 100 1315 3988 118 1419 5131 1476 1565 102
101 138 843 3306 140 100 100 1315 3988 118 7946 1476 1565 102
101 138 843 3306 140 100 100 7003 1331 2897 7136 102
101 138 843 3306 140 100 5125 5842 5401 2466 4192 5131 102
101 138 843 3306 140 753 1394 671 1476 1565 118 4192 5131 102
101 138 843 3306 140 753 1394 671 3294 4294 2180 1476 1565 118 4192 5131 102
101 138 843 3306 140 676 1394 671 1377 1377 765 102
101 138 843 3306 140 676 1394 671 1476 1565 5965 2255 7591 1456 102
101 138 843 3306 140 676 1394 671 3294 4294 2180 1476 1565 102
101 138 843 3306 140 1283 2251 7591 1456 2897 7136 102
101 138 843 3306 140 1920 4099 2965 1476 1565 118 5709 3384 3247 3286 7591 1456 102
101 138 843 3306 140 1920 4099 2965 1476 1565 118 1830 3362 6057 7676 7591 1456 102
101 138 843 3306 140 1920 4099 2965 1476 1565 118 5412 2466 704 3918 4189 102
101 138 843 3306 140 1920 4099 2965 1476 1565 118 5125 6908 3918 4167 4189 102
101 138 843 3306 140 686 4518 5966 2157 758 1751 4294 6908 2897 7136 102
101 138 843 3306 140 686 4518 5966 2157 758 1751 7515 5159 5401 2466 102
101 138 843 3306 140 4635 7032 7515 5159 1476 1565 102
101 138 843 3306 140 843 3306 5187 5184 1959 5763 142 4083 1331 745 2697 102
101 138 843 3306 140 843 3306 1713 6908 4099 2965 1476 1565 118 4189 6944 7003 7676 102
101 138 843 3306 140 1107 5842 4099 3796 1476 1565 118 1830 3362 7003 7676 7591 1456 102
101 138 843 3306 140 1476 1565 102
101 138 843 3306 140 1476 1565 3294 4294 2180 7591 1456 123 1394 122 102
101 138 843 3306 140 1476 1565 3294 4294 2180 7591 1456 124 1394 122 102
101 138 843 3306 140 1476 1565 118 6632 2466 7591 1456 1476 1565 120 676 1394 671 102
101 138 843 3306 140 4294 4083 3959 7921 1476 1565 676 1394 671 102
101 138 843 3306 140 5155 5842 4192 5131 5401 2466 102
101 138 843 3306 140 3294 4294 2180 753 1394 671 1476 1565 102
101 138 843 3306 140 3294 4294 2180 1476 1565 102
101 138 843 3306 140 4192 5131 7003 7676 2897 7136 753 1394 671 102
101 138 843 3306 140 4193 5131 4171 2357 5945 2897 7136 102
101 138 843 3306 140 5187 5184 1959 5763 142 4083 1331 745 2697 102
101 138 843 3306 140 7437 3321 1305 2357 1936 6330 676 1394 671 102
101 138 843 3306 140 7437 3321 4193 5131 4454 4427 3321 676 1394 671 102
101 138 843 3306 140 7003 7676 2897 7136 102
101 138 843 3306 140 7003 7946 1476 1565 4192 5131 102
101 138 843 3306 140 1705 2157 4099 2965 1476 1565 118 4670 5211 3362 2155 102
101 138 843 3306 140 7804 5842 1959 5763 102
101 138 843 3306 140 5965 2255 1476 1565 102
101 138 843 3306 140 5965 2255 3513 5842 7591 1456 102
101 138 867 4862 4277 140 3173 5001 5155 5101 5101 5106 102
101 138 1046 2180 140 8135 110 5155 4495 745 1959 5106 102
101 138 1046 2180 140 100 7770 7048 2768 7269 4281 745 102
101 138 1046 2180 140 100 7770 7048 2768 7269 4281 1959 102
101 138 1046 2180 140 100 118 100 7470 3833 7770 7048 1959 5106 102
101 138 1046 2180 140 1059 2157 676 945 7048 1959 5106 102
101 138 1046 2180 140 1046 2180 100 7770 7048 2768 7269 4281 745 102
101 138 1046 2180 140 1046 2180 5770 5803 1032 6991 745 102
101 138 1046 2180 140 1046 2180 5166 5961 5970 7930 4281 745 102
101 138 1046 2180 140 5706 6929 6929 7770 5270 4281 745 102
101 138 1046 2180 140 5148 6486 4242 7930 4281 745 102
101 138 1046 2180 140 5770 5803 1032 6991 745 102
101 138 1046 2180 140 3241 2128 1959 5106 102
101 138 1046 2180 140 5166 5961 5970 7930 4281 745 102
101 138 1046 2180 140 5198 1394 5803 3362 185 4042 4281 745 102
101 138 1046 2180 140 7065 7621 1959 5106 7770 7048 7518 3268 6981 3175 102
101 138 1046 2180 140 7065 7621 7770 7048 1059 3175 855 1959 5106 102
101 138 1046 2180 140 7065 7621 7770 7048 5864 7941 5162 1959 5106 102
101 138 1046 2180 140 7065 7621 7770 7048 5868 5843 5131 5542 1959 5106 102
101 138 1046 2180 140 7065 7621 7770 7048 7427 3126 1959 5106 102
101 138 1436 2374 987 140 6500 5489 7770 7927 5831 3717 7618 102
101 138 3680 3308 140 100 7946 1476 1565 102
101 138 3680 3308 140 978 2434 5763 102
101 138 3680 3308 140 4192 5131 5148 5763 102
101 138 3680 3308 140 7427 5270 5199 5763 102
101 138 3680 3308 978 2434 140 4192 5131 4225 5966 5148 5763 102
101 138 3680 3308 978 2434 140 5199 5763 102
101 138 3680 3308 978 2434 140 7427 5270 5199 5763 102
101 138 4955 185 6908 100 140 5770 5803 5148 5763 3706 3796 7614 102
101 138 5679 7032 4288 1842 140 7032 7271 7770 5118 4281 5489 6235 118 1333 1456 102
101 138 5679 7032 4288 1842 140 7032 7271 7770 5118 4281 5489 6235 118 5198 1394 102
101 138 5679 7032 4288 1842 140 7032 7271 7770 5118 4281 5489 6235 118 6793 1456 102
101 138 5679 7032 4288 1842 140 7770 5118 4281 5489 746 118 1333 1456 102
101 138 5679 7032 4288 1842 140 7770 5118 4281 5489 746 118 6793 1456 102
101 138 5679 100 140 1920 3983 1399 4496 118 6486 672 102
101 138 5679 100 140 1920 3983 1399 4496 6486 672 118 5886 7676 1366 1456 102
101 138 5679 100 140 1920 3983 1399 4496 6486 672 118 6793 1456 102
101 138 5679 100 140 3189 2466 4192 6310 1456 3862 5726 102
101 138 5679 100 140 4275 4171 3862 5726 118 3492 7921 1366 1456 102
101 138 5679 100 140 4275 4171 3862 5726 118 5886 7676 1366 1456 102
101 138 5679 100 140 4275 4171 3862 5726 118 7799 7797 7591 1456 102
101 138 5679 100 140 7032 3308 7804 3862 5726 118 5125 6908 1333 1456 102
101 138 5679 100 140 7032 3308 7804 3862 5726 118 5125 6908 6793 1456 102
101 138 5679 100 140 6989 4255 3862 5726 118 1538 6789 2094 1366 1456 102
101 138 5679 100 140 2061 7502 2466 3862 5726 102
101 138 5679 100 140 6057 3723 5886 7676 6500 5489 3454 102
101 138 5679 100 140 6057 3723 6500 5489 746 102
101 138 5679 100 140 7502 2466 3862 5726 118 3449 2094 1366 1456 102
101 138 5695 3362 1962 1391 140 2695 3152 5695 3362 7471 1102 102
101 138 6484 3977 6484 3977 140 138 106 3449 140 4031 3175 4166 3449 3723 102
101 138 6486 4947 3301 140 2341 1046 1213 3796 5696 102
101 138 6486 4947 3301 140 745 6991 1849 102
101 138 6486 4947 3301 140 745 6991 1849 120 3600 3597 1849 102
101 138 6486 4947 3301 140 1476 1565 3796 5696 102
101 138 6486 4947 3301 140 2851 5763 3796 5696 102
101 138 6486 4947 3301 140 5698 7937 3796 5696 102
101 138 6486 4947 3301 140 5709 4495 3796 5696 102
101 138 6486 4947 3301 140 1333 1456 3796 5696 102
101 138 6486 4947 3301 140 5770 5803 3796 5696 102
101 138 6486 4947 3301 140 5195 1073 3796 5696 2990 4665 102
101 138 6486 4947 3301 140 5965 5803 3796 5696 102
101 138 6509 5152 7520 140 753 1394 671 1476 1565 118 2897 7136 102
101 138 6509 5152 7520 140 753 1394 671 1476 1565 118 3294 4294 2180 102
101 138 6509 5152 7520 140 676 1394 671 1476 1565 118 3294 4294 2180 102
101 138 6509 5152 7520 140 1476 1565 118 4684 4125 4151 4189 102
101 138 6509 5152 7520 140 1476 1565 118 5195 1073 7946 1476 1565 102
101 138 6509 5152 7520 140 1476 1565 118 3527 3362 7591 1456 2897 7136 102
101 138 6509 5152 7520 140 7946 1476 1565 102
101 138 6509 5152 7520 140 5195 1073 2897 7136 1476 1565 102
101 138 6509 5152 7520 140 5195 1073 3294 4294 2180 1476 1565 102
101 138 6509 5152 7520 140 5412 2466 4294 4083 2897 7136 102
101 138 6509 5152 7520 140 5412 2466 4294 4083 7946 1476 1565 102
101 138 6509 5152 7520 140 6738 6511 3085 3582 5543 7946 1476 1565 102
101 138 6509 5152 7520 140 4099 3796 2466 1476 1565 3294 4294 2180 102
101 138 6509 5152 7520 140 4099 3796 5195 1073 1476 1565 1520 961 3683 765 102
101 138 6619 6498 2157 2431 4900 2446 140 782 5916 7676 5823 7430 3966 102
101 138 6619 6498 2157 2431 4900 2446 140 1920 819 7030 1059 4281 4171 5489 5056 102
101 138 6619 6498 2157 2431 4900 2446 140 1920 819 7030 6500 120 7430 4171 5489 5056 102
101 138 6619 6498 2157 2431 4900 2446 140 1367 3193 1456 1920 5591 7934 5221 5416 102
101 138 6619 6498 2157 2431 4900 2446 140 1367 3193 1456 7027 5491 4240 5489 4275 102
101 138 6619 6498 2157 2431 4900 2446 140 1367 3193 1456 7430 5597 2961 102
101 138 6619 6498 2157 2431 4900 2446 140 5489 1914 1914 5148 4240 7000 5831 4281 5489 3966 102
101 138 6619 6498 2157 2431 4900 2446 140 1107 1120 3189 2466 5162 5892 7618 102
101 138 6619 6498 2157 2431 4900 2446 140 1107 1120 7508 5831 6500 5489 4225 5892 7618 102
101 138 6619 6498 2157 2431 4900 2446 140 1107 1120 7770 7927 5831 6500 5489 4225 5892 7618 102
101 138 6619 6498 2157 2431 4900 2446 140 4900 2791 5439 7016 4018 4281 676 2188 102
101 138 6619 6498 2157 2431 4900 2446 140 2271 2255 5973 5612 5399 5489 4257 102
101 138 6619 6498 2157 2431 4900 2446 140 7471 5920 3492 7921 4281 5649 102
101 138 6619 6498 2157 2431 4900 2446 140 5148 4240 7000 5831 4281 5489 4257 102
101 138 6619 6498 2157 2431 4900 2446 140 5401 2466 4281 5489 4031 1836 2961 102
101 138 6619 6498 2157 2431 4900 2446 140 7676 4171 6500 5106 5591 102
101 138 6619 6498 2157 2431 4900 2446 140 7676 6989 5739 2466 4156 7797 3454 102
101 138 6619 6498 2157 2431 4900 2446 140 7676 6989 5920 2831 7619 102
101 138 6619 6498 2157 2431 4900 2446 140 2157 1001 5857 2332 6500 5589 142 7353 5886 5900 7016 102
101 138 6619 6498 2157 2431 4900 2446 140 5153 1953 5679 4240 4171 5420 2207 5597 102
101 138 6619 6498 2157 2431 4900 2446 140 7770 7927 5831 6500 5489 3717 7618 102
101 138 6619 6498 2157 2431 4900 2446 140 4995 7797 7591 1456 709 2094 4240 102
101 138 6619 6498 2157 2431 4900 2446 140 7937 3779 4125 7102 102
101 138 6619 6498 2157 2431 4900 2446 140 7937 3779 3351 1771 6500 3160 4415 5175 102
101 138 6619 6498 2157 2431 4900 2446 140 7937 3779 7430 867 3160 4415 5175 102
101 138 6619 6498 2157 2431 4900 2446 140 3492 7921 7804 2075 7430 704 5420 102
101 138 6619 6498 2157 2431 4900 2446 140 4192 7755 7676 6989 7430 5101 5709 102
101 138 6619 6498 2157 2431 4900 2446 140 7946 5529 3492 4281 3394 3160 4415 5175 102
101 138 6619 6498 2157 2431 4900 2446 140 7946 5529 3492 7016 7136 3352 7934 102
101 138 6619 6498 2157 2431 4900 2446 140 5195 1073 1367 3193 1456 2397 6509 6076 785 3862 7804 5416 102
101 138 6619 6498 2157 2431 4900 2446 140 5195 1073 1959 7941 1259 102
101 138 6619 6498 2157 2431 4900 2446 140 5195 1073 6989 2075 3299 778 6076 7619 102
101 138 6619 6498 2157 2431 4900 2446 140 5195 1073 5412 1920 1164 7934 5175 102
101 138 6619 6498 2157 2431 4900 2446 140 5195 1073 4240 1259 818 6908 102
101 138 6619 6498 2157 2431 4900 2446 140 5885 1367 4125 7102 102
101 138 6619 6498 2157 2431 4900 2446 140 7000 5831 4635 5489 4125 7102 102
101 138 6619 6498 2157 2431 4900 2446 140 5920 4240 7804 5489 1920 7630 7619 102
101 138 6619 6498 2157 2431 4900 2446 140 4083 7676 5698 7937 1259 102
101 138 6619 6498 2157 2431 4900 2446 140 7502 2466 3796 5831 4125 7102 6631 966 5175 102
101 138 6619 6498 2157 2431 4900 2446 140 7804 5920 5489 1259 102
101 138 775 3833 140 3300 3582 7946 3312 5455 7463 118 7065 3331 102
101 138 775 3833 140 7434 7065 5455 7463 102
101 138 776 6963 2207 2335 140 4099 2965 2466 1476 1565 118 3923 4189 102
101 138 898 3419 7284 140 3300 3582 4294 5159 1159 3529 3576 3611 3779 102
101 138 1159 1501 3362 140 2658 782 3362 5695 3362 7471 1102 102
101 138 1159 1501 3362 140 7437 3360 1366 3959 2797 2339 3189 3287 671 1366 1391 4166 7797 2094 6150 6172 102
101 138 1159 1501 3362 140 7437 3360 1366 3959 2797 2339 3189 3287 671 1366 1391 4166 7797 2094 4891 4665 102
101 138 1159 1501 3362 140 7437 3360 1366 3959 2797 2339 3189 3287 4166 7797 2094 4891 4665 102
101 138 1159 7922 4288 1842 140 2341 1046 1213 4281 745 120 924 719 6310 1456 745 102
101 138 1159 7922 4288 1842 140 1333 1456 4281 745 102
101 138 1159 7922 4288 1842 140 5770 5803 745 7000 7614 102
101 138 1159 1705 140 5148 4166 7983 5763 102
101 138 1295 6493 140 1100 5106 102
101 138 1456 710 140 673 1599 3600 3597 3749 3717 102
101 138 1456 710 140 2552 5763 6887 1100 4478 5763 102
101 138 1456 710 140 2552 5763 6887 978 2434 7471 5770 5763 102
101 138 1456 710 140 2552 5763 6887 7854 3459 1100 4478 5763 102
101 138 1456 710 140 2552 5763 6887 3600 3597 1100 4478 5763 102
101 138 1456 710 140 1100 4478 5763 102
101 138 1456 710 140 1914 1600 3717 100 116 5204 800 1462 3706 3796 3717 118 4636 7676 3362 7591 1456 102
101 138 1456 710 140 1914 1600 3717 118 100 3706 3796 3717 102
101 138 1456 710 140 1914 1600 3717 100 3706 3796 3717 118 6057 3425 7591 1456 102
101 138 1456 710 140 1914 1600 3717 100 3706 3796 3717 118 3600 3597 7591 1456 102
101 138 1456 710 140 1914 1600 3717 118 4636 7676 3362 5204 800 1462 3706 3796 3717 102
101 138 1456 710 140 1914 1600 3717 118 5155 3706 3796 3717 102
101 138 1456 710 140 1914 1600 3717 118 2544 7920 2595 5001 4151 7431 2094 3717 102
101 138 1456 710 140 1914 1600 3717 118 6057 3425 3706 3796 3717 102
101 138 1456 710 140 1914 1600 3717 118 3600 3597 7591 1456 3706 3796 3717 102
101 138 1456 710 140 1914 1600 3717 118 3600 3597 3706 3796 3717 102
101 138 1456 710 140 1914 1600 3717 118 4846 3787 3717 102
101 138 1456 710 140 1914 1600 3717 7920 2595 5001 4151 3717 102
101 138 1456 710 140 5001 4151 3717 102
101 138 1456 710 140 4955 185 6908 100 5770 5803 5148 5763 3706 3796 7614 102
101 138 1456 710 140 4955 185 6908 100 5770 5803 5148 5763 3706 3796 7614 102
101 138 1456 710 140 4955 6908 100 3706 3796 6057 3425 5148 5763 102
101 138 1456 710 140 7471 5770 5763 102
101 138 1456 710 140 7854 3459 1100 4478 5763 102
101 138 1456 1059 140 4281 745 102
101 138 1456 1059 140 3513 1501 7361 2137 1377 1377 4281 745 102
101 138 1456 1059 140 3513 1501 7361 2137 7770 7048 4281 745 102
101 138 1456 1059 140 3513 1501 7361 2137 5981 3362 4281 745 102
101 138 1456 1059 140 4717 1184 4281 745 102
101 138 1456 2294 140 7676 7777 118 3862 5726 7676 1456 102
101 138 1456 2294 140 7676 7777 118 100 5059 7676 1456 102
101 138 1456 6221 4495 3582 140 3918 3862 7802 7797 5131 102
101 138 1476 1565 2451 1842 140 5186 671 1476 1565 2451 1842 118 6310 1394 2466 1102 1476 1565 102
101 138 1743 2533 2157 932 140 1959 3779 5148 6486 1366 1456 7067 7147 4240 102
101 138 1743 2533 2157 932 140 2341 1046 1213 1366 1456 7067 7147 4240 102
101 138 2134 2157 2424 140 7608 1828 118 7502 1751 5698 7937 5864 102
101 138 2792 7269 5763 5864 6028 140 7676 6793 6028 4635 1822 102
101 138 2792 7269 5763 5864 6028 140 1333 1456 5763 5864 6028 102
101 138 2792 7269 5763 5864 6028 140 3492 7921 6028 4635 1822 102
101 138 2792 7269 5763 5864 6028 140 6793 1456 5763 5864 6028 102
101 138 2792 7269 5763 5864 6028 140 7016 7676 6028 4635 1822 102
101 138 2792 7269 5763 5864 6028 140 4255 3723 3175 2397 1333 1456 3763 5763 120 5886 1456 120 6793 1456 102
101 138 3200 3189 2207 5655 140 100 823 6888 7930 5763 102
101 138 3200 3189 2207 5655 140 686 6629 2851 5763 7591 1456 1920 4886 4891 4665 102
101 138 3200 3200 140 1429 100 1120 1377 1429 3362 1120 118 5770 5803 3362 3723 7591 1456 102
101 138 3200 3200 140 1429 100 1120 1377 1429 3362 1120 118 5868 5843 3362 3723 7591 1456 102
101 138 3200 3200 140 3200 798 4281 1959 102
101 138 3200 3200 140 3857 1456 118 1456 802 7797 4240 102
101 138 3205 3573 140 7430 5489 7777 102
101 138 3205 3573 140 7430 5489 7777 118 5698 7937 3862 5726 102
101 138 3207 722 5916 140 782 5916 4891 4665 102
101 138 3207 722 5916 140 5709 4042 782 5916 4891 4665 102
101 138 3211 5445 1587 140 8135 110 5155 7804 1959 5106 102
101 138 3211 5445 1587 140 7032 6981 3175 7770 7048 1959 5106 102
101 138 3211 5445 1587 140 2604 7013 2137 6171 7064 4245 7621 5162 1959 5106 102
101 138 3211 5445 1587 140 3173 1957 2595 5608 1333 5270 778 1959 5106 102
101 138 3211 5445 1587 140 6044 5608 2768 782 5399 1959 5106 102
101 138 3211 5445 1587 140 6044 5608 4245 7621 2485 1265 1959 5106 118 2405 1051 1959 5106 102
101 138 3211 5445 1587 140 6044 5608 4245 7621 2485 1265 5399 1959 5106 118 2405 1051 6900 4500 102
101 138 3211 5445 1587 140 2548 3481 6057 100 4397 4403 7048 1959 5106 102
101 138 3211 5445 1587 140 2548 3481 6057 6880 1240 6981 3175 1959 5106 102
101 138 3211 5445 1587 140 7990 7922 7427 2188 5868 5843 5131 5542 4245 7621 5162 1959 5106 102
101 138 3211 5445 1587 140 1032 6028 4635 7770 5270 7770 7048 4245 7621 5162 1959 5106 102
101 138 3346 3175 7614 140 5770 5803 7591 1456 3706 3796 7614 102
101 138 3346 3175 7614 140 5775 3363 7591 1456 3706 3796 7614 102
101 138 3346 3175 7614 140 7502 1456 3384 2094 5763 102
101 138 3346 1378 5138 942 140 7922 7029 4513 671 5023 5101 102
101 138 3346 1378 5138 942 140 7922 7029 4513 2238 6531 2157 1904 1385 5101 102
101 138 3346 1378 5138 942 140 7922 7029 4513 7676 5101 102
101 138 3346 1378 5138 942 140 7922 7029 4513 5155 3912 5101 102
101 138 3346 1378 5138 942 140 7922 7029 4513 118 7922 7029 4035 7676 5101 102
101 138 3346 1378 5138 942 140 7922 7029 4513 5133 5101 102
101 138 3346 1378 5138 942 140 7922 7029 2188 5836 4635 5101 102
101 138 3346 1378 5138 942 140 7922 7029 2188 5836 5133 5101 102
101 138 3346 1378 5138 942 140 7946 5101 102
101 138 3346 3862 1920 2119 140 2341 1046 1213 924 719 745 102
101 138 3346 3862 1920 2119 140 1333 1456 924 719 745 102
101 138 3346 3862 1920 2119 140 1333 1456 924 719 745 120 2341 1046 1213 924 719 745 102
101 138 3346 3949 140 1920 6500 1062 7591 1456 7797 4275 102
101 138 3346 3949 140 4151 4171 7799 7797 7591 1456 3454 102
101 138 3346 3949 140 5148 4240 7797 102
101 138 3346 3949 140 7676 722 7797 102
101 138 3346 3949 140 7937 6793 7797 2961 4240 102
101 138 3346 3949 140 6057 3723 3763 5763 102
101 138 3360 7065 3331 140 4021 3331 785 7614 102
101 138 3360 5475 3209 140 3763 7102 5831 116 704 7803 7797 7531 102
101 138 3360 5475 3209 140 5195 1073 3763 7102 5831 102
101 138 3777 2207 4506 140 2797 2864 4255 3723 1469 4281 4031 1836 2961 102
101 138 3777 2207 4506 140 2797 2864 4255 3723 4031 1836 2961 102
101 138 3791 2357 4494 140 8135 110 3600 3597 1849 102
101 138 3791 2357 4494 140 3791 2466 5770 5803 1849 102
101 138 3791 2357 4494 140 4382 4456 5709 6028 5130 102
101 138 3791 2357 4494 140 1333 1456 7679 1305 7983 7854 3459 6989 4891 4665 102
101 138 3791 2357 4494 140 6028 2947 1830 3362 1849 4891 4665 102
101 138 3791 2357 4494 140 7621 4495 1830 3362 1849 4891 4665 102
101 138 3791 2357 4494 140 7427 1456 7679 1305 7983 7854 3459 6989 4891 4665 102
101 138 3791 1751 12311 8750 898 7437 140 1921 4197 4846 3787 3717 102
101 138 3791 1751 3764 5199 7414 140 3706 3796 1921 4197 4846 3787 3717 102
101 138 3791 1751 2168 5204 1046 140 1921 4197 4846 3787 3717 102
101 138 3797 4273 140 1921 4197 3717 102
101 138 3797 4273 140 3797 4273 5763 118 5868 5843 3384 1366 1456 102
101 138 3797 4273 140 5868 5843 3384 1366 1456 102
101 138 3797 6057 140 8135 110 5922 3362 3723 102
101 138 3797 6057 140 8135 110 5981 3362 5868 5843 3723 102
101 138 3797 6057 140 100 116 3362 5831 3723 102
101 138 3797 6057 140 671 3189 3717 3362 8135 110 5868 5843 3723 102
101 138 3797 6057 140 671 3189 3717 3362 8135 110 5981 3362 3723 102
101 138 3797 6057 140 671 3189 5922 3362 8135 110 5166 5682 5922 3362 3723 102
101 138 3797 6057 140 671 3189 5922 3362 8135 110 5981 3362 3394 3581 5198 1394 5922 3362 3723 102
101 138 3797 6057 140 671 3189 5922 3362 6057 3425 5981 3362 5922 3362 3723 102
101 138 3797 6057 140 671 3189 5922 3362 5981 3362 3394 3581 5922 3362 102
101 138 3797 6057 140 1039 3706 4635 3425 4203 5763 102
101 138 3797 6057 140 1039 3706 4640 2157 1959 5763 102
101 138 3797 6057 140 1039 3706 7676 3581 3362 5763 102
101 138 3797 6057 140 3717 3362 6493 1456 118 4294 6310 1649 2399 5836 5922 3362 3723 102
101 138 3797 6057 140 1100 4478 7463 102
101 138 3797 6057 140 1102 7021 5825 5709 102
101 138 3797 6057 140 1914 3362 3723 102
101 138 3797 6057 140 5632 4197 3490 2697 3331 785 3362 1959 102
101 138 3797 6057 140 5632 4197 3490 2697 3417 3425 3362 1959 102
101 138 3797 6057 140 856 1305 3362 5831 3723 102
101 138 3797 6057 140 3362 5831 3723 102
101 138 3797 6057 140 3797 6057 8135 110 5981 3362 5868 5843 3723 102
101 138 3797 6057 140 3797 6057 1506 2166 4478 4281 745 102
101 138 3797 6057 140 5706 3556 3723 102
101 138 3797 6057 140 1506 2166 4478 4281 745 102
101 138 3797 6057 140 5148 4528 5746 3723 102
101 138 3797 6057 140 7676 5933 4281 745 102
101 138 3797 6057 140 5868 5843 3723 102
101 138 3797 6057 140 4031 2152 1100 4478 5763 102
101 138 3797 6057 140 4031 2152 5978 5026 3723 102
101 138 3797 6057 140 6738 7614 3362 5831 3723 7614 3160 102
101 138 3797 6057 140 5922 3362 4281 745 102
101 138 3797 6057 140 7479 5763 1724 2108 7471 5763 102
101 138 3797 6057 140 7479 5763 1159 5751 5148 5763 102
101 138 3797 6057 140 7479 5763 1159 5751 5199 5763 102
101 138 4261 7804 140 7803 7797 7777 102
101 138 5507 2188 100 140 4495 3582 1936 765 5104 102
101 138 5507 2188 100 140 4495 3582 2506 6004 5970 7930 102
101 138 5507 2188 100 140 4495 3582 7946 5101 102
101 138 5507 2188 100 140 3300 3582 1920 3375 3337 102
101 138 5507 2188 100 140 3300 3582 1936 765 5104 102
101 138 5507 2188 100 140 3300 3582 5148 3474 102
101 138 5507 2188 100 140 3300 3582 5148 5970 7930 102
101 138 5698 1159 140 7521 6554 5698 1159 7941 7032 124 7547 5736 5763 3779 4891 4665 102
101 138 5705 6888 140 5705 6888 3580 2094 3749 3717 102
101 138 5705 6888 140 3580 2094 3749 3717 102
101 138 5709 3346 1962 5101 140 1378 3346 4281 1959 4118 3973 5101 102
101 138 5709 5909 5199 6803 1842 140 4495 3582 676 5682 5970 7930 102
101 138 5709 5909 5199 6803 1842 140 4495 3582 5148 5970 7930 102
101 138 5710 5760 140 3189 3299 7621 4495 7941 7032 6046 4017 7430 5125 2506 4665 3621 102
101 138 5710 5760 140 3189 3299 7621 4495 4017 7797 5125 4891 4665 102
101 138 5710 5760 140 3189 3299 7621 4495 4017 7430 5125 4891 4665 102
101 138 5988 4277 140 3633 2134 5169 5106 102
101 138 5988 4277 140 3633 6858 5988 1501 709 4311 5169 5106 102
101 138 5988 4277 140 4141 5106 102
101 138 5988 4277 140 5988 1501 4141 5106 102
101 138 5988 4277 140 5106 5187 102
101 138 5988 4277 140 5155 5101 5101 5106 102
101 138 5988 4277 140 1032 6549 5169 5106 118 1920 709 2094 102
101 138 6003 3125 6965 140 4228 7797 3916 5195 1073 1333 1456 4891 4665 102
101 138 6003 3125 6965 140 4228 7797 3916 6171 3706 6046 1456 4891 4665 102
101 138 6003 3125 6965 140 4228 7797 3916 7621 6716 4031 3175 4891 4665 102
101 138 7032 6722 140 100 100 4846 3764 3706 3796 3717 102
101 138 7032 6722 140 100 100 3680 3189 3833 1213 4281 1959 6028 4635 7614 102
101 138 7032 6722 140 1102 3899 3900 1366 1456 3749 3717 102
101 138 7032 6722 140 3797 4273 5763 118 5868 5843 3384 1366 1456 102
101 138 7032 6722 140 5763 7512 118 3189 3286 5148 5763 102
101 138 7032 6722 140 5763 7512 118 7437 3759 4166 7983 102
101 138 7032 6722 140 978 6991 745 7000 118 1333 1456 102
101 138 7032 6722 140 978 6991 745 7000 3706 3796 7614 118 1333 1456 102
101 138 7032 6722 140 3449 2094 3749 3717 102
101 138 7032 6722 140 7930 3418 3763 1894 102
101 138 7032 6722 140 7930 3418 3763 1894 118 7854 3459 1377 3556 6888 102
101 138 7032 6722 140 1953 1164 1914 3717 100 100 5270 5204 3706 3796 7614 102
101 138 7032 6722 140 2544 5653 2802 2544 3706 3796 5868 5843 1366 1456 3362 3723 7614 3160 102
101 138 7032 6722 140 2544 5653 2802 118 5868 5843 3362 3723 3749 3717 102
101 138 7032 6722 140 1696 4454 5984 7930 3723 102
101 138 7032 6722 140 4846 3764 100 116 5270 5204 3706 3796 3717 102
101 138 7032 6722 140 5981 3362 3749 3717 102
101 138 7032 4277 1920 2374 140 1333 1456 4017 7430 5125 102
101 138 7032 6803 5101 140 671 5023 6205 6090 5101 102
101 138 7032 6803 5101 140 677 5023 5101 102
101 138 7032 6803 5101 140 3300 6716 1146 6349 4638 3346 6956 3173 5101 102
101 138 7032 6803 5101 140 6205 6090 4374 671 5023 1904 1385 5101 102
101 138 7032 6803 5101 140 1943 868 671 5023 2252 3644 5101 102
101 138 7032 6803 5101 140 3805 1751 671 5023 5748 5799 7676 5101 102
101 138 7032 6803 5101 140 4294 3420 1904 1385 5101 102
101 138 7032 6803 5101 140 4868 5159 4018 5489 7613 102
101 138 7032 6803 5101 140 4496 7077 2252 3644 7804 4836 5524 5715 5101 102
101 138 7032 6803 5101 140 7515 5159 671 5023 1904 1385 5101 102
101 138 7032 6803 5101 140 2252 3644 671 5023 2207 6803 4934 5101 102
101 138 7032 6803 5101 140 2252 3644 671 5023 4635 7878 100 2337 5101 102
101 138 7032 6803 5101 140 2252 3644 671 5023 7946 1759 3189 3287 5101 102
101 138 7032 6803 5101 140 2252 3644 7591 1759 5155 5101 102
101 138 7032 6803 5101 140 2252 3644 7458 6210 5101 102
101 138 7032 6803 5101 140 4940 5101 6888 782 2252 3644 671 5023 4294 6542 7676 5101 102
101 138 7032 6803 5101 140 4940 5101 6888 782 2252 3644 1378 3453 736 5998 5101 102
101 138 7032 6803 5101 140 4940 5101 6888 782 2252 3644 671 5023 1378 4124 6632 1045 5101 102
101 138 7032 6803 5101 140 5245 1032 6542 2252 3644 5101 102
101 138 7032 6803 5101 140 7804 7608 5101 102
101 138 7032 4056 4660 140 8135 110 5736 5763 3779 102
101 138 7032 4056 4660 140 2207 4836 7676 3779 102
101 138 7269 3351 140 1920 3983 1399 4496 118 4018 3723 6486 746 102
101 138 7269 3351 140 7676 6486 2397 102
101 138 7269 3351 140 3862 1456 5143 1154 118 7818 7797 3454 102
101 138 7269 3351 140 4171 5709 3363 7797 2397 102
101 138 7269 3351 140 4240 1147 2397 6789 6486 5576 3454 102
101 138 7269 3351 140 4240 1147 2397 5155 5162 6486 4649 102
101 138 7269 3351 140 4240 1147 2397 5155 5162 6486 746 118 7937 6793 1366 1456 102
101 138 7269 3351 140 4240 1147 2397 5162 6486 5576 746 102
101 138 7269 3351 140 7818 7797 7676 5187 102
101 138 7338 7862 140 5679 100 100 7502 2466 1331 3862 5726 118 3449 2094 1366 1456 102
101 138 7350 4268 660 1759 6486 140 7676 5920 5709 4495 102
101 138 7350 4268 660 1759 6486 140 7937 6793 5709 4495 102
101 138 7350 4268 660 1759 6486 140 5920 6793 5709 4495 102
101 138 7350 1814 7866 5489 140 7866 3779 7676 5886 102
101 138 7350 1814 7866 5489 140 7866 3779 7676 5920 102
101 138 7350 2382 2374 140 100 7797 4141 5106 102
101 138 7350 4433 3717 7618 140 4229 6546 5195 1073 118 7804 6500 5489 2797 2339 1107 1120 3717 7618 102
101 138 7350 4433 3717 7618 140 7804 6500 5489 3717 7618 118 1920 3418 7804 5489 102
101 138 7350 4433 3717 7618 140 7804 6500 5489 3717 7618 118 4373 5101 4083 3966 102
101 138 7350 4433 3717 7618 140 7804 6500 5489 3717 7618 118 7508 5831 7804 5489 102
101 138 7350 4433 3717 7618 140 7804 6500 5489 3717 7618 118 7770 7927 5831 7804 5489 102
101 138 7350 4433 3717 7618 140 7804 6500 5489 3717 7618 118 100 4478 7804 5489 102
101 138 7350 5958 1990 140 1959 5763 102
101 138 7350 5958 1990 140 7350 5958 1990 5692 7676 1959 5763 102
101 138 7350 5958 1990 140 7350 5958 1990 5770 5803 1959 5763 102
101 138 7350 5958 1990 140 7350 5958 1990 5981 3362 1959 5763 102
101 138 7350 5958 1990 140 5148 5763 102
101 138 7350 5958 1990 140 1333 1456 1959 5763 102
101 138 7350 5958 1990 140 7427 5763 3298 1959 5763 102
101 138 7471 4638 6803 1842 140 978 2434 2451 1842 3688 5199 6486 102
101 138 7471 5401 1713 6908 140 1378 4124 1713 6908 1331 1147 1914 3723 6500 5489 3454 102
101 138 7471 3481 6803 1295 140 3189 3315 100 7350 4273 1292 3172 5148 5868 5843 3723 102
101 138 7471 3481 6803 1295 140 2361 3307 722 100 5981 3362 3723 102
101 138 7471 3481 6803 1295 140 3360 3591 5981 3362 3723 102
101 138 7471 3481 6803 1295 140 7471 3481 5981 3362 3723 4665 6172 5143 1154 102
101 138 7471 5864 140 3300 3582 5148 6486 3966 102
101 138 7471 5864 140 3375 3337 4237 7065 5455 102
101 138 766 1501 140 6090 100 5106 118 5195 1073 1333 1456 102
101 138 916 5401 140 7854 3459 6989 4891 4665 102
101 138 924 1213 6888 140 3717 6116 4281 7614 3160 102
101 138 924 1213 6888 140 6116 4281 5204 800 1462 100 7614 3160 102
101 138 1298 1266 1773 140 1920 7930 785 120 3817 5951 785 102
101 138 1298 1266 1773 140 3189 3633 1298 1266 1773 2207 4836 7676 3779 102
101 138 1298 1266 1773 140 1100 4478 5763 4834 102
101 138 1298 1266 1773 140 3200 5844 5106 5187 102
101 138 1298 1266 1773 140 5199 6486 102
101 138 1298 1266 1773 140 5199 6486 1920 7930 785 102
101 138 1298 1266 1773 140 1713 6908 1378 4124 5148 6486 102
101 138 1298 5646 140 3173 5001 5489 4246 7591 1456 6310 1469 5101 5106 102
101 138 1298 5646 140 3173 5001 5155 5101 5101 5106 102
101 138 1298 5646 140 3173 5001 5162 7608 6310 1469 5101 5106 102
101 138 1298 5646 140 5469 3678 4277 4141 5106 102
101 138 1501 2145 100 140 3817 5692 4275 100 5195 1073 1333 1456 102
101 138 1501 2145 100 140 1951 5836 6629 1385 7591 1456 3817 5692 4275 102
101 138 2242 3346 7376 2061 2061 140 7515 5159 1333 5108 5695 3362 7471 102
101 138 2242 3346 5238 6803 3298 140 2242 6803 5148 6486 3966 102
101 138 2456 3532 140 3186 7797 5563 102
101 138 3375 3337 2157 1754 140 100 118 8217 118 122 3797 3481 5803 116 7136 102
101 138 3375 3337 2157 1754 140 3300 3582 6291 6349 8135 110 3375 3337 102
101 138 3375 3337 2157 1754 140 3300 3582 6291 6349 3375 3337 1333 3723 102
101 138 3375 3337 2157 1754 140 5836 686 3300 3582 6291 6349 3375 3337 102
101 138 3823 3823 140 5978 5026 3723 102
101 138 3825 1814 6951 140 7502 1751 2272 4240 3862 5726 102
101 138 3825 4448 4397 140 4397 1456 1922 7382 7619 102
101 138 3825 4448 4397 140 4397 1456 5439 2038 7619 102
101 138 3825 4448 4397 140 5439 7083 3763 4427 4454 102
101 138 3825 4448 4397 140 6235 6235 7623 1259 118 1959 6989 102
101 138 3825 4448 4397 140 6235 6235 7623 1259 118 5489 7777 102
101 138 3825 4448 4397 140 6235 6235 7623 1259 118 5692 3799 102
101 138 3825 4448 4397 140 1751 3696 676 3209 3780 2875 4277 4125 5597 676 3209 3780 102
101 138 3825 4448 4397 140 1751 3696 676 3209 3780 1333 1456 6629 1385 102
101 138 3825 4448 4397 140 1751 3696 676 3209 3780 5770 5803 6629 1385 676 3209 3780 102
101 138 3825 4448 4397 140 1751 3696 6989 6989 118 5770 5803 1959 6991 102
101 138 3825 4448 4397 140 1751 3696 6989 6989 118 6629 1385 4125 5597 102
101 138 3825 4448 4397 140 1751 3696 6989 6989 118 5886 7676 745 6991 102
101 138 3825 4448 4397 140 1751 3696 6989 6989 118 4083 2341 5489 7777 102
101 138 3825 4448 4397 140 5195 1073 1333 1456 5709 4495 102
101 138 3825 4448 4397 140 5195 1073 7854 3459 6989 102
101 138 3833 1213 3315 1456 140 3189 2466 5198 1394 5101 3362 2797 2990 4891 4665 102
101 138 3833 1213 3315 1456 140 3449 4275 120 3449 7619 102
101 138 3835 6858 140 6003 4680 7797 4649 102
101 138 3835 6858 140 6003 4680 7797 3394 102
101 138 3835 6858 140 4192 1173 6003 4680 7797 5496 102
101 138 4397 4506 4495 3582 140 4397 4506 5698 7937 5130 118 1333 1456 5698 7937 102
101 138 4397 4506 4495 3582 140 4397 4506 7946 5698 7937 5130 118 1217 7538 5108 102
101 138 4397 4397 140 3762 5256 7946 5131 7799 7797 102
101 138 4397 4397 140 3204 2357 118 1059 5162 102
101 138 4397 4397 140 5698 7937 7818 5187 102
101 138 4397 4397 140 7676 4171 7799 7797 3454 102
101 138 4397 4397 140 7799 7797 4275 102
101 138 4397 4397 140 7799 7797 5187 102
101 138 4397 4397 140 7803 7797 7591 1456 2797 4240 1318 102
101 138 4397 4397 140 7818 7676 7797 4275 102
101 138 4397 4397 140 7818 7797 7676 5187 102
101 138 4640 2157 3526 1836 140 1378 3346 5101 102
101 138 4640 2157 3526 1836 140 5524 5715 5133 5101 102
101 138 4640 2157 4944 1836 140 671 5023 4294 6542 5101 102
101 138 4640 2157 4944 1836 140 671 5023 4294 6542 5133 5101 102
101 138 4640 2157 4944 1836 140 1378 3346 671 5023 5101 102
101 138 4640 2157 4944 1836 140 5709 3346 2130 4225 5101 102
101 138 4640 2157 4944 1836 140 5709 3346 7804 1147 5524 5715 5133 5101 102
101 138 4640 2157 4944 1836 140 7269 100 5133 5101 102
101 138 4640 2157 4944 1836 140 4640 2157 4640 7032 5101 102
101 138 4640 2157 4944 1836 140 4294 3420 2252 3644 7946 5101 102
101 138 4640 2157 4944 1836 140 4908 1862 1378 3346 1943 868 2252 3644 5101 102
101 138 4640 2157 4944 1836 140 5800 1754 5166 5101 102
101 138 4640 2157 4944 1836 140 5800 1754 7946 5101 102
101 138 4640 2157 4944 1836 140 5125 6908 671 5023 5101 102
101 138 4640 2157 4944 1836 140 1696 4454 5984 7434 2255 5101 102
101 138 4640 2157 4944 1836 140 7302 2255 4944 1836 2252 3644 4294 3420 5101 102
101 138 4640 2157 4944 1836 140 5984 7382 4495 2706 4434 7878 671 5023 4635 5101 102
101 138 4640 2157 4944 1836 140 5984 7382 4495 2706 4434 7878 671 5023 5133 5101 102
101 138 4640 3184 140 5198 1394 1032 3419 3362 1120 118 3717 6057 3425 116 5770 5803 102
101 138 4640 3184 140 5198 1394 1032 3419 3362 1120 118 1333 1456 116 5770 5803 102
101 138 4640 1649 140 100 3576 3611 3779 102
101 138 4640 1649 140 100 3576 3611 3779 102
101 138 4640 1649 140 7427 1501 4934 3576 3611 3779 102
101 138 5147 1046 6125 5489 5655 140 673 7027 7676 4240 4171 706 102
101 138 5147 1046 6125 5489 5655 140 1921 4197 3123 4288 4192 3681 7946 5417 1759 7430 1147 1846 102
101 138 5147 1046 6125 5489 5655 140 2797 2864 100 1469 4281 4031 1836 2961 102
101 138 5147 1046 6125 5489 5655 140 3189 3315 100 3513 7638 1469 4281 4240 5489 4275 102
101 138 5147 1046 6125 5489 5655 140 3189 3315 100 3513 7638 7434 5151 1469 4281 2961 102
101 138 5147 1046 6125 5489 5655 140 3189 3315 100 1953 5417 7434 5151 1469 4281 2961 102
101 138 5147 1046 6125 5489 5655 140 1367 3193 1456 1331 1147 2961 7755 102
101 138 5147 1046 6125 5489 5655 140 1378 4124 1343 7755 7430 5597 672 120 7430 5541 5489 818 6908 102
101 138 5147 1046 6125 5489 5655 140 1378 4124 2128 2552 3299 778 6500 6727 7755 102
101 138 5147 1046 6125 5489 5655 140 1378 4124 2128 2552 6500 5589 1147 1846 102
101 138 5147 1046 6125 5489 5655 140 1378 4124 5101 6117 5130 706 102
101 138 5147 1046 6125 5489 5655 140 1378 4124 1751 4496 1331 1147 1824 3418 102
101 138 5147 1046 6125 5489 5655 140 1378 4124 1751 4496 4192 7755 2207 7027 5491 6500 2961 102
101 138 5147 1046 6125 5489 5655 140 1378 4124 1751 4496 6500 5489 5187 102
101 138 5147 1046 6125 5489 5655 140 1378 4124 1751 4496 1032 6549 1343 7755 7430 5597 672 102
101 138 5147 1046 6125 5489 5655 140 1378 4124 1751 4496 1032 6549 3763 3306 6500 2961 102
101 138 5147 1046 6125 5489 5655 140 1378 4124 1751 4496 1032 6549 2157 2382 1824 3418 1147 4275 102
101 138 5147 1046 6125 5489 5655 140 1378 4124 1751 4496 5946 1147 7430 5541 5489 102
101 138 5147 1046 6125 5489 5655 140 1378 4124 1751 4496 1713 6908 1343 7755 7430 5597 2961 102
101 138 5147 1046 6125 5489 5655 140 1378 4124 1751 4496 1713 6908 6500 758 5709 1331 1147 102
101 138 5147 1046 6125 5489 5655 140 1378 4124 1751 4496 1713 6908 7430 704 5420 102
101 138 5147 1046 6125 5489 5655 140 1378 4124 2380 7755 3449 5709 6500 2207 2961 102
101 138 5147 1046 6125 5489 5655 140 1378 4124 1032 6908 6500 3472 5597 102
101 138 5147 1046 6125 5489 5655 140 1378 4124 7430 5489 120 6500 5489 706 102
101 138 5147 1046 6125 5489 5655 140 1378 4124 7430 5420 706 102
101 138 5147 1046 6125 5489 5655 140 2128 2552 1014 2384 5491 7434 5709 6500 5489 4275 102
101 138 5147 1046 6125 5489 5655 140 6205 4408 4280 856 7921 1147 6888 6629 1385 4275 102
101 138 5147 1046 6125 5489 5655 140 2104 4197 120 5886 7676 4281 5489 706 818 6908 102
101 138 5147 1046 6125 5489 5655 140 2104 4197 672 7755 5399 2961 102
101 138 5147 1046 6125 5489 5655 140 2104 4197 5399 5504 2961 102
101 138 5147 1046 6125 5489 5655 140 3791 1751 5244 5186 4277 3300 7921 5155 1959 3779 102
101 138 5147 1046 6125 5489 5655 140 7471 5709 3492 7434 5709 2380 7755 6500 2207 2961 102
101 138 5147 1046 6125 5489 5655 140 1331 1147 5155 3912 1378 4124 1343 4649 7430 5541 2961 102
101 138 5147 1046 6125 5489 5655 140 5401 1751 2128 3419 3172 3352 5588 4281 2961 102
101 138 5147 1046 6125 5489 5655 140 7676 4171 6500 1920 5591 706 102
101 138 5147 1046 6125 5489 5655 140 2157 2382 4281 6500 7430 5180 5489 818 6908 102
101 138 5147 1046 6125 5489 5655 140 5153 6205 5984 100 3763 3306 4281 2961 102
101 138 5147 1046 6125 5489 5655 140 5153 6205 5984 2207 5402 5399 5489 4275 102
101 138 5147 1046 6125 5489 5655 140 5153 6205 5984 2207 5402 5399 2527 5597 2552 5838 1213 102
101 138 5147 1046 6125 5489 5655 140 5153 6205 5984 5399 2961 7755 1147 1846 102
101 138 5147 1046 6125 5489 5655 140 5153 6205 5984 3352 5588 4281 2961 102
101 138 5147 1046 6125 5489 5655 140 5153 6205 5984 3791 2466 129 7755 2207 5402 5399 2961 102
101 138 5147 1046 6125 5489 5655 140 5153 6205 5984 1331 1147 3352 5588 4281 2961 102
101 138 5147 1046 6125 5489 5655 140 5153 6205 5984 2380 7767 5399 1920 7755 102
101 138 5147 1046 6125 5489 5655 140 5155 3912 1378 4124 1751 4496 6500 5180 5489 102
101 138 5147 1046 6125 5489 5655 140 5155 3912 1378 4124 1751 4496 7430 4649 102
101 138 5147 1046 6125 5489 5655 140 5155 3912 1378 4124 1751 4496 7430 5420 2211 102
101 138 5147 1046 6125 5489 5655 140 5155 3912 1378 4124 1751 4496 7430 5541 5489 672 102
101 138 5147 1046 6125 5489 5655 140 5155 3912 1378 4124 1751 4496 7430 5541 5180 5489 102
101 138 5147 1046 6125 5489 5655 140 5155 3912 4078 3828 6044 2338 4281 5496 1147 3667 102
101 138 5147 1046 6125 5489 5655 140 5770 7615 5520 5504 4281 5180 5489 102
101 138 5147 1046 6125 5489 5655 140 1751 4496 6500 7027 5491 677 5901 5490 3454 102
101 138 5147 1046 6125 5489 5655 140 6727 2075 4636 7514 6486 5576 706 102
101 138 5147 1046 6125 5489 5655 140 7434 5709 2380 7755 6500 2207 2961 102
101 138 5147 1046 6125 5489 5655 140 3492 7921 7434 5709 2380 7755 6500 2207 2961 102
101 138 5147 1046 6125 5489 5655 140 3949 2466 3492 7921 6500 758 5709 5489 2961 102
101 138 5147 1046 6125 5489 5655 140 5125 6908 1378 4124 6500 758 5709 5489 4275 102
101 138 5147 1046 6125 5489 5655 140 5125 6908 1378 4124 6500 3449 5709 5489 4275 102
101 138 5147 1046 6125 5489 5655 140 6738 7002 3492 7921 7430 3472 5597 102
101 138 5147 1046 6125 5489 5655 140 7002 4036 2380 7755 6500 2207 2961 818 6908 102
101 138 5147 1046 6125 5489 5655 140 4078 3828 2207 4281 2075 5504 4281 2961 102
101 138 5147 1046 6125 5489 5655 140 4078 3828 7515 5159 4281 5025 1147 3667 102
101 138 5147 1046 6125 5489 5655 140 4078 3828 7515 5159 5439 7642 4281 7532 5489 102
101 138 5147 1046 6125 5489 5655 140 4078 3828 4225 2768 3763 3306 4281 2961 102
101 138 5147 1046 6125 5489 5655 140 7502 2466 7434 5709 2380 7755 6500 2207 2961 102
101 138 5147 1046 6125 5489 5655 140 7430 100 120 7430 2552 120 7430 4649 818 6908 102
101 138 5147 1046 6125 5489 5655 140 1713 6908 4078 3828 2207 3123 2255 5399 2380 4649 1147 1846 102
101 138 5148 2357 3306 140 1282 4944 5101 102
101 138 5148 2357 3306 140 3300 3582 3375 3337 102
101 138 5148 2357 3306 140 1830 3362 5162 7676 7777 102
101 138 5148 5763 5709 834 140 4640 2157 1959 5763 102
101 138 5148 5763 5709 834 140 4640 2157 5148 5763 102
101 138 5148 4277 140 6862 5270 5270 5204 7614 3160 102
101 138 5148 4277 140 6044 6057 1959 5763 102
101 138 5401 858 2094 100 140 5401 1456 3480 5148 4240 7800 7797 5380 7531 102
101 138 5401 858 2094 100 140 7439 1673 5143 1154 118 758 7676 5888 5894 3454 102
101 138 5401 858 2094 100 140 1713 6908 5489 746 5143 1154 118 4281 5489 746 120 6500 5489 3454 5175 1394 102
101 138 5401 858 2094 100 140 1713 6908 5489 746 5143 1154 118 1233 6793 4281 5489 746 102
101 138 5401 858 2094 100 140 1713 6908 5489 746 5143 1154 118 1333 1456 4281 5489 746 102
101 138 5401 858 2094 100 140 1713 6908 5489 746 5143 1154 118 6044 6057 6500 5489 3454 102
101 138 5401 858 2094 100 140 1713 6908 3862 1456 5143 1154 118 7676 4171 7799 7797 7780 102
101 138 5401 858 2094 100 140 1713 6908 3862 1456 5143 1154 118 1333 1456 7799 7797 5187 102
101 138 5401 858 2094 100 140 1713 6908 3862 1456 5143 1154 118 1333 4240 704 1318 4275 102
101 138 5401 858 2094 100 140 1713 6908 3862 1456 5143 1154 118 4823 4171 7799 7797 5187 102
101 138 5401 858 2094 100 140 1713 6908 3862 1456 5143 1154 118 6057 3723 7799 7797 102
101 138 5401 5108 3362 140 4635 5868 5843 3723 116 5978 5949 3362 5108 102
101 138 5401 5108 3362 140 4635 5868 5843 3723 118 3924 1217 3926 3173 5978 5949 5108 102
101 138 5401 5108 3362 140 4635 5868 5843 3362 3723 102
101 138 5401 5108 3362 140 3394 3581 3723 102
101 138 5401 5108 3362 140 7439 1217 5131 5868 5843 5979 2802 102
101 138 5401 5108 3362 140 7439 1217 5131 6057 3425 5979 2802 102
101 138 5401 5108 3362 140 7439 1217 5131 5981 3362 5979 2802 102
101 138 5401 5108 3362 140 5981 3362 5979 2802 102
101 138 5401 7414 2139 5984 7619 140 7350 3393 2374 5709 4495 785 5130 102
101 138 5401 7414 2139 5984 7619 140 7350 3393 2374 5709 4495 5131 102
101 138 5401 7414 2139 5984 7619 140 7350 3393 2374 7946 5698 7937 5130 102
101 138 5401 4879 140 2341 1046 1213 4281 1959 118 7930 5715 7614 1501 102
101 138 5401 4879 140 5401 4879 2341 1046 1213 4281 1959 7930 5715 7614 1501 102
101 138 5401 4879 140 5401 4879 2341 1046 1213 7614 1501 3938 5131 6981 3175 102
101 138 5523 5439 4269 140 7430 5489 7777 102
101 138 5529 1398 140 1039 3706 6486 6489 2207 7797 120 4390 4461 5380 102
101 138 5529 1398 140 1039 3706 6500 5489 3454 118 3805 2466 3600 3597 2544 6793 7591 1456 102
101 138 5529 1398 140 1039 3706 6500 5489 3454 118 6057 3723 1366 1456 102
101 138 5529 1398 4240 5489 140 1039 3706 1331 1147 3862 5726 102
101 138 5744 1599 140 1266 3862 6887 3204 2357 102
101 138 5744 1599 140 3300 3582 1920 5148 3474 102
101 138 5744 1599 140 3300 3582 2207 5101 102
101 138 5744 1599 140 3300 3582 3375 3337 102
101 138 5744 1599 140 5489 7755 5763 118 858 3160 1259 102
101 138 5744 1599 140 7471 785 7946 6486 102
101 138 5744 1599 140 3862 5976 5922 5831 3966 118 5155 5162 102
101 138 5744 1599 140 5125 6908 1920 5148 3474 118 6310 4415 4500 102
101 138 5744 1599 140 5125 6908 1378 4124 7946 3312 5455 102
101 138 5744 1599 140 5125 6908 4635 3312 5455 102
101 138 5744 1599 140 5199 6486 102
101 138 5744 1599 140 4240 6983 7430 120 6076 118 858 3160 1259 102
101 138 5748 5799 5763 1754 140 5748 7676 3384 5763 102
101 138 5748 5799 5763 1754 140 6057 5763 102
101 138 5748 5799 5763 1754 140 3600 3597 5148 5763 102
101 138 5748 5799 5763 1754 140 5981 3362 5148 5763 102
101 138 5748 7927 5836 140 4294 5159 1107 1886 1159 3529 3576 3611 3779 102
101 138 7606 4242 140 1217 5131 1059 5544 4200 745 102
101 138 100 2238 1070 5101 6127 140 3189 3315 1266 3862 6887 5101 118 671 5023 5101 102
101 138 1333 1456 3315 5655 140 7930 798 5763 102
101 138 1333 1456 3315 5655 140 6044 6057 5825 5709 5763 102
101 138 1333 1456 2337 4891 140 5439 4018 6486 2397 118 1920 3763 5763 102
101 138 1333 1456 2337 4891 140 5439 4018 6486 2397 118 1920 6486 672 102
101 138 1333 1456 2337 4891 140 5439 4018 6486 2397 118 1920 3352 3454 102
101 138 1333 1456 2337 4891 140 5439 4018 6486 2397 118 5148 4240 5489 6486 2397 102
101 138 1333 1456 2337 4891 140 5439 4018 6486 2397 118 7676 100 6486 5187 102
101 138 1333 1456 2337 4891 140 5439 4018 6486 2397 118 7676 6793 6486 2397 102
101 138 1333 1456 2337 4891 140 5439 4018 6486 2397 118 7937 6793 3352 3454 102
101 138 1333 1456 2337 4891 140 5439 4018 6486 2397 118 4018 5489 4397 1456 102
101 138 1333 1456 2337 4891 140 5439 4018 6486 2397 118 5886 5764 6486 5187 102
101 138 1333 1456 2337 4891 140 7676 5823 5162 5489 746 102
101 138 1333 1456 2337 4891 140 6793 1456 7676 5823 5162 5489 746 102
101 138 1333 5842 140 3189 2466 4189 7676 4203 5763 102
101 138 1333 5842 140 3189 2466 5199 5763 102
101 138 1333 5842 140 4373 7463 5199 5763 102
101 138 1333 5842 140 1107 5842 3189 2466 3918 5892 5199 5763 102
101 138 1333 5842 140 1107 5842 7032 5858 4166 7983 5763 102
101 138 1333 5842 140 1107 5842 3217 5015 7471 5763 102
101 138 1333 5842 140 1107 5842 6057 7676 5148 5763 102
101 138 1333 5842 140 4166 7983 5763 102
101 138 1333 5842 140 4166 7983 5763 118 3152 2255 1259 4934 102
101 138 1333 5842 140 5199 5763 4373 7463 118 2188 4294 102
101 138 1333 5842 140 6057 7676 1378 4124 7471 5763 102
101 138 1333 5842 140 6057 7676 7471 5763 102
101 138 1333 5842 140 7095 5984 4192 5131 5148 5763 102
101 138 1333 5842 140 7136 6223 7509 102
101 138 2023 2157 140 4228 7430 5125 102
101 138 2152 1266 1394 868 6803 1842 140 5736 5763 3779 102
101 138 2157 6554 5206 1713 6908 140 1102 3449 2658 782 3362 102
101 138 2245 7804 140 2207 5148 4281 1107 1120 746 4246 4281 4528 5746 102
101 138 2633 3694 140 100 3706 3796 3717 118 5868 5843 3384 1366 1456 102
101 138 2633 3694 140 100 4846 3787 3706 3796 3717 102
101 138 2633 3694 140 100 7920 2595 3717 102
101 138 2633 3694 140 677 6549 1962 5763 118 7032 5858 4166 7983 5763 102
101 138 2633 3694 140 677 6549 1962 5763 118 4424 4391 7770 2255 7471 5763 102
101 138 2633 3694 140 2255 5736 4478 3779 1147 5199 5763 102
101 138 2633 3694 140 1921 4197 3717 102
101 138 2633 3694 140 3189 2466 5199 5763 102
101 138 2633 3694 140 1724 2108 3217 5763 102
101 138 2633 3694 140 3779 1147 5199 5763 102
101 138 2633 3694 140 3779 1147 5199 5763 118 4192 5131 102
101 138 2633 3694 140 7032 5858 4166 7983 5763 102
101 138 2633 3694 140 7471 5770 5763 102
101 138 2633 3694 140 2633 3694 1921 4197 3717 102
101 138 2633 3694 140 2633 3694 4846 3787 3706 3796 3717 102
101 138 2633 3694 140 5763 5709 5199 5763 102
101 138 2633 3694 140 978 5763 1168 3779 1147 5199 5763 118 4192 5131 102
101 138 2633 3694 140 2539 1773 4166 3449 7021 102
101 138 2633 3694 140 3449 2094 5199 5763 102
101 138 2633 3694 140 3909 3717 7000 3449 3966 102
101 138 2633 3694 140 7930 5763 102
101 138 2633 3694 140 7941 7032 5935 7930 5199 5763 102
101 138 2633 3694 140 7946 4166 7983 5763 102
101 138 2633 3694 140 6057 7676 5148 5763 102
101 138 2633 3694 140 4225 2768 4192 5131 5148 5763 102
101 138 2633 3694 140 5922 3362 1416 118 5529 5987 5914 5198 1394 3362 5922 3723 102
101 138 2633 3694 140 5922 3362 1416 118 4229 2380 5198 1394 3362 5922 3723 102
101 138 2633 3694 140 7110 3189 6171 5183 6880 1240 7591 1456 3706 3796 7614 102
101 138 2633 3694 140 7110 3189 6171 5183 7110 8114 6171 5183 3717 102
101 138 2633 3694 140 3600 3597 5148 5763 102
101 138 2633 3694 140 7427 5270 3779 1147 5199 5763 118 4192 5131 102
101 138 2633 3694 140 4846 3787 3717 102
101 138 2633 3694 140 4846 3787 5763 1501 118 3449 2094 5199 5763 102
101 138 2633 3694 140 4846 3787 5763 1501 118 5199 5763 102
101 138 2633 3694 140 4846 3787 7941 7032 4166 7983 5763 118 4192 5131 102
101 138 2633 3694 140 4846 3787 5199 5763 102
101 138 2633 3694 140 7920 2595 7431 2094 3717 102
101 138 2643 3694 140 677 6549 1962 5763 118 7941 7032 5935 7930 5199 5763 102
101 138 2643 3694 140 677 6549 1962 5763 118 4225 2768 5148 5763 102
101 138 2794 2238 140 100 671 1366 7818 7797 6629 1385 3454 102
101 138 3419 1213 7770 140 3331 785 3362 3126 3362 118 1333 1456 3331 785 3362 7614 102
101 138 3419 1213 7770 140 3331 785 3362 3126 3362 118 4192 5131 3331 785 3362 7614 102
101 138 3424 3419 140 2768 7269 1959 5106 978 2434 676 4660 5826 6981 3175 102
101 138 3424 3419 140 3331 785 3362 4242 7930 7614 102
101 138 3424 3419 140 1936 1240 5543 7030 7614 118 4229 2380 4636 7676 3362 7591 1456 102
101 138 3424 3419 140 3779 1147 775 5270 4635 3384 3600 3597 7614 102
101 138 3424 3419 140 4294 4083 7946 5698 7937 4944 7614 102
101 138 3424 3419 140 7770 7927 782 5916 4891 4665 102
101 138 3424 3419 140 5868 5843 5131 5542 7770 7048 1959 5106 102
101 138 3424 3419 140 6171 3706 7621 5916 6044 6057 7614 102
101 138 3424 3419 140 4017 7430 5125 102
101 138 3424 3419 140 4228 7430 5125 102
101 138 3424 3419 140 5608 1333 6028 4635 7770 7136 7770 7048 1959 5106 102
101 138 3424 3419 140 7621 3706 782 5916 102
101 138 3424 3419 140 7427 3126 978 2434 4660 4495 5826 7770 7048 1959 5106 102
101 138 3424 3419 140 5970 7930 4242 7930 7614 102
101 138 3424 3419 140 1713 6908 7003 4083 1059 5544 1959 5106 102
101 138 3425 2238 140 3425 2238 4495 5886 7016 102
101 138 3432 5709 140 2145 2157 1201 2692 3160 4415 5952 5187 1920 5591 102
101 138 3805 2255 140 8351 9527 11060 4472 924 1259 6172 3717 102
101 138 3805 2255 140 100 100 3600 3597 3706 3796 3717 102
101 138 3805 2255 140 100 100 3717 6057 3425 3706 3796 3717 102
101 138 3805 2255 140 100 100 3449 2094 3706 3796 3717 102
101 138 3805 2255 140 100 3706 3796 3717 102
101 138 3805 2255 140 100 6044 6057 3706 3796 3717 102
101 138 3805 2255 140 100 2485 3706 3796 3717 102
101 138 3805 2255 140 100 7676 1395 1894 5706 3556 3362 3723 7614 3160 102
101 138 3805 2255 140 100 7676 1395 1894 3394 3581 3362 3723 7614 3160 102
101 138 3805 2255 140 8351 9527 11060 4472 924 1259 6172 3717 102
101 138 3805 2255 140 1061 2188 5114 102
101 138 3805 2255 140 679 7616 1469 1920 6486 3763 2861 3779 102
101 138 3805 2255 140 679 7616 1469 6310 1394 3779 102
101 138 3805 2255 140 712 2446 5125 6908 4371 5101 3779 102
101 138 3805 2255 140 803 5770 1120 102
101 138 3805 2255 140 803 5770 6057 102
101 138 3805 2255 140 1378 4124 5709 4495 3966 102
101 138 3805 2255 140 4371 5101 3779 102
101 138 3805 2255 140 1962 4415 4507 5155 5700 5709 3779 102
101 138 3805 2255 140 1962 4415 6310 1394 3779 102
101 138 3805 2255 140 5632 4197 2218 1962 5143 1154 118 5709 4495 3966 102
101 138 3805 2255 140 1772 6130 11844 978 2434 6310 1394 3779 102
101 138 3805 2255 140 1772 6130 11844 1713 6908 6310 1394 3779 102
101 138 3805 2255 140 5709 4495 785 3966 102
101 138 3805 2255 140 5709 4495 7591 1456 6310 1394 3779 102
101 138 3805 2255 140 4397 4403 5951 785 7638 102
101 138 3805 2255 140 4397 3526 4660 1298 4478 5970 7930 5114 102
101 138 3805 2255 140 5148 6486 3966 102
101 138 3805 2255 140 3805 2255 5155 5878 5709 3779 102
101 138 3805 2255 140 4294 5159 3627 2466 5922 5831 6310 1394 3779 102
101 138 3805 2255 140 5155 3717 102
101 138 3805 2255 140 5155 5700 5709 3779 102
101 138 3805 2255 140 5155 5878 5709 3779 102
101 138 3805 2255 140 978 2434 1962 4415 3779 3490 7003 5878 5709 3779 102
101 138 3805 2255 140 5018 671 6887 1107 1886 3576 3611 3779 102
101 138 3805 2255 140 1606 1039 8135 110 5155 5700 5709 3779 102
101 138 3805 2255 140 1606 1039 679 7616 1469 5155 5700 5709 3779 102
101 138 3805 2255 140 5166 5101 5148 6486 3966 102
101 138 3805 2255 140 5166 5101 5951 785 102
101 138 3805 2255 140 7946 1061 2188 102
101 138 3805 2255 140 7946 1061 2188 118 3762 5256 7946 5131 102
101 138 3805 2255 140 5125 6908 5868 5843 5104 3779 102
101 138 3805 2255 140 5199 6486 3966 102
101 138 3805 2255 140 5199 6486 3496 3362 3966 102
101 138 3805 2255 140 5214 2166 4281 1959 5148 6486 102
101 138 3805 2255 140 6738 2592 6310 1394 3779 102
101 138 3805 2255 140 1695 7460 2466 4371 5101 3779 102
101 138 3805 2255 140 7621 4495 4397 7638 5166 5101 5951 785 102
101 138 3805 2255 140 4242 7930 1959 5709 4495 102
101 138 3805 2255 140 5951 785 3966 102
101 138 3805 1134 7608 1828 140 1102 4125 2255 3974 2552 6028 102
101 138 3805 1134 7608 1828 140 6631 782 3706 3492 7676 7919 3717 7430 102
101 138 3805 3975 6803 1842 140 677 5023 7866 3779 7676 5920 102
101 138 3805 3975 6803 1842 140 5736 5763 3779 102
101 138 3805 3975 6803 1842 140 1815 7027 7946 4649 1331 5489 7676 5823 102
101 138 3805 3975 6803 1842 140 7770 2255 7032 7036 5823 102
101 138 3805 3975 6803 1842 140 7770 2255 7676 5823 102
101 138 3805 3975 6803 1842 140 7770 2255 5562 3717 7770 7927 5831 102
101 138 3805 3975 6803 1842 140 3173 4852 2207 6803 7770 2255 7676 5823 102
101 138 3862 1923 978 2434 4495 3833 7631 140 5709 3186 5916 7065 5455 7463 102
101 138 3862 1923 978 2434 4495 3833 7631 140 5148 3474 7065 5455 7463 102
101 138 3862 1923 978 2434 4495 3833 7631 140 5825 5709 7065 5455 7463 102
101 138 3862 5489 5052 2157 140 1920 4508 5692 7531 6513 709 102
101 138 3862 5489 5052 2157 140 1378 2466 5195 1073 5952 3678 7861 102
101 138 3862 5489 5052 2157 140 1378 2466 5920 2831 7619 102
101 138 3862 5489 5052 2157 140 1388 1673 7000 5831 7797 102
101 138 3862 5489 5052 2157 140 7032 7271 7770 3448 1288 5025 1288 5489 4281 5489 4257 102
101 138 3862 5489 5052 2157 140 5148 4240 5399 5489 4257 102
101 138 3862 5489 5052 2157 140 7676 5920 6028 7619 4649 102
101 138 3862 5489 5052 2157 140 7029 3123 3833 1120 6631 1920 2349 2897 7679 4635 6076 102
101 138 3862 5489 5052 2157 140 7937 6793 4281 676 2188 102
101 138 3862 5489 5052 2157 140 7937 6793 4281 7429 3966 102
101 138 3862 5489 5052 2157 140 6887 1765 3173 5001 1333 1456 6513 709 102
101 138 3862 5489 5052 2157 140 7000 5831 4635 5489 7102 102
101 138 3862 1456 2157 3184 140 7803 7797 7591 1456 2207 2947 4240 102
101 138 3862 2419 3051 140 1100 7374 1216 3805 2466 7102 2419 102
101 138 3862 2419 3051 140 3926 3779 7937 6793 7102 2419 102
101 138 3862 2419 3051 140 7937 6793 6117 3200 6486 5576 4125 7102 3966 2419 102
101 138 3862 2419 3051 140 7937 6793 7676 7102 6310 1456 3160 102
101 138 3862 2419 3051 140 7937 6793 7861 6117 4216 102
101 138 3862 2419 3051 140 4528 5746 4281 5489 4216 102
101 138 3862 2419 3051 140 4528 5746 1100 5106 102
101 138 3862 2419 3051 140 7000 7676 4528 5746 7102 2419 102
101 138 3862 2419 3051 140 7000 5831 4635 5489 4216 102
101 138 3862 2419 3051 140 7000 6793 1100 5106 102
101 138 3862 2419 3051 140 7804 7676 3926 3966 3966 2419 102
101 138 3862 3208 140 100 1921 4197 4192 3706 3796 5979 2802 3717 102
101 138 3862 6726 2238 140 4397 1456 7799 7797 5187 102
101 138 3862 6726 2238 140 4397 1456 7799 7797 5187 118 3189 2466 1538 6789 2094 102
101 138 3862 6726 2238 140 4397 1456 7799 7797 5187 118 3763 5763 4823 4171 102
101 138 3862 6726 2238 140 4397 1456 7799 7797 5187 118 7502 2466 3796 5831 102
101 138 3862 6726 2238 140 3862 722 1456 7802 7797 5131 102
101 138 3862 6726 2238 140 4823 4171 7799 7797 5187 102
101 138 3862 7380 5052 2157 140 1922 2398 3817 5148 7797 1147 4275 4676 102
101 138 3862 7380 5052 2157 140 1922 2398 3817 5148 7797 4192 1173 3926 5489 4275 102
101 138 3862 7380 5052 2157 140 3189 3315 1266 3862 6887 100 4495 7608 5159 2397 6509 102
101 138 3862 7380 5052 2157 140 3189 3315 1266 3862 6887 100 4495 7608 5159 2397 6509 102
101 138 3862 7380 5052 2157 140 3189 3315 1266 3862 6887 100 120 100 4495 7608 5159 2397 6509 102
101 138 3862 7380 5052 2157 140 3189 3315 1266 3862 6887 100 4495 7608 5159 2397 6509 102
101 138 3862 7380 5052 2157 140 3189 3315 1333 6172 1059 3670 4285 6112 100 2223 2189 102
101 138 3862 7380 5052 2157 140 3189 3315 1333 6172 1059 3670 4285 6112 100 2223 2189 102
101 138 3862 7380 5052 2157 140 3189 3315 1333 6172 7803 7797 1317 102
101 138 3862 7380 5052 2157 140 3189 3315 2152 1814 5238 2380 3670 4285 6112 102
101 138 3862 7380 5052 2157 140 3189 3315 2451 2294 2380 3670 4495 6106 102
101 138 3862 7380 5052 2157 140 3189 3315 4225 1120 5148 7434 6101 1147 4676 102
101 138 3862 7380 5052 2157 140 3189 3315 5966 1139 1333 6172 3209 1922 2094 102
101 138 3862 7380 5052 2157 140 3189 2466 7591 1456 3918 3862 2370 4374 6101 1456 3472 102
101 138 3862 7380 5052 2157 140 1266 3862 6887 7591 1456 5946 7921 7803 7797 102
101 138 3862 7380 5052 2157 140 1266 3862 6887 4225 1120 1419 1317 2359 4989 6509 102
101 138 3862 7380 5052 2157 140 1343 1173 6003 4680 7797 7027 5491 3394 3454 102
101 138 3862 7380 5052 2157 140 1367 3193 1456 7676 6989 4156 5692 7619 102
101 138 3862 7380 5052 2157 140 1377 1366 3909 3717 7797 709 102
101 138 3862 7380 5052 2157 140 1378 1298 1343 1173 7804 5401 6003 4680 7797 5496 102
101 138 3862 7380 5052 2157 140 1378 1298 5439 7642 100 1343 1173 6003 4680 7797 5496 102
101 138 3862 7380 5052 2157 140 1378 1298 5439 7642 1920 4275 1343 1173 6003 4680 7797 5496 102
101 138 3862 7380 5052 2157 140 1378 1298 5439 7642 1343 1173 6003 4680 7797 5496 102
101 138 3862 7380 5052 2157 140 1378 1298 4192 1173 6003 4680 7797 4649 102
101 138 3862 7380 5052 2157 140 1378 4124 1286 798 7797 671 1915 2397 102
101 138 3862 7380 5052 2157 140 1378 4124 1286 798 7797 3926 5489 4275 102
101 138 3862 7380 5052 2157 140 1378 4124 4294 1920 7804 2075 7032 4680 7823 7797 4275 102
101 138 3862 7380 5052 2157 140 1378 4124 4294 6908 100 7032 7148 4635 6076 102
101 138 3862 7380 5052 2157 140 1378 4124 3918 3862 7799 7797 706 102
101 138 3862 7380 5052 2157 140 1378 4124 4496 7804 4494 3173 7804 1343 1183 6003 4680 7797 5496 102
101 138 3862 7380 5052 2157 140 1378 4124 7029 4495 5489 7797 102
101 138 3862 7380 5052 2157 140 1378 4124 7946 7802 7797 1920 5592 5496 3454 102
101 138 3862 7380 5052 2157 140 1378 4124 7946 7802 7797 5592 5838 1213 102
101 138 3862 7380 5052 2157 140 1378 4124 7804 2075 4635 2380 7797 3926 5489 2947 102
101 138 3862 7380 5052 2157 140 1378 4124 7804 2075 7808 7797 678 2349 102
101 138 3862 7380 5052 2157 140 1378 4124 1713 6908 7804 2075 7808 7797 4275 102
101 138 3862 7380 5052 2157 140 2342 4192 7464 7029 4495 3862 5770 6076 102
101 138 3862 7380 5052 2157 140 3633 2134 7502 2466 6956 7386 7102 102
101 138 3862 7380 5052 2157 140 4495 7608 5159 100 7350 3418 2455 1921 886 5148 6076 785 102
101 138 3862 7380 5052 2157 140 5101 1071 3360 7427 5682 745 6991 5187 2157 2431 5998 102
101 138 3862 7380 5052 2157 140 2131 6963 2861 3172 3833 1120 4635 6076 102
101 138 3862 7380 5052 2157 140 1456 872 1962 7770 7927 5831 7804 5489 4225 3717 7618 102
101 138 3862 7380 5052 2157 140 1936 2341 6500 5489 4225 7770 7927 5831 3717 7618 102
101 138 3862 7380 5052 2157 140 1936 3823 1107 1120 677 3862 4495 4203 1259 102
101 138 3862 7380 5052 2157 140 1936 3823 1107 1120 5162 7102 6528 102
101 138 3862 7380 5052 2157 140 1936 3823 1107 1120 4225 7102 6528 102
101 138 3862 7380 5052 2157 140 1936 5401 7427 5682 2341 1046 1213 7635 7531 102
101 138 3862 7380 5052 2157 140 3791 2466 5195 1073 4206 4252 7803 7797 1147 4275 102
101 138 3862 7380 5052 2157 140 7350 1762 843 1107 1120 2797 2339 7618 2094 102
101 138 3862 7380 5052 2157 140 1298 3175 4078 1920 4275 5946 7921 7807 7797 102
101 138 3862 7380 5052 2157 140 2242 3346 5155 2797 2339 7861 3779 102
101 138 3862 7380 5052 2157 140 3833 1120 7029 4495 676 7953 3678 6101 102
101 138 3862 7380 5052 2157 140 3833 1120 5965 6101 102
101 138 3862 7380 5052 2157 140 5739 1751 7464 4374 6101 102
101 138 3862 7380 5052 2157 140 7676 6989 6003 4680 7797 2961 102
101 138 3862 7380 5052 2157 140 7676 6989 6028 7941 5692 3799 709 102
101 138 3862 7380 5052 2157 140 7676 6989 3186 7797 2961 102
101 138 3862 7380 5052 2157 140 7676 6989 3186 7797 1846 102
101 138 3862 7380 5052 2157 140 7676 6989 5981 3362 3836 102
101 138 3862 7380 5052 2157 140 2918 2014 120 1102 2294 4255 6028 3394 5864 7797 102
101 138 3862 7380 5052 2157 140 2918 2014 5503 2075 1331 1147 100 7803 7797 102
101 138 3862 7380 5052 2157 140 2918 2014 4294 6908 7941 7032 4255 1317 3394 5864 7797 102
101 138 3862 7380 5052 2157 140 3419 7377 5984 1331 1147 1920 3683 4680 7797 102
101 138 3862 7380 5052 2157 140 4294 6908 1266 3513 4494 6076 102
101 138 3862 7380 5052 2157 140 5153 6205 5984 4886 3706 7797 1317 102
101 138 3862 7380 5052 2157 140 3918 3862 7803 7797 5496 3454 102
101 138 3862 7380 5052 2157 140 5169 2075 7803 7797 7814 6920 5489 102
101 138 3862 7380 5052 2157 140 5792 5984 5195 1073 3817 5920 1750 102
101 138 3862 7380 5052 2157 140 6727 100 2207 7032 5187 1318 102
101 138 3862 7380 5052 2157 140 2168 5186 2207 4229 4318 2157 2431 5998 102
101 138 3862 7380 5052 2157 140 3255 1164 7515 5159 7803 7797 1147 4275 102
101 138 3862 7380 5052 2157 140 3255 1164 7803 7797 6743 1147 4275 102
101 138 3862 7380 5052 2157 140 3949 2466 6989 5546 5987 5914 5130 102
101 138 3862 7380 5052 2157 140 3949 2466 6076 3998 102
101 138 3862 7380 5052 2157 140 4192 1173 2349 3763 7797 2961 102
101 138 3862 7380 5052 2157 140 6868 1366 4495 7608 5159 3189 2466 6101 5489 3472 102
101 138 3862 7380 5052 2157 140 6989 5546 1305 1568 7430 5597 2961 102
101 138 3862 7380 5052 2157 140 6989 5546 6003 4680 7797 1846 142 2207 7797 6863 1798 102
101 138 3862 7380 5052 2157 140 7941 7032 1305 1568 6500 2961 102
101 138 3862 7380 5052 2157 140 7941 7032 1331 1331 7795 7787 7430 2961 102
101 138 3862 7380 5052 2157 140 7941 7032 7676 6989 7799 5101 5709 102
101 138 3862 7380 5052 2157 140 7941 7032 3862 7804 2961 102
101 138 3862 7380 5052 2157 140 7941 7032 6989 4156 5001 5808 7797 4275 102
101 138 3862 7380 5052 2157 140 7941 7032 6989 5546 7799 7797 1750 102
101 138 3862 7380 5052 2157 140 6887 1765 3173 5001 1333 1456 6513 709 102
101 138 3862 7380 5052 2157 140 5429 5428 120 7941 7032 120 1963 2692 4240 6546 102
101 138 3862 7380 5052 2157 140 3627 2349 5155 2797 2339 7502 2466 3796 5831 102
101 138 3862 7380 5052 2157 140 4071 3959 7029 4495 7804 1120 3862 5831 102
101 138 3862 7380 5052 2157 140 4225 1120 3351 5864 6101 4810 5489 102
101 138 3862 7380 5052 2157 140 4225 1120 4255 1317 2207 5148 100 102
101 138 3862 7380 5052 2157 140 7799 7797 6090 5489 5886 102
101 138 3862 7380 5052 2157 140 5064 1765 6101 1555 4225 1120 3351 5864 6101 1147 4676 102
101 138 3862 7380 5052 2157 140 4245 7621 6837 872 2207 6028 1836 102
101 138 3862 7380 5052 2157 140 5952 3678 7430 120 5952 3678 7861 818 6908 102
101 138 3862 7380 5052 2157 140 7502 2466 1189 1288 5965 6101 102
101 138 3862 7380 5052 2157 140 7804 1120 4294 1920 7274 5520 7854 2227 6076 785 102
101 138 3862 7380 5052 2157 140 7804 1120 7029 4495 6727 5187 102
101 138 3862 7380 5052 2157 140 7804 1120 7941 7797 671 1915 2397 102
101 138 3862 7380 5052 2157 140 7804 1120 3146 2227 676 1343 7941 7797 102
101 138 3862 7380 5052 2157 140 7804 1120 7803 7797 4810 5489 102
101 138 3862 7380 5052 2157 140 7804 1120 6101 5052 5489 102
101 138 3862 7380 5052 2157 140 7804 2075 2207 5709 3363 102
101 138 3862 7380 5052 2157 140 7804 2075 3419 7377 5984 1920 3683 4680 7797 2793 7818 102
101 138 3862 7380 5052 2157 140 7804 2075 4494 5503 1331 1920 5709 3363 102
101 138 3862 7380 5052 2157 140 7804 2075 7029 4495 4635 100 7797 102
101 138 3862 7380 5052 2157 140 5966 1139 7946 3560 3189 3315 1333 6172 6789 3209 1922 2094 102
101 138 3862 7380 5052 2157 140 1713 6908 1107 1120 6727 3670 6101 102
101 138 3862 7380 5052 2157 140 1713 6908 7350 3418 2455 7029 4495 7804 1120 7799 7797 102
101 138 3862 7380 5052 2157 140 1713 6908 3255 1164 7803 7797 1147 4275 102
101 138 3862 7380 5052 2157 140 1713 6908 1032 6549 4192 5496 3822 1759 100 7797 1147 4275 102
101 138 3862 7380 5052 2157 140 1713 6908 7804 1120 1920 5770 6076 102
101 138 3862 7380 5052 2157 140 1713 6908 7464 4374 1920 5770 6076 102
101 138 3862 7380 5052 2157 140 5987 5914 5187 6989 2947 102
101 138 4166 3736 3529 5831 140 2544 6793 3529 5831 5187 102
101 138 4696 1962 2157 140 3862 2380 2075 5715 102
101 138 5443 4670 140 782 5916 7430 4237 3160 102
101 138 5443 4670 140 782 5916 7780 102
101 138 5443 4670 140 1920 5148 3474 102
101 138 5443 4670 140 1920 5951 785 102
101 138 5443 4670 140 2255 5973 4636 1394 2961 7755 3966 118 6310 4415 1259 102
101 138 5443 4670 140 758 4944 5101 102
101 138 5443 4670 140 3688 5199 6486 102
101 138 5443 4670 140 803 5770 7430 118 6310 4415 1259 102
101 138 5443 4670 140 1100 4478 5763 1846 102
101 138 5443 4670 140 1367 3193 1456 1724 4868 3966 118 6310 4415 1259 102
101 138 5443 4670 140 1367 3193 1456 7000 3449 3966 118 6310 4415 1259 102
101 138 5443 4670 140 1378 4124 1100 5823 102
101 138 5443 4670 140 1378 4124 5148 6486 102
101 138 5443 4670 140 1378 4124 7946 3312 5455 102
101 138 5443 4670 140 1724 4289 5973 5612 7430 118 6310 4415 1259 102
101 138 5443 4670 140 4635 3312 5455 102
101 138 5443 4670 140 4635 4373 4397 4403 102
101 138 5443 4670 140 3300 3582 3375 3337 4374 102
101 138 5443 4670 140 3300 3582 5148 6486 102
101 138 5443 4670 140 3300 3582 7941 6486 102
101 138 5443 4670 140 3300 3582 7946 6486 102
101 138 5443 4670 140 3300 3582 5199 6486 102
101 138 5443 4670 140 6486 7961 2207 7797 2397 102
101 138 5443 4670 140 5709 5823 102
101 138 5443 4670 140 7478 1825 1728 3121 6863 7941 6486 102
101 138 5443 4670 140 3375 3337 4374 102
101 138 5443 4670 140 5148 2552 3797 7464 5106 1755 102
101 138 5443 4670 140 5148 6486 1920 5951 785 102
101 138 5443 4670 140 3424 1755 5489 102
101 138 5443 4670 140 3862 2380 5715 102
101 138 5443 4670 140 4294 5159 3204 2357 102
101 138 5443 4670 140 4294 5159 7946 3474 118 6310 4415 4500 102
101 138 5443 4670 140 5443 4670 5140 2207 5101 102
101 138 5443 4670 140 7029 4495 4192 4773 5166 5831 102
101 138 5443 4670 140 5166 5101 5148 6486 102
101 138 5443 4670 140 7946 5131 1100 4478 5763 102
101 138 5443 4670 140 3173 5001 4141 5106 102
101 138 5443 4670 140 4534 3645 4275 102
101 138 5443 4670 140 2075 5952 102
101 138 5443 4670 140 5199 6486 1920 7930 785 102
101 138 5443 4670 140 5199 6486 2094 102
101 138 5443 4670 140 4240 6983 7430 6076 3160 102
101 138 5443 4670 140 5952 3678 7861 4237 3160 118 6310 4415 4500 102
101 138 5443 4670 140 5973 4237 2961 7755 3966 102
101 138 5443 4670 140 7955 5916 7941 5443 3893 6171 3966 118 6310 4415 1259 102
101 138 6726 6250 140 1378 4124 5489 746 4374 118 2335 6793 4281 5489 746 102
101 138 6726 6250 140 1378 4124 5489 746 4374 118 758 7676 4281 5489 746 102
101 138 6726 6250 140 3805 2466 4397 6500 4482 4275 102
101 138 6726 6250 140 6057 3723 4397 6500 4482 4275 102
101 138 7679 4373 2255 140 758 4944 5101 102
101 138 7679 4373 2255 140 1959 3779 4373 5101 4083 3966 102
101 138 7679 4373 2255 140 1959 3779 5982 5823 4083 3966 102
101 138 7679 4373 2255 140 1959 7676 1298 4478 4083 3966 102
101 138 7679 4373 2255 140 1962 4697 5698 7937 5162 7770 7048 1959 5106 102
101 138 7679 4373 2255 140 1048 3863 3796 676 5682 5970 7930 5270 4944 5101 102
101 138 7679 4373 2255 140 5868 5843 5131 5542 7770 7048 1959 5106 102
101 138 7679 889 6205 765 6506 2255 4374 140 3534 3548 1102 3899 3900 102
101 138 7679 889 6205 765 6506 2255 4374 140 3534 3548 1102 3899 3900 3796 5696 102
101 138 7679 2374 987 140 5923 7854 3459 3966 2419 102
101 138 7679 3172 4294 858 140 5412 1920 1164 7679 3172 4294 858 7515 5159 5878 5709 3779 102
101 138 7679 6793 140 2152 2455 5709 7425 7430 4125 7102 3966 2419 102
101 138 7679 6793 140 7937 6793 7861 6117 102
101 138 7679 6793 140 7937 6793 7102 4125 7102 3966 2419 102
101 138 7679 7798 3172 140 7676 5546 7797 118 7946 5529 3492 1456 102
101 138 7679 7798 3172 140 4171 5864 100 7797 4275 102
101 138 7770 1894 6888 140 4294 5159 1107 1886 1159 3529 3576 3611 3779 102
101 138 7770 1778 140 7676 4171 6500 5489 746 102
101 138 7770 1778 140 1333 1456 4281 5489 6235 102
101 138 7770 1778 140 1333 1456 4281 5489 746 102
101 138 7770 1778 140 7770 5118 6983 1333 1456 4281 5489 746 102
101 138 7770 1778 140 7770 5118 6983 1333 1456 6500 5489 6235 102
101 138 7770 1778 140 7770 5118 6983 6793 1456 4281 5489 746 102
101 138 7770 1778 140 7770 5118 6983 6793 1456 6500 5489 6235 102
101 138 7770 1778 140 7937 6793 4281 5489 746 102
101 138 7770 1778 140 6057 3723 6500 5489 746 102
101 138 7770 1778 140 6793 1456 4281 5489 6235 102
101 138 7770 2723 3787 140 4491 1456 5736 4478 102
101 138 7770 2723 3787 140 6486 7961 102
101 138 7770 2723 3787 140 7676 6793 2539 1501 3529 5831 102
101 138 7770 2723 3787 140 7770 2723 3787 7770 2255 4373 5026 102
101 138 7770 2723 3787 140 5923 4478 102
101 138 978 6991 140 100 12718 745 7000 7614 3160 118 1333 1456 102
101 138 978 6991 140 745 7000 7614 3160 118 1333 1456 102
101 138 978 6991 140 745 7000 7614 3160 118 5770 5803 6991 6991 102
101 138 1546 6493 140 775 5114 6887 1315 7608 5114 102
101 138 1546 6493 140 1824 3418 5489 746 4891 4665 102
101 138 1546 6493 140 6057 3723 120 7946 5529 3492 120 7937 6793 1824 3418 5489 746 102
101 138 1577 3556 3556 140 745 7000 7614 3160 118 3717 6057 3425 1366 1456 102
101 138 1577 3556 3556 140 745 7000 7614 3160 118 7471 5868 5843 1366 1456 102
101 138 1751 1998 6965 6803 3298 140 3449 2094 3862 5726 102
101 138 1825 7384 3330 100 140 7854 3459 6989 4891 4665 102
101 138 2201 2126 140 3949 2466 6486 746 118 7946 7481 102
101 138 2300 2548 4634 140 4635 7930 3723 102
101 138 2300 2548 4634 140 3823 3823 5978 5026 3723 102
101 138 2300 2548 4634 140 7946 7930 3723 102
101 138 2300 2548 4634 140 7946 7930 3723 3211 7274 5380 102
101 138 2300 2548 4634 140 3600 3597 4635 7930 3723 102
101 138 2434 6509 4294 140 7941 7032 2434 6509 4294 5543 7030 7614 3160 102
101 138 2434 6832 140 4495 3582 5543 7030 5125 1213 3966 118 1772 6130 671 4495 102
101 138 2434 6832 140 1059 4944 1830 3362 8218 118 1772 6130 671 4495 102
101 138 2434 978 140 5148 4281 4125 7983 3362 7591 1456 5543 7030 7614 3160 102
101 138 2434 978 140 5148 4281 5543 7030 7614 3160 102
101 138 2434 2188 140 123 782 819 4083 3966 118 5632 4197 1333 1456 4125 5597 4373 5101 102
101 138 2434 2188 140 123 782 819 4083 3966 118 5632 4197 1333 1456 7032 7941 4373 5101 102
101 138 2434 2188 140 123 782 819 4083 3966 118 5632 4197 1333 1456 3862 7804 5244 1274 102
101 138 2434 2188 140 123 782 819 4083 3966 118 5632 4197 1333 1456 3949 2466 7000 6793 102
101 138 2434 2188 140 1959 3779 7591 1456 4083 3966 118 4373 5101 102
101 138 2434 2188 140 1959 3779 7591 1456 4083 3966 118 5932 5823 102
101 138 2434 2188 140 1959 3779 7591 1456 4360 775 3344 118 4373 5101 102
101 138 2434 2188 140 1959 3779 7591 1456 4360 775 3344 118 7676 6101 3862 7804 102
101 138 2434 2188 140 1959 3779 7591 1456 4360 775 3344 118 5982 5823 102
101 138 2434 2188 140 5632 4197 1333 1456 2397 6509 7434 5831 102
101 138 2434 2188 140 5632 4197 1333 1456 4125 5597 4373 5101 102
101 138 2434 2188 140 5632 4197 1333 1456 7032 7941 4373 5101 102
101 138 2434 2188 140 5632 4197 1333 1456 7676 5823 7430 5900 102
101 138 2434 2188 140 5632 4197 1333 1456 7676 6101 1298 4478 102
101 138 2434 2188 140 5632 4197 1333 1456 3862 7804 5244 1274 102
101 138 2434 2188 140 5632 4197 1333 1456 7065 7797 3862 2380 5715 102
101 138 2434 2188 140 5632 4197 1333 1456 7430 5900 4373 5101 102
101 138 2434 2188 140 1456 1680 3862 2380 5715 6486 5576 3966 102
101 138 2434 2188 140 7032 7941 4373 5101 4083 3966 102
101 138 2434 2188 140 5529 3492 6495 7755 4125 7102 3966 2419 102
101 138 2434 2188 140 7676 5823 3966 1846 102
101 138 2434 2188 140 3862 7804 3966 1846 102
101 138 2434 2188 140 1824 3418 7591 1456 6629 1385 7679 7051 5961 4083 3966 102
101 138 2434 2188 140 2961 7755 7591 1456 3966 1846 102
101 138 2434 2188 140 2961 7755 3966 1846 102
101 138 2434 2188 140 3949 2466 7000 6793 4083 3966 102
101 138 2434 2188 140 3513 3966 1456 2207 7797 746 7591 1456 102
101 138 2434 2188 140 3513 3966 1456 7676 5823 7591 1456 102
101 138 2434 2188 140 5412 2466 4528 5746 5922 5831 3966 102
101 138 2434 2188 140 7000 4635 5831 4125 7102 3966 2419 102
101 138 2434 2188 140 4083 3966 118 5632 4197 1333 1456 3949 2466 7000 6793 102
101 138 2434 2188 140 4360 775 3344 3189 2466 1456 1680 102
101 138 2434 2188 140 7430 3966 1846 102
101 138 2434 2188 140 4255 4143 7591 1456 5886 7531 7430 4635 3966 4125 7102 3966 2419 102
101 138 2434 2188 2025 140 4294 5159 1159 3529 3576 3611 3779 102
101 138 2533 2692 704 5836 140 1333 1456 6486 2397 120 6793 1456 6486 2397 102
101 138 2533 2692 704 5836 140 5891 4240 4904 1143 7797 102
101 138 2533 2692 704 5836 140 7016 4240 3394 5864 7797 102
101 138 2533 2692 4638 671 1921 140 8135 110 5155 5868 5843 5104 3779 102
101 138 2533 2692 4638 671 1921 140 8135 110 5155 5878 5709 3779 102
101 138 2533 2692 4638 671 1921 140 8135 110 7515 5159 1159 3529 3576 3611 3779 102
101 138 2533 2692 4638 671 1921 140 8135 110 7515 5159 5155 5700 5709 3779 102
101 138 2533 2692 4638 671 1921 140 8135 110 5412 1920 1164 3576 3611 3779 102
101 138 2533 2692 4638 671 1921 140 8135 110 5878 5709 3779 102
101 138 2533 2692 4638 671 1921 140 676 4660 5878 5709 3779 102
101 138 2533 2692 4638 671 1921 140 679 7616 1469 5878 5709 3779 102
101 138 2533 2692 4638 671 1921 140 758 4397 2188 978 2434 6310 1394 3779 102
101 138 2533 2692 4638 671 1921 140 3189 3315 4371 5101 3779 102
101 138 2533 2692 4638 671 1921 140 4371 5101 3779 102
101 138 2533 2692 4638 671 1921 140 775 1391 5114 118 6076 785 2397 6509 3862 7804 102
101 138 2533 2692 4638 671 1921 140 5709 5608 4452 3393 2961 7755 4237 3966 102
101 138 2533 2692 4638 671 1921 140 1298 3817 5489 7755 5763 6500 5588 4237 3966 102
101 138 2533 2692 4638 671 1921 140 7676 5770 5397 2129 4281 5588 4237 3966 102
101 138 2533 2692 4638 671 1921 140 3862 5726 3513 6908 5489 7777 102
101 138 2533 2692 4638 671 1921 140 5155 5700 5709 3779 102
101 138 2533 2692 4638 671 1921 140 978 4495 6310 1469 3779 102
101 138 2533 2692 4638 671 1921 140 3926 3909 3576 3611 3779 102
101 138 2533 2692 4638 671 1921 140 7515 5159 1159 3529 3576 3611 3779 4891 4665 102
101 138 2533 2692 4638 671 1921 140 7515 5159 5155 3779 7427 7638 4891 4665 102
101 138 2533 2692 4638 671 1921 140 7515 5159 7770 3779 7000 5878 5709 3779 102
101 138 2533 2692 4638 671 1921 140 1606 1039 5878 5709 3779 102
101 138 2533 2692 4638 671 1921 140 3949 2466 3492 7676 4237 4281 5489 3966 102
101 138 2533 2692 4638 671 1921 140 3173 3217 3513 6908 5489 7777 4891 4665 102
101 138 2533 2692 4638 671 1921 140 3513 6908 5489 7777 102
101 138 2533 2692 4638 671 1921 140 3513 6908 6991 3459 3779 102
101 138 2533 2692 4638 671 1921 140 3513 6908 3627 3828 6868 1366 3779 4891 4665 118 3576 3611 3779 116 6991 3459 3779 102
101 138 2533 2692 4638 671 1921 140 5412 1920 1164 5155 5868 5843 5104 3779 102
101 138 2533 2692 4638 671 1921 140 5412 1920 1164 3576 3611 3779 102
101 138 2533 2692 4638 671 1921 140 5878 5709 3779 102
101 138 2533 2692 4638 671 1921 140 7000 4635 5831 2961 7755 4237 3966 102
101 138 2533 2692 4638 671 1921 140 1713 6908 679 7616 1469 6310 1394 3779 102
101 138 2533 2692 4638 671 1921 140 2188 2188 5489 7777 7676 5922 6981 3175 102
101 138 2539 4897 1773 140 776 7021 4166 3449 3723 102
101 138 2539 1501 5543 7030 140 677 5023 7866 3779 7676 5920 102
101 138 2539 7120 3960 140 1331 1147 6500 5489 3454 102
101 138 2667 2667 140 2434 3249 5763 118 1378 4124 7676 3597 3706 3796 102
101 138 2667 2667 140 2434 3249 5763 118 7471 3449 3706 3796 102
101 138 2667 2667 140 2434 3249 5763 3706 3796 7614 5775 3363 5981 3362 102
101 138 2667 2667 140 2434 3249 5763 3706 3796 7614 118 5775 3363 5981 3362 102
101 138 3918 1915 4240 4171 3113 140 6057 3723 2272 4240 6500 5489 3454 102
101 138 3926 3912 1754 140 8135 110 7515 5159 5698 7937 3779 102
101 138 3926 3912 1754 140 7471 3862 5726 102
101 138 3926 3912 1754 140 3417 3425 3331 785 3862 5726 6989 102
101 138 3926 3912 1754 140 7613 2947 4500 3862 5726 102
101 138 3926 3912 1754 140 1001 5186 3862 5726 102
101 138 3926 3912 1754 140 3576 3611 3779 3862 5726 102
101 138 3926 1862 140 5001 4151 3717 102
101 138 3926 1862 140 5155 3717 102
101 138 4494 3777 6484 4495 2825 140 100 2128 2552 3375 3337 102
101 138 4494 3777 6484 4495 2825 140 100 2128 2552 5148 3474 102
101 138 4494 3777 6484 4495 2825 140 100 2128 2552 7065 5455 102
101 138 4494 3777 6484 4495 2825 140 100 2128 2552 5909 2094 102
101 138 4494 3777 6484 4495 2825 140 2128 2552 5973 5612 1282 1059 1920 6171 4237 1259 102
101 138 4494 3777 6484 4495 2825 140 2128 2552 5973 5612 1724 4289 1217 1456 4237 1259 102
101 138 4494 3777 6484 4495 2825 140 2128 2552 5973 5612 1724 4868 3966 6310 4415 1259 102
101 138 4494 3777 6484 4495 2825 140 2128 2552 5973 5612 5489 7755 5763 4237 1259 102
101 138 4494 3777 6484 4495 2825 140 2128 2552 5973 5612 7674 4166 7470 5698 4237 1259 102
101 138 4494 3777 6484 4495 2825 140 2128 2552 5973 5612 4534 3645 7941 5443 4237 1259 102
101 138 4670 5709 1754 5922 3362 140 1378 704 4767 2271 3394 3351 5823 102
101 138 4670 5709 1754 5922 3362 140 1378 704 4294 6908 100 3494 3379 102
101 138 4670 5709 1754 5922 3362 140 1378 704 3459 2255 7770 7927 5831 102
101 138 4670 5709 1754 5922 3362 140 1378 704 3173 4852 3331 7800 5823 102
101 138 4670 5709 1754 5922 3362 140 1378 1298 881 7027 3717 3362 4373 5101 102
101 138 4670 5709 1754 5922 3362 140 1378 1298 881 7027 2380 3670 4373 5101 5026 102
101 138 4670 5709 1754 5922 3362 140 1378 1298 881 7027 7946 6057 3717 3362 4373 5101 102
101 138 4670 5709 1754 5922 3362 140 1378 1298 881 7027 5140 4373 5101 102
101 138 4670 5709 1754 5922 3362 140 1378 1298 3173 1265 5199 3604 4478 102
101 138 4670 5709 1754 5922 3362 140 1378 4124 7032 7036 5823 102
101 138 4670 5709 1754 5922 3362 140 1378 4124 4294 6908 100 3394 672 102
101 138 4670 5709 1754 5922 3362 140 1298 2832 1343 3670 5757 4635 5026 102
101 138 4670 5709 1754 5922 3362 140 1298 2832 928 5412 6965 2342 2292 5868 5843 102
101 138 4670 5709 1754 5922 3362 140 1298 2832 1815 7027 746 7676 5823 102
101 138 4670 5709 1754 5922 3362 140 1298 2832 1815 7027 7804 7676 5823 102
101 138 4670 5709 1754 5922 3362 140 1298 2832 6837 872 3717 3362 2506 3492 102
101 138 4670 5709 1754 5922 3362 140 1298 2832 1751 1998 6965 5401 4635 5823 102
101 138 4670 5709 1754 5922 3362 140 1298 2832 1751 1998 6965 7862 1599 5823 102
101 138 4670 5709 1754 5922 3362 140 2242 3346 3300 5104 3600 3597 102
101 138 4670 5709 1754 5922 3362 140 2242 3346 7515 5159 7032 7148 7854 3459 102
101 138 4670 5709 1754 5922 3362 140 5401 1751 1032 6549 7679 7051 5961 102
101 138 4670 5709 1754 5922 3362 140 3805 1751 7478 1825 1728 4373 5101 5026 102
101 138 4670 5709 1754 5922 3362 140 7770 7413 4242 2338 4397 4403 5706 3556 102
101 138 4670 5709 1754 5922 3362 140 6868 1366 3817 5920 102
101 138 4670 5709 1754 5922 3362 140 7437 3360 3312 4478 2501 7350 2768 1298 4478 102
101 138 4670 5709 1754 5922 3362 140 7437 3360 1378 6803 8272 5998 7941 7032 1765 4478 102
101 138 4670 5709 1754 5922 3362 140 7437 3360 1378 6803 8347 5998 5148 2552 1765 4478 102
101 138 4670 5709 1754 5922 3362 140 7437 3360 6205 6090 4281 4528 5746 102
101 138 4670 5709 1754 5922 3362 140 7437 3360 5529 5987 5914 102
101 138 4670 5709 1754 5922 3362 140 7437 3360 2306 5520 3412 2094 1298 4478 102
101 138 4670 5709 1754 5922 3362 140 1649 5412 4373 1957 4528 5746 102
101 138 4670 5709 1754 5922 3362 140 1649 5412 7032 6057 1501 4934 4494 4373 5101 102
101 138 4670 5709 1754 5922 3362 140 1649 5412 4294 5159 3312 5455 102
101 138 4670 5709 1754 5922 3362 140 1649 5412 3173 3949 2506 5682 4494 3492 102
101 138 4670 5709 1754 5922 3362 140 1649 5412 5469 1957 4528 5746 102
101 138 4670 5709 1754 5922 3362 140 2511 1265 1815 2552 6965 3300 3582 7065 5455 102
101 138 4670 5709 1754 5922 3362 140 2511 1265 4294 5159 3817 5823 102
101 138 4670 5709 1754 5922 3362 140 2511 1265 4294 6908 4635 5489 4125 7983 3362 102
101 138 4670 5709 1754 5922 3362 140 2511 1265 4294 6908 4899 4397 5823 102
101 138 4670 7676 4397 140 100 119 100 2342 7464 1259 5888 5894 3362 1120 102
101 138 4670 7676 4397 140 100 119 100 5775 3363 5888 5894 102
101 138 4670 7676 4397 140 100 119 100 5868 5843 5888 5894 102
101 138 4670 7676 4397 140 100 119 100 7439 1305 5888 5894 3362 1120 118 4635 3425 7591 1456 116 5770 5803 7591 1456 102
101 138 4670 7676 4397 140 100 119 100 7427 1456 7439 1305 5888 5894 118 5775 3363 7591 1456 116 5706 3556 7591 1456 102
101 138 4670 7676 4397 140 100 119 100 7427 1456 5888 5894 118 3717 6057 3425 116 4635 5868 5843 102
101 138 4670 7676 4397 140 1504 1568 100 1918 3362 1456 3362 100 118 5198 1394 1366 1456 102
101 138 4670 7676 4397 140 2170 1921 7427 2251 1120 118 6044 6057 7941 7032 3384 116 1032 3419 102
101 138 4670 7676 4397 140 7439 1305 5888 5894 118 2342 2292 5868 5843 7591 1456 102
101 138 4670 7676 4397 140 7439 1305 5888 5894 118 5775 3363 7591 1456 102
101 138 4670 7676 4397 140 5888 5894 5424 2715 118 4635 3425 5888 5894 102
101 138 4670 7676 4397 140 5888 5894 5424 2715 118 5868 5843 5888 5894 102
101 138 4670 7676 4397 140 5888 5894 3496 3362 118 5775 3363 1366 1456 102
101 138 4670 7676 4397 140 5888 5894 3496 3362 118 5198 1394 1366 1456 102
101 138 4670 7676 4397 140 6057 6044 2339 1773 100 119 100 6044 6057 3449 2094 5888 5894 102
101 138 4670 7676 4397 140 7464 3362 2179 4635 3425 7804 3362 1120 102
101 138 4670 7676 4397 140 7464 3362 2179 4635 5868 5843 3362 1120 102
101 138 4670 7676 4397 140 7464 3362 2179 5198 1394 7804 3362 1120 102
101 138 4670 7676 4397 140 7464 3362 2179 6057 3379 7804 3362 1120 102
101 138 4670 7676 4397 140 7464 3362 2179 7804 3384 5763 1120 102
101 138 5018 671 2255 140 8135 110 6991 3459 3779 102
101 138 5018 753 2356 1842 1771 4868 3315 5655 140 7269 2301 6028 5130 102
101 138 5018 753 2356 1842 5744 2335 5489 1755 140 2875 4277 4294 6182 3717 3253 7618 102
101 138 5186 671 140 100 5155 3717 102
101 138 5186 671 140 100 119 121 7920 2595 7431 2094 3717 102
101 138 5186 671 140 1920 6486 3763 2861 3779 102
101 138 5186 671 140 3717 752 5145 7930 7613 4767 4846 3787 3717 102
101 138 5186 671 140 5101 5106 4813 118 5489 4246 7591 1456 102
101 138 5186 671 140 3362 4197 1032 5198 1394 1830 3362 102
101 138 5186 671 140 3926 4272 2157 5700 5709 3779 102
101 138 5186 671 140 5210 7927 978 2434 3779 102
101 138 5186 671 140 6057 6486 1959 118 4281 1959 102
101 138 5186 671 140 6057 6486 1959 118 5770 5803 102
101 138 5186 671 140 6057 6486 1959 118 7430 6028 102
101 138 5186 671 140 6310 1469 5101 5106 5489 4246 7591 1456 102
101 138 5186 671 140 5931 5746 3723 102
101 138 5186 671 4495 3582 140 100 5868 5843 746 7401 2797 1259 102
101 138 5186 671 4495 3582 140 4491 3412 102
101 138 5186 671 4495 3582 140 1059 3362 2179 5770 5803 746 102
101 138 5186 671 4495 3582 140 1059 3362 2179 3607 3425 746 102
101 138 5186 671 4495 3582 140 3300 3582 676 5682 5970 7930 102
101 138 5186 671 4495 3582 140 3300 3582 1920 5148 3474 102
101 138 5186 671 4495 3582 140 3300 3582 1936 765 5104 102
101 138 5186 671 4495 3582 140 3300 3582 3375 3337 102
101 138 5186 671 4495 3582 140 3300 3582 5148 5970 7930 102
101 138 5186 671 4495 3582 140 3362 4197 1032 3300 3582 1298 4478 2094 102
101 138 5186 671 4495 3582 140 7032 7941 4494 4373 5101 5108 102
101 138 5186 671 4495 3582 140 1333 1456 1909 2014 1929 3362 102
101 138 5186 671 4495 3582 140 1333 1456 5198 1394 1830 3362 7401 2797 1259 102
101 138 5186 671 4495 3582 140 4192 5709 3362 746 102
101 138 5186 671 4495 3582 140 5868 5843 746 102
101 138 5186 671 4495 3582 140 6057 3474 746 118 6150 102
101 138 5186 671 4495 3582 140 5913 6632 5803 746 102
101 138 5186 671 4495 3582 140 7921 4171 2380 4649 5587 3362 102
101 138 5186 6250 140 100 100 5888 5894 3454 102
101 138 5186 6250 140 3717 3253 6057 3474 102
101 138 5186 6250 140 4491 3975 5886 7676 1456 7471 6491 6486 102
101 138 5186 6250 140 4491 3975 6101 7941 1456 4478 2094 785 102
101 138 5186 6250 140 1456 802 3862 5726 118 3189 2466 1333 1456 102
101 138 5186 6250 140 1456 802 3862 5726 118 3189 2466 6793 1456 102
101 138 5186 6250 140 1456 802 3862 5726 5169 4275 102
101 138 5186 6250 140 7269 2590 7676 6989 4494 5546 3474 102
101 138 5186 6250 140 7269 2590 6057 3474 4891 4665 102
101 138 5186 6250 140 5162 7542 4491 100 3454 102
101 138 5186 6250 140 5162 7542 5692 7531 3454 102
101 138 5186 6250 140 7946 5131 6057 3474 102
101 138 5186 6250 140 2445 2552 5984 5439 6887 3763 5763 6486 2397 102
101 138 5186 6250 140 2445 2552 5984 5439 6887 7946 5529 3492 6486 2397 102
101 138 5186 6250 140 2445 2552 5984 5439 6887 4018 1456 6486 2397 102
101 138 5186 6250 140 2445 2552 5984 5439 6887 4240 6793 6486 2397 102
101 138 5186 6250 140 2445 2552 5984 7478 1825 3121 1333 1456 2207 6486 672 102
101 138 5186 6250 140 2445 2552 5984 7478 1825 3121 5886 1456 2207 6486 672 102
101 138 5186 6250 140 2445 2552 5984 6793 1378 1456 6486 2397 118 7937 6793 7921 6989 7430 7591 1456 102
101 138 5186 6250 140 2445 2552 5984 6793 1378 1456 6486 2397 118 6793 3763 5763 7591 1456 102
101 138 5186 6250 140 5922 3362 5546 4275 102
101 138 5799 1367 4454 7027 140 1933 2552 7619 113 1377 1377 1366 1456 114 102
101 138 5799 1367 4454 7027 140 1933 2552 7619 113 5709 4495 1366 1456 114 102
101 138 5799 1367 4454 7027 140 1933 2552 7619 113 7676 5770 1366 1456 114 102
101 138 5800 2157 140 5868 5843 3763 1071 7679 102
101 138 5811 2153 5399 140 2335 1456 7861 6117 5399 5489 4257 102
101 138 6258 3694 3817 6121 140 3862 2296 3298 166 6258 3694 3817 6121 5709 3186 1347 7430 3966 4125 7102 4083 3966 1259 102
101 138 6857 671 2207 7102 140 5195 1073 1192 4649 6793 3492 102
101 138 6857 671 2207 7102 140 1713 6908 5923 7854 3459 102
101 138 6857 671 7102 140 2539 4500 5439 4125 3966 4125 7102 3966 2419 102
101 138 6857 671 7102 140 2539 1501 7000 4635 5831 7102 4125 7102 3966 2419 102
101 138 6857 671 7102 140 6857 671 7102 2714 4237 5439 4125 7430 4635 3966 102
101 138 7376 1038 2188 3787 140 671 1366 1922 7382 7619 102
101 138 7376 1038 2188 3787 140 1922 7382 7619 4891 4665 102
101 138 7376 1038 2188 3787 140 7676 3384 3600 3597 6028 5130 102
101 138 7376 1038 2188 3787 140 5770 5803 3600 3597 6028 5130 102
101 138 7411 2338 140 8135 110 5153 6205 5984 745 3975 1059 5544 1959 5106 102
101 138 7411 2338 140 1059 5544 4281 1959 102
101 138 7411 2338 140 1476 1565 845 910 118 4486 6172 1959 5125 102
101 138 7411 2338 140 1476 1565 845 910 118 6150 6172 1959 5125 102
101 138 7411 2338 140 1331 5401 4879 1377 1377 7614 1501 102
101 138 7411 2338 140 7434 3459 5763 102
101 138 7411 2338 140 7818 7797 7946 5698 7937 1933 2552 5187 102
101 138 7411 2338 140 7877 4277 4200 1959 102
101 138 7434 3912 13179 100 140 7920 2595 7431 2094 3717 102
101 138 7434 5799 3321 6793 1713 6908 140 1367 1778 4773 5131 3580 102
101 138 7434 5799 3321 6793 1713 6908 140 7032 7271 2207 7941 7797 6989 102
101 138 7434 5799 3321 6793 1713 6908 140 7029 4495 671 1366 4166 7797 2094 102
101 138 7434 5799 3321 6793 1713 6908 140 7437 3360 1366 3959 7029 4495 4166 7797 2094 102
101 138 7434 5799 3321 6793 1713 6908 140 7941 7032 5744 6484 3379 102
101 138 7434 5799 3321 6793 1713 6908 140 7946 5131 5706 3683 5909 7460 102
101 138 7434 5799 3321 6793 1713 6908 140 2511 1265 7376 4408 7269 1094 6725 4635 5489 5706 3556 102
101 138 7434 4819 140 3749 3717 102
101 138 7797 7676 3870 140 1458 673 4813 100 7797 7676 3870 4166 7797 2094 2397 6509 5101 5130 102
101 138 7797 7676 3870 140 4166 7032 745 6991 5187 4891 4665 102
101 138 1587 5401 4638 140 3189 3315 3862 2936 4166 7797 2961 102
101 138 1587 5401 4638 140 1288 3670 7800 7797 102
101 138 1587 5401 4638 140 2139 5984 4294 6908 2380 1317 7676 7797 102
101 138 1587 5401 4638 140 4294 6908 5891 4240 7816 102
101 138 1587 5401 4638 140 7029 4495 3862 1286 798 7797 102
101 138 1587 5401 4638 140 7515 5159 2961 5420 4216 3966 102
101 138 1587 5401 4638 140 1902 1846 1391 4166 7797 2094 102
101 138 1605 1127 2225 140 5439 3572 5155 3576 3611 3779 102
101 138 2168 7027 6803 3298 140 5709 4950 722 5101 102
101 138 2168 7027 6803 3298 140 7676 1400 5101 102
101 138 2168 7027 6803 3298 140 1713 6908 4635 5101 102
101 138 2168 5204 1046 140 4846 3787 3717 102
101 138 2168 7927 5101 140 5709 5909 2168 7027 6523 1964 7676 5101 102
101 138 2168 7927 5101 140 2168 7027 6965 6803 3298 2168 7927 3300 3582 4635 5101 102
101 138 2168 7927 5101 140 2168 7027 6965 6803 3298 2168 7927 3300 3582 5133 5101 102
101 138 2170 5650 140 1469 7591 3204 2357 7102 4125 7102 3966 2419 102
101 138 2170 5650 140 6495 7755 5529 3492 6500 5496 7102 4125 7102 3966 2419 102
101 138 2218 3221 1962 5101 140 1943 868 3420 1824 671 5023 1904 1385 5101 102
101 138 2669 2157 7676 140 8135 110 5736 5763 3779 102
101 138 2669 2157 7676 140 2207 4836 7676 3779 102
101 138 2669 2157 7676 140 1378 4124 3513 1501 8135 110 765 7937 785 3779 102
101 138 2669 2157 7676 140 1298 4478 5104 3779 102
101 138 2958 4495 4944 5108 140 10551 8181 8207 5134 1475 4228 5101 3966 102
101 138 3249 671 140 1759 7854 3459 6989 4891 4665 102
101 138 3249 671 140 4281 5489 746 4891 4665 102
101 138 3249 671 140 4281 5489 6028 7941 6989 4891 4665 102
101 138 3249 671 140 3417 3474 3351 2094 6989 4891 4665 102
101 138 3249 671 140 7946 7937 6989 4891 4665 102
101 138 3249 671 140 5199 6486 3494 120 1476 1524 3494 4891 4665 818 6908 102
101 138 3249 671 140 6500 5489 3454 4891 4665 102
101 138 3253 3253 140 4636 7676 3362 7591 1456 3362 1120 102
101 138 3253 3253 140 5695 3362 3472 102
101 138 3253 3253 140 3362 1120 3454 118 5198 1394 1366 1456 102
101 138 3253 3253 140 4660 4495 5826 5888 5894 1120 102
101 138 3253 3253 140 5775 3363 7591 1456 3496 3362 3362 1120 102
101 138 3253 3253 140 5868 5843 3362 3723 3472 102
101 138 3253 3253 140 1032 3419 3472 102
101 138 3253 3253 140 7928 7676 4635 5868 5843 1456 3362 1120 102
101 138 3481 722 3362 4289 140 1713 6908 6057 5148 3474 102
101 138 3481 3719 140 4281 1959 5131 120 2851 5763 4281 1959 5131 7434 3836 102
101 138 3481 3719 140 4281 1959 5131 7434 3836 102
101 138 3481 3719 140 3362 3723 3362 2179 1102 118 7928 7676 5868 5843 1366 1456 102
101 138 3481 3719 140 5868 5843 3362 3723 3362 2179 1102 102
101 138 3996 5401 4397 5489 746 140 6500 5489 3454 4360 4989 1259 102
101 138 3996 7621 6726 140 1759 7854 3459 6989 2207 5198 1394 4891 4665 102
101 138 3996 7621 6726 140 1759 7854 3459 6989 4891 4665 102
101 138 3996 7621 6726 140 1920 676 1039 7854 3459 6989 5198 1394 4891 4665 102
101 138 3996 7621 6726 140 3926 7630 5199 6486 3494 4891 4665 102
101 138 3996 7621 6726 140 5195 1073 7854 3459 6989 4891 4665 102
101 138 3996 7621 6726 140 5199 6486 3494 7854 3459 6989 5198 1394 4891 4665 102
101 138 3996 7621 6726 140 5886 7531 6989 4891 4665 102
101 138 4192 5439 7102 140 5401 782 4528 5746 7102 4125 7102 3966 2419 102
101 138 4192 5439 7102 140 4192 5439 6486 5576 4635 3966 7102 4125 7102 3966 2419 102
101 138 4192 5439 7102 140 4192 5439 6793 7676 7102 4125 7102 3966 2419 102
101 138 4633 6493 140 3763 4427 4454 118 1333 1456 102
101 138 4633 6493 140 7946 5131 3763 4427 4454 102
101 138 5653 1456 2590 140 3706 3796 3717 102
101 138 5653 1456 2590 140 3706 3796 3717 1333 1456 102
101 138 5653 1456 2590 140 3706 3796 3717 5844 1990 1366 1456 102
101 138 5653 1456 2590 140 6858 2180 3749 3717 102
101 138 5653 1456 2590 140 5844 1990 1366 1456 3706 3796 3717 102
101 138 5653 1456 2590 140 5952 3723 3749 3717 102
101 138 5653 1456 2590 140 5979 2802 3749 3717 102
101 138 5653 7676 140 2207 4836 7676 3779 102
101 138 5653 6651 140 1921 4197 3717 102
101 138 5653 6651 140 5653 6651 1921 4197 3717 102
101 138 5653 6651 140 5653 6651 7920 2595 7431 2094 3717 102
101 138 5653 6651 140 7920 2595 7431 2094 3717 102
101 138 5836 1039 140 3862 5726 5687 3294 1849 6629 1385 5698 7937 5546 4275 102
101 138 5836 1039 140 3862 5726 3331 785 5698 7937 5546 4275 102
101 138 5836 1039 140 3862 5726 1298 4478 2094 5698 7937 5546 4275 102
101 138 5836 1456 7852 140 4125 7102 7770 3966 2419 5143 1154 102
101 138 5836 7351 2820 1039 1828 140 1367 1001 4017 7430 5125 102
101 138 5836 7351 2539 1501 1828 140 7376 4649 3449 102
101 138 5836 1298 140 4373 5026 118 7676 6793 120 4390 4461 4486 102
101 138 5836 1298 140 7676 6793 5987 5914 120 4390 4461 4486 102
101 138 5844 4448 140 8135 110 5868 5843 5104 3779 102
101 138 5844 4448 140 8135 110 6991 3459 3779 102
101 138 5844 4448 140 6205 4408 4280 8135 110 4371 5101 3779 102
101 138 5844 4448 140 1333 6172 4371 5101 3779 4891 4665 5175 102
101 138 5844 4448 140 6991 3459 3779 4891 4665 102
101 138 6523 2336 140 912 4534 5831 102
101 138 6523 2336 140 7676 6989 7797 102
101 138 6523 2336 140 5155 7676 7797 102
101 138 6523 2336 140 7804 6793 3529 5831 102
101 138 6631 3683 7608 1501 140 4696 1378 4124 1456 118 4397 4403 1959 5763 6989 102
101 138 6631 3683 7608 1501 140 4494 7953 1918 2339 2449 118 4397 1959 3425 6989 3796 5696 102
101 138 6631 3683 7608 1501 140 4494 7953 1918 2339 2449 118 3424 5709 3425 6989 3796 5696 102
101 138 6631 3683 7608 1501 140 4494 7953 1918 2339 2449 118 5198 1394 3425 6989 3796 5696 102
101 138 6631 3683 7608 1501 140 6631 1501 4167 4189 1367 3791 5199 6486 1102 5130 4891 4665 5692 7676 102
101 138 6631 3683 7608 1501 140 6631 1501 4167 4189 1367 3791 5199 6486 1102 5130 4891 4665 1333 1456 102
101 138 6631 3683 7608 1501 140 6631 1501 4167 4189 1367 3791 5199 6486 1102 5130 4891 4665 6629 1385 102
101 138 6631 3683 7608 1501 140 6631 1501 4167 4189 1367 3791 5199 6486 1102 5130 4891 4665 5198 1394 102
101 138 6631 3683 7608 1501 140 6989 5696 1836 2207 1755 7619 118 1959 7676 1333 1456 102
101 138 6631 3683 7608 1501 140 6989 5696 1836 2207 1755 7619 118 2341 1046 1213 5770 5803 7591 1456 102
101 138 6631 6531 140 1378 704 3173 4852 7676 5823 102
101 138 6631 6531 140 1378 4124 1762 1765 7676 5823 102
101 138 6631 6531 140 1378 4124 1762 1765 7046 2807 5823 102
101 138 6631 6531 140 1378 4124 1943 868 118 1378 4124 4294 6908 7983 4706 5489 102
101 138 6631 6531 140 1378 4124 1333 4495 4934 7946 6486 102
101 138 6631 6531 140 1936 765 5104 102
101 138 6631 6531 140 2242 3346 5148 6486 102
101 138 6631 6531 140 5148 5970 7930 102
101 138 6631 6531 140 3862 2380 5715 102
101 138 6631 6531 140 4294 6908 5909 2094 102
101 138 6631 6531 140 7946 5131 1100 4478 5763 4834 102
101 138 6631 6531 140 5125 6908 3375 3337 118 6310 4415 4500 102
101 138 6631 6531 140 7799 7797 2397 102
101 138 6631 6531 140 4255 5101 5709 102
101 138 6871 3960 7969 140 1333 1456 4017 7430 5125 102
101 138 6871 3960 7969 140 4017 7430 5125 4891 4665 102
101 138 7413 7430 3560 140 1100 5923 1216 4125 7102 3966 2419 102
101 138 7413 7430 3560 140 7679 889 1370 3763 4125 7102 3966 2419 102
101 138 7414 3175 140 4125 7102 1920 6486 4649 102
101 138 7414 3175 140 4125 7102 2207 6486 4649 102
101 138 7414 2061 1395 140 7921 1456 1765 7430 4125 7102 7770 3966 102
101 138 7518 823 1959 1959 140 3633 2134 782 5916 7430 102
101 138 7518 823 1959 1959 140 3862 5726 118 1333 1456 102
101 138 7518 823 1959 1959 140 3862 5726 5195 1073 4891 4665 102
101 138 7518 823 1959 1959 140 7502 1751 7518 823 1959 1959 118 3633 2134 3926 4237 7430 3966 102
101 138 7518 823 1959 1959 140 7502 1751 7518 823 1959 1959 118 3633 2134 6793 7430 3966 102
101 138 7518 3805 6057 7629 140 100 5439 4036 5998 3449 5106 102
101 138 7518 3805 6057 7629 140 5439 4036 5998 3449 5106 102
101 138 7518 3805 6057 7629 140 1333 1456 3449 4275 102
101 138 7518 3805 6057 7629 140 4660 6987 3449 102
101 138 7613 1351 140 100 3717 6057 3425 102
101 138 7613 1351 140 100 1707 5489 7613 102
101 138 7613 1351 140 3717 4215 5770 5823 102
101 138 7613 1351 140 3346 1266 7000 5831 4125 7102 3966 2419 102
101 138 7613 1351 140 7032 3560 5125 6908 7676 4494 4373 5101 5108 102
101 138 7613 1351 140 4397 5823 102
101 138 7613 1351 140 5634 6486 5576 7000 4635 5831 7102 102
101 138 7613 1351 140 7621 4495 4397 5823 102
101 138 7613 1351 140 7804 5823 7770 3966 102
101 138 7613 1351 140 1713 6908 3717 6057 3425 102
101 138 7941 1920 4680 140 3763 5763 1920 3983 6486 2397 102
101 138 7941 1920 4680 140 4018 1456 1920 3983 6486 2397 102
101 138 7946 6486 3433 140 7003 7021 3513 1501 5155 7946 6486 6489 102
101 138 7946 3351 140 100 111 100 745 7000 5826 3706 3796 7614 102
101 138 7946 3351 140 100 111 100 3706 3796 7614 118 5775 3363 3362 5763 1366 1456 102
101 138 7946 3351 140 100 111 100 3706 3796 7614 118 5868 5843 1366 1456 102
101 138 7946 3351 140 100 111 100 3706 3796 7614 118 3600 3597 1366 1456 102
101 138 7946 3351 140 1217 7921 3763 1894 102
101 138 7946 3351 140 4636 7676 3362 100 102
101 138 7946 3351 140 3749 3717 102
101 138 7946 3351 140 3749 3717 100 111 100 3706 3796 7614 118 5868 5843 1366 1456 102
101 138 7946 3351 140 3749 3717 100 111 100 3706 3796 7614 118 3600 3597 1366 1456 102
101 138 7946 3351 140 3749 3717 100 111 100 3706 3796 7614 118 5981 3362 102
101 138 7946 3351 140 3763 1894 102
101 138 7946 3351 140 3763 1894 118 1920 782 5143 1566 6983 5709 7591 1456 102
101 138 7946 3351 140 745 7000 5826 5981 3362 3723 102
101 138 7946 3351 140 3424 5709 4166 3449 3723 102
101 138 7946 3351 140 3926 3173 5148 3384 7591 1456 3763 1894 102
101 138 7946 3351 140 7946 3351 3749 3717 100 111 100 3706 3796 7614 102
101 138 7946 3351 140 7946 3351 3749 3717 100 111 100 3706 3796 7614 118 4374 3360 5981 3362 102
101 138 7946 3351 140 7946 3351 7920 2595 7431 2094 3717 102
101 138 7946 3351 140 5868 5843 100 102
101 138 7946 3351 140 5981 3362 100 102
101 138 7946 7481 5918 140 3501 3425 3723 7614 3160 102
101 138 7946 3578 4277 140 7946 3578 4277 1333 1456 3186 7797 6989 102
101 138 7946 3578 4277 140 7521 6554 7946 3578 4277 3949 2466 7676 5591 5987 5914 5130 4891 4665 102
101 138 7946 7983 140 7676 5823 6486 6489 102
101 138 1754 3362 1754 1456 140 4397 4403 5706 3556 7804 3362 746 102
101 138 1755 7531 5489 746 140 7032 4281 3454 102
101 138 1755 7531 5489 746 140 7032 6500 3454 102
101 138 1953 1164 1914 140 1953 1164 1914 3717 100 100 5270 5204 3706 3796 7614 102
101 138 1953 1164 1914 140 4823 7000 7614 3160 102
101 138 1953 1164 1914 140 4823 7000 7614 3160 118 5844 1990 7591 1456 102
101 138 1953 1164 1914 3717 140 100 8217 5270 5204 3706 3796 7614 102
101 138 1953 1164 1914 3717 140 4823 7000 7614 3160 118 5844 1990 7591 1456 102
101 138 1953 3172 1305 1751 4374 140 3576 3611 3779 6837 872 3763 672 7797 102
101 138 1953 3172 1305 1751 4374 140 7818 7797 2075 5498 102
101 138 2695 722 1456 140 1146 6237 5763 118 4904 5952 7941 102
101 138 2695 722 1456 140 3717 4215 7802 7797 102
101 138 2695 722 1456 140 4281 1959 5709 4495 102
101 138 2695 722 1456 140 1102 4240 803 5770 102
101 138 2695 722 1456 140 1977 1977 4397 4403 1755 102
101 138 2695 722 1456 140 1977 1977 4494 1061 2188 102
101 138 2695 722 1456 140 3331 785 3836 102
101 138 2695 722 1456 140 1476 1524 6486 5576 102
101 138 2695 722 1456 140 3779 1147 1146 6237 5763 1724 2108 3217 7591 1456 102
101 138 2695 722 1456 140 7471 5546 5831 2552 102
101 138 2695 722 1456 140 4397 924 4373 5026 102
101 138 2695 722 1456 140 4397 4403 1755 102
101 138 2695 722 1456 140 4397 2188 676 3209 3780 7802 7797 102
101 138 2695 722 1456 140 5155 4083 4242 7930 102
101 138 2695 722 1456 140 5155 4083 4242 7930 7471 3217 676 3126 102
101 138 2695 722 1456 140 5155 4083 4242 7930 3833 1213 7427 3126 102
101 138 2695 722 1456 140 5155 4083 4242 7930 5653 4697 676 3126 102
101 138 2695 722 1456 140 5155 4083 4242 7930 5864 7941 5162 6981 3175 102
101 138 2695 722 1456 140 5155 4083 4242 7930 118 5868 5843 5131 5542 3833 1213 7427 3126 102
101 138 2695 722 1456 140 5155 4083 4242 7930 118 4454 1305 7080 5543 7030 102
101 138 2695 722 1456 140 5155 4083 4242 7930 118 5608 1333 6028 4635 7471 3217 676 3126 102
101 138 2695 722 1456 140 4494 1061 2188 102
101 138 2695 722 1456 140 5801 5801 765 3496 1959 102
101 138 2695 722 1456 140 7937 3779 4141 7613 102
101 138 2695 722 1456 140 7937 2038 6486 5576 102
101 138 2695 722 1456 140 1903 2419 5923 4478 102
101 138 2695 722 1456 140 2170 1921 2075 803 5770 102
101 138 2695 722 1456 140 2170 1921 3600 3597 2695 4373 1102 102
101 138 2695 722 1456 140 3490 5842 6310 1394 3779 102
101 138 2695 722 1456 140 5030 798 5101 5130 102
101 138 2695 722 1456 140 7941 7032 3683 891 5155 5700 5709 3779 102
101 138 2695 722 1456 140 7946 2341 4242 7930 102
101 138 2695 722 1456 140 2695 722 1456 1146 6237 5763 102
101 138 2695 722 1456 140 2695 722 1456 3762 5256 7946 1061 2188 102
101 138 2695 722 1456 140 2695 722 1456 5709 4495 6486 5709 102
101 138 2695 722 1456 140 2695 722 1456 5155 4083 4242 7930 5653 4697 676 3126 102
101 138 2695 722 1456 140 2695 722 1456 7946 2341 4242 7930 102
101 138 2695 722 1456 140 2695 978 2539 4635 4373 5951 785 3717 102
101 138 2695 722 1456 140 2695 978 7946 6486 3717 102
101 138 2695 722 1456 140 2695 978 5857 710 5148 5148 6486 3717 102
101 138 2695 722 1456 140 2695 978 7427 978 5763 4374 6057 7676 4166 7983 102
101 138 2695 722 1456 140 6044 6057 4242 7930 102
101 138 2695 722 1456 140 5199 6486 2692 782 4272 102
101 138 2695 722 1456 140 5199 5401 782 1192 4649 6793 3492 102
101 138 2695 722 1456 140 4242 7930 1959 5709 4495 102
101 138 2695 722 1456 140 5951 785 2188 102
101 138 2695 722 1456 140 7502 2466 3796 5831 102
101 138 2695 722 1456 140 7502 3796 6486 5576 4216 102
101 138 2695 722 1456 140 7802 7797 4275 102
101 138 2695 722 1456 140 7804 1456 5546 4478 102
101 138 2695 722 1456 140 7804 5546 3454 4478 102
101 138 2695 722 1456 140 7804 2967 5931 5746 3723 100 102
101 138 2695 722 1456 140 7804 2967 5931 5746 5198 1394 5922 5831 3723 102
101 138 2695 722 1456 140 7804 2967 5931 5746 5922 5831 3723 102
101 138 2695 6965 140 6793 3779 7676 5026 102
101 138 3173 1045 140 782 5916 7430 6310 1456 1259 102
101 138 3173 1045 140 1724 4868 3966 6310 1456 1259 102
101 138 3173 1045 140 5399 5489 4257 6310 1456 1259 102
101 138 3173 1045 140 5489 7755 5763 6310 1456 1259 102
101 138 3173 1045 140 5952 3678 7861 6310 1456 1259 102
101 138 3173 1045 140 5973 5612 2961 7755 6310 1456 1259 102
101 138 3173 1395 4634 140 5908 5844 4141 5106 102
101 138 3173 4636 3362 2255 6057 7629 140 6057 3723 5706 3556 746 102
101 138 3173 5001 4886 3975 140 5709 4495 7016 5833 5987 3796 5696 102
101 138 3173 5001 4886 3975 140 4255 5101 5709 5143 1154 102
101 138 3173 3346 7382 140 3717 4215 7802 7797 4275 102
101 138 3173 3346 7382 140 1367 3193 1456 4151 4171 6500 5489 746 102
101 138 3173 3346 7382 140 5695 3362 3362 1120 102
101 138 3173 3346 7382 140 6486 7961 7676 6989 7816 102
101 138 3173 3346 7382 140 1456 1680 7807 7797 102
101 138 3173 3346 7382 140 4147 4240 2207 7676 5591 118 1333 1456 102
101 138 3173 3346 7382 140 4147 4240 2207 7676 5591 118 7937 6793 7983 6076 7591 1456 102
101 138 3173 3346 7382 140 1331 1147 6500 5489 746 7401 2797 1259 102
101 138 3173 3346 7382 140 3833 1213 4495 7427 4049 3912 5155 6500 5489 7777 102
101 138 3173 3346 7382 140 3833 1213 4495 7427 4049 3912 5155 6500 5489 7777 118 3862 5726 102
101 138 3173 3346 7382 140 5148 4240 4281 5489 102
101 138 3173 3346 7382 140 5148 4240 4281 5489 7102 102
101 138 3173 3346 7382 140 5148 4240 7676 6989 7816 102
101 138 3173 3346 7382 140 7676 2405 5026 102
101 138 3173 3346 7382 140 1333 1456 4281 5489 746 102
101 138 3173 3346 7382 140 5775 3363 3362 1120 102
101 138 3173 3346 7382 140 7770 5118 6983 1333 1456 4281 5489 6235 102
101 138 3173 3346 7382 140 7770 5118 6983 1333 1456 4281 5489 746 102
101 138 3173 3346 7382 140 7770 5118 6983 6793 1456 4281 5489 6235 102
101 138 3173 3346 7382 140 7770 5118 6983 6793 1456 4281 5489 746 102
101 138 3173 3346 7382 140 7434 5709 7032 7092 6500 5489 746 7401 2797 1259 102
101 138 3173 3346 7382 140 7937 2038 6486 5576 102
101 138 3173 3346 7382 140 7937 6793 4281 5489 746 102
101 138 3173 3346 7382 140 4018 5489 4246 102
101 138 3173 3346 7382 140 4823 4171 7799 7797 4275 102
101 138 3173 3346 7382 140 4823 4171 7799 7797 3454 102
101 138 3173 3346 7382 140 5125 5232 3862 5726 5489 7777 102
101 138 3173 3346 7382 140 5125 5232 3186 7797 7777 102
101 138 3173 3346 7382 140 5125 5232 6500 5489 7777 102
101 138 3173 3346 7382 140 6057 3723 6500 5489 746 102
101 138 3173 3346 7382 140 6793 1456 4281 5489 746 102
101 138 3173 3346 7382 140 6793 1456 6500 5489 746 102
101 138 3173 3346 7382 140 6500 5489 7777 118 2252 3644 102
101 138 3173 3346 7382 140 7799 7797 5187 118 4151 4171 102
101 138 3173 3346 7382 140 7799 7797 5187 1333 1456 102
101 138 3173 3346 7382 140 7803 7797 7777 102
101 138 3173 3346 7382 140 5973 5612 5399 5489 7102 102
101 138 3173 3346 7382 140 2188 1051 5169 5489 7777 118 122 172 124 3641 1051 4997 2201 4500 102
101 138 3496 3833 140 5155 3496 2094 3717 102
101 138 3513 677 140 7937 6793 7861 6117 5106 5187 102
101 138 3513 7623 7029 3862 5726 140 3189 2466 758 1147 3862 5726 118 1456 802 1059 5162 102
101 138 3513 7623 7029 3862 5726 140 3189 2466 758 1147 3862 5726 118 100 7797 1366 1456 102
101 138 3513 7623 7029 3862 5726 140 3449 2094 1366 1456 102
101 138 3975 1921 4197 140 7946 5270 5101 102
101 138 3975 7518 140 8135 110 4373 5101 5524 5715 3779 102
101 138 3975 7518 140 8135 110 7676 3779 102
101 138 3975 7518 140 856 3984 7804 3529 8135 110 5709 4495 3779 102
101 138 3975 7518 140 1107 5842 5709 4495 7591 1456 6310 1394 3779 102
101 138 3975 7518 140 1159 3529 5709 4495 7591 1456 6310 1394 3779 102
101 138 3975 7518 140 4294 1032 1159 3529 5736 5763 3779 102
101 138 3975 7518 140 3513 1501 5736 5763 6310 1394 3779 102
101 138 3975 7518 140 1713 6908 6310 1394 7676 3779 102
101 138 3980 3200 140 3980 3200 5965 5803 746 102
101 138 5412 1920 1164 100 140 5412 1920 1164 100 1343 4649 1147 672 5931 5746 102
101 138 5412 1920 1164 100 140 5412 1920 1164 100 1343 4649 3146 7538 5931 5746 102
101 138 5412 3208 140 1282 1059 1920 6171 4237 3160 102
101 138 5412 3208 140 803 5770 5763 7401 6716 1259 102
101 138 5412 3208 140 1378 4124 7046 7038 5823 102
101 138 5412 3208 140 1378 4124 7983 4706 5489 102
101 138 5412 3208 140 5399 5489 4257 4237 3160 102
101 138 5412 3208 140 3779 5920 6989 102
101 138 5412 3208 140 7471 5770 5763 7401 6716 1259 102
101 138 5412 3208 140 5952 3678 7861 4237 3160 102
101 138 5412 3208 140 1713 6908 5857 710 5148 6486 102
101 138 5412 4640 2188 140 100 5775 3363 7591 1456 3706 3796 3717 102
101 138 5412 4640 2188 140 100 7941 7032 3384 7591 1456 3706 3796 3717 102
101 138 5412 5401 140 8135 110 5700 5709 3779 102
101 138 5412 5401 140 8135 110 5155 5878 5709 3779 102
101 138 5412 5401 140 676 5864 6631 1920 5868 5843 746 102
101 138 5412 5401 140 2207 7797 2397 5546 5709 4495 102
101 138 5412 5401 140 4281 745 118 924 719 745 102
101 138 5412 5401 140 2341 1046 1213 4281 745 102
101 138 5412 5401 140 4635 5101 118 5709 3346 4934 4944 142 5692 7676 3253 5101 102
101 138 5412 5401 140 4635 5101 118 5709 3346 4934 4944 142 4397 4403 100 5101 102
101 138 5412 5401 140 1962 7608 1830 3362 2207 7797 3331 785 102
101 138 5412 5401 140 1962 7608 1830 3362 1909 2014 1929 5198 1394 3362 102
101 138 5412 5401 140 1962 7608 1830 3362 4167 4189 5198 1394 3362 102
101 138 5412 5401 140 1962 7608 1830 3362 5946 7921 1909 2014 1929 3362 102
101 138 5412 5401 140 1962 7608 4486 130 5998 7676 5546 5709 4495 102
101 138 5412 5401 140 1962 7608 4486 130 5998 5920 5886 5546 5709 4495 102
101 138 5412 5401 140 1962 7608 4486 130 5998 7921 6989 5546 5709 4495 102
101 138 5412 5401 140 1962 7608 4486 3779 4255 5709 4495 102
101 138 5412 5401 140 1962 7608 4486 7676 5546 5709 4495 102
101 138 5412 5401 140 1962 7608 4486 3492 7937 6793 5546 5709 4495 102
101 138 5412 5401 140 1962 7608 4486 5920 5886 5546 5709 4495 102
101 138 5412 5401 140 4636 7676 5981 3362 102
101 138 5412 5401 140 856 5131 6486 1959 102
101 138 5412 5401 140 6486 1959 102
101 138 5412 5401 140 5709 3346 4934 4944 142 5524 5715 5101 102
101 138 5412 5401 140 5401 1456 5133 5101 102
101 138 5412 5401 140 1333 1456 1830 3362 118 5198 1394 1063 3362 102
101 138 5412 5401 140 5155 5489 7777 3631 5471 7597 7676 4891 4665 102
101 138 5412 5401 140 5155 6500 5489 7777 102
101 138 5412 5401 140 5155 6500 5489 7777 118 3862 5726 5698 7937 102
101 138 5412 5401 140 7770 7048 4245 7621 4281 745 118 924 719 745 102
101 138 5412 5401 140 4494 2552 5770 5803 102
101 138 5412 5401 140 7930 5715 4281 745 118 924 719 745 102
101 138 5412 5401 140 4192 1217 5131 1039 3706 6486 1959 102
101 138 5412 5401 140 4192 1217 5131 1039 3706 7946 6486 1959 102
101 138 5412 5401 140 7946 6486 1959 102
101 138 5412 5401 140 5412 5401 8135 110 5155 5698 7937 7676 3779 102
101 138 5412 5401 140 7000 3449 3966 102
101 138 5412 5401 140 1684 1583 4660 4495 5826 3362 1120 118 4635 5868 5843 102
101 138 5412 5401 140 1684 1583 4660 4495 5826 3362 1120 118 1333 1456 102
101 138 5412 5401 140 1684 1583 4660 4495 5826 3362 1120 118 5770 5803 745 7000 102
101 138 5412 5401 140 1684 1583 4660 4495 5826 3362 1120 118 5868 5843 102
101 138 5412 5401 140 1684 1583 4660 4495 5826 3362 1120 118 5981 3362 102
101 138 5412 5401 140 5133 5101 1959 102
101 138 5412 5401 140 2188 1395 5155 3362 3723 118 3394 3581 5198 1394 102
101 138 5412 5401 140 2188 1395 5155 3362 3723 118 5868 5843 5198 1394 102
101 138 5412 5401 140 2188 1395 5155 3362 3723 118 5981 3362 102
101 138 5412 5401 140 2188 1395 5922 3362 3723 118 5868 5843 5803 3362 102
101 138 5412 5401 140 2188 1395 5922 3362 3723 118 5981 3362 3394 3581 102
101 138 5469 3764 7944 3821 140 5469 3764 7944 3821 1921 4197 3706 3796 4846 3787 3717 102
101 138 5469 924 5397 140 7854 1133 6989 4891 4665 102
101 138 5469 924 5397 140 7854 3459 6989 4891 4665 102
101 138 5469 924 5397 140 5913 6632 5803 6989 4891 4665 102
101 138 5469 5401 1914 140 5868 5843 746 102
101 138 5857 710 140 924 719 745 102
101 138 5857 3641 4277 140 1920 2155 1063 1599 1830 3362 4891 4665 102
101 138 5857 3641 4277 140 1920 2155 1063 1599 5198 1394 1830 3362 4891 4665 102
101 138 5857 3641 4277 140 784 7093 1830 3362 785 102
101 138 5857 3641 4277 140 1395 4872 6816 3217 1830 3362 4891 4665 102
101 138 5857 3641 4277 140 843 4265 1959 5763 7591 1456 5587 3362 102
101 138 5857 3641 4277 140 3331 785 2207 7797 102
101 138 5857 3641 4277 140 3331 785 3362 102
101 138 5857 3641 4277 140 3680 3189 1830 3362 102
101 138 5857 3641 4277 140 3398 5101 3362 3862 5726 3331 785 2207 7797 102
101 138 5857 3641 4277 140 4397 1456 7427 3362 102
101 138 5857 3641 4277 140 4397 4403 7274 2552 3362 102
101 138 5857 3641 4277 140 4397 5546 1830 3362 785 102
101 138 5857 3641 4277 140 4397 7638 5198 1394 4891 4665 102
101 138 5857 3641 4277 140 4659 3217 5198 1394 1830 3362 4891 4665 102
101 138 5857 3641 4277 140 7676 6989 5587 3362 102
101 138 5857 3641 4277 140 1333 1456 4397 4403 7274 2552 3362 102
101 138 5857 3641 4277 140 1333 1456 7274 2552 3362 102
101 138 5857 3641 4277 140 3862 5726 3331 785 2207 7797 102
101 138 5857 3641 4277 140 4294 6908 4491 3412 102
101 138 5857 3641 4277 140 4294 6908 4491 3412 4891 4665 102
101 138 5857 3641 4277 140 6629 1385 746 6991 1830 3362 3351 7463 7591 1456 102
101 138 5857 3641 4277 140 6629 1385 746 6991 1830 3362 5401 2466 4240 4171 7591 1456 102
101 138 5857 3641 4277 140 6629 1385 746 6991 1830 3362 3492 7921 7591 1456 102
101 138 5857 3641 4277 140 1830 3362 7608 2697 4891 4665 102
101 138 5857 3641 4277 140 1830 3362 3229 1174 5198 1394 1830 3362 4891 4665 102
101 138 5857 3641 4277 140 1830 3362 4891 4665 102
101 138 5857 3641 4277 140 5803 3362 5198 1394 1830 3362 4891 4665 102
101 138 5857 3641 4277 140 2168 6523 3300 7626 1830 3362 4891 4665 102
101 138 5857 3641 4277 140 3492 7921 7591 1456 5198 1394 1830 3362 102
101 138 5857 3641 4277 140 4192 6310 1456 3331 785 3362 5380 102
101 138 5857 3641 4277 140 4192 6310 1456 4397 4403 7274 2552 3362 102
101 138 5857 3641 4277 140 4192 6310 1456 1909 2014 1929 3362 102
101 138 5857 3641 4277 140 4192 6310 1456 3417 3425 102
101 138 5857 3641 4277 140 4192 6310 1456 4167 4189 3331 785 3362 102
101 138 5857 3641 4277 140 4192 6310 1456 4167 4189 5198 1394 3362 102
101 138 5857 3641 4277 140 4192 6310 1456 1830 3362 102
101 138 5857 3641 4277 140 4192 6310 1456 1830 3362 4891 4665 102
101 138 5857 3641 4277 140 4192 6310 1456 7274 2552 3362 102
101 138 5857 3641 4277 140 4192 6310 1456 5587 3362 102
101 138 5857 3641 4277 140 4192 6310 1456 5587 3362 1909 2014 1929 6486 102
101 138 5857 3641 4277 140 4192 6310 1456 5198 1394 3362 102
101 138 5857 3641 4277 140 4192 6310 1456 7621 4495 5198 1394 1830 3362 102
101 138 5857 3641 4277 140 3502 5131 5587 3362 102
101 138 5857 3641 4277 140 3513 7638 1063 1599 1059 5162 1830 3362 4891 4665 102
101 138 5857 3641 4277 140 5198 1394 5101 3362 4891 4665 118 5886 7676 7946 5529 3492 7591 1456 102
101 138 5857 3641 4277 140 5198 1394 1830 3362 746 1032 3419 7591 1456 102
101 138 5857 3641 4277 140 5886 1456 4397 4403 7274 2552 3362 102
101 138 5857 3641 4277 140 5886 1456 7274 2552 3362 102
101 138 5857 3641 4277 140 5886 1456 7799 7797 7591 1456 5709 4495 6486 1830 3362 5198 1394 3362 102
101 138 5857 3641 4277 140 6057 3723 5587 3362 102
101 138 5857 3641 4277 140 5913 6632 5803 3417 3425 102
101 138 5857 3641 4277 140 5920 4240 6793 2207 7797 5709 4495 102
101 138 5857 3641 4277 140 4083 6629 1385 1830 3362 102
101 138 5857 3641 4277 140 3604 4478 5922 5831 1830 3362 102
101 138 5857 3641 4277 140 5946 5546 1830 3362 118 6629 1385 7591 1456 111 3492 7921 7591 1456 102
101 138 5857 3641 4277 140 5946 7921 3331 785 3362 102
101 138 5857 3641 4277 140 5946 7921 4167 4189 3417 3425 102
101 138 5857 3641 4277 140 7427 5698 5587 3362 102
101 138 5857 3641 4277 140 7643 5684 5198 1394 1830 3362 4891 4665 102
101 138 5857 3641 4277 140 7921 722 5709 5198 1394 3362 102
101 138 5857 3641 4277 140 7921 1456 7799 7797 7591 1456 5709 4495 6486 1830 3362 5198 1394 3362 102
101 138 5868 1751 5439 782 4277 140 3763 672 7797 5380 7531 102
101 138 5868 5843 4374 140 4506 673 4454 1305 4374 5125 5836 7614 102
101 138 5868 5843 4374 140 2434 3249 5763 7427 5270 7614 118 5868 3384 6057 7676 7591 1456 102
101 138 5868 5843 4374 140 7470 5698 4374 5125 5836 7614 102
101 138 6296 3805 140 5923 6486 6489 102
101 138 6803 5155 6965 140 5148 3474 3375 3337 4017 7430 5125 102
101 138 6803 3298 4277 140 8135 110 1378 4124 4496 142 4496 7077 2252 3644 6803 4496 1501 7946 6486 1959 117 7941 6486 1959 102
101 138 7051 3312 3532 1045 1828 140 7051 3312 3532 1045 1828 3331 785 2207 7797 746 102
101 138 7051 3312 3532 1045 1828 140 7051 3312 3532 1045 1828 745 7000 5826 1032 3419 6727 5131 5770 5803 1456 102
101 138 7440 4868 140 6837 872 7946 7440 4868 2552 1240 5770 5803 2341 1046 1213 7591 1456 7619 746 102
101 138 7440 4868 140 6837 872 7946 7440 4868 2341 1046 1213 7591 1456 7619 746 1146 775 1259 102
101 138 7440 4868 140 6837 872 7946 7440 4868 3527 3362 3331 785 2341 1046 1213 7591 1456 7619 746 1146 775 1259 102
101 138 2180 6250 140 6486 6489 7676 7797 102
101 138 2180 6250 140 1192 4649 5546 6793 3492 102
101 138 2180 6250 140 5546 5987 5914 6793 3492 102
101 138 2180 6250 140 7937 6793 7000 5831 7102 102
101 138 2180 6250 140 7937 6793 7102 102
101 138 4220 1139 3760 3800 2692 140 2670 7795 6486 2397 102
101 138 4454 823 2025 140 3300 3582 8135 110 4294 5159 3576 3611 3779 102
101 138 4454 823 2025 140 1713 6908 4294 5159 5018 671 6887 1107 1886 3576 3611 3779 102
101 138 4488 1501 3779 7083 140 1107 1886 7804 3529 3779 118 7941 7032 765 7937 785 3779 7946 4486 102
101 138 4488 2896 1828 140 8135 110 3395 4240 5155 7946 5131 102
101 138 4488 2896 1828 140 5155 2797 2339 7930 5715 5131 102
101 138 4488 2896 1828 140 5155 5122 7921 7676 5709 4495 102
101 138 4488 2896 1828 140 4031 3175 867 2797 4056 3706 3379 102
101 138 4488 2896 1828 140 4083 1331 5886 7676 5709 4495 102
101 138 4886 843 140 7676 5770 1456 1476 1565 5131 102
101 138 4886 843 140 4294 4083 1476 1565 5131 102
101 138 4886 843 140 7946 5131 6282 3449 102
101 138 4886 843 140 7102 2349 5546 7619 113 7676 6793 1366 1456 114 102
101 138 4886 843 140 7102 2349 5546 7619 113 4240 4171 1366 1456 114 102
101 138 4886 2566 2099 5998 140 7937 6793 7861 6117 4360 775 7102 102
101 138 4886 3351 140 2405 5546 3454 4478 102
101 138 4886 3351 140 4373 7463 7676 5026 102
101 138 4886 3351 140 1192 4649 6793 3492 102
101 138 4886 1904 140 8135 110 5155 5700 5709 3779 102
101 138 4886 1904 140 8135 110 5155 5878 5709 3779 102
101 138 4886 1904 140 8135 110 5155 5698 7937 3779 102
101 138 4886 1904 140 8135 110 5155 5700 5709 3779 102
101 138 4886 1904 140 1920 6486 3763 2861 3779 102
101 138 4886 1904 140 679 7616 1469 1920 6486 3763 2861 3779 102
101 138 4886 1904 140 4371 5101 3779 102
101 138 4886 1904 140 1962 1456 7676 3779 102
101 138 4886 1904 140 5709 4495 7591 1456 5125 5836 6310 1394 3779 102
101 138 4886 1904 140 7471 3362 1914 6985 5125 5836 6310 1394 3779 102
101 138 4886 1904 140 5529 7937 3779 102
101 138 4886 1904 140 7676 3779 102
101 138 4886 1904 140 1333 1993 4934 7946 7093 1759 7430 4017 7430 5125 102
101 138 4886 1904 140 4886 1904 3779 4891 4665 102
101 138 4886 1904 843 140 7808 7797 4275 102
101 138 4886 3556 140 8135 110 4495 745 924 719 745 118 1059 5544 102
101 138 4886 3556 140 671 4528 7804 924 719 745 102
101 138 4886 3556 140 1059 5544 4281 745 8135 110 4495 745 102
101 138 4886 3556 140 1962 4697 7770 7048 4245 7621 4281 745 102
101 138 4886 3556 140 3209 778 2188 6509 7032 4672 5709 5842 1357 5125 5836 4245 7621 4281 745 102
101 138 4886 3556 140 7032 4672 5709 924 719 745 102
101 138 4886 3556 140 924 719 745 118 2341 1046 1213 4281 745 102
101 138 4886 3556 140 924 719 745 118 7676 5933 4281 745 102
101 138 4886 3556 140 924 719 745 118 7770 7048 856 5544 4281 745 102
101 138 4886 3556 140 924 719 745 118 1830 3362 4281 745 102
101 138 4886 3556 140 924 719 745 118 7427 7930 4281 745 102
101 138 4886 3556 140 924 719 745 118 5981 3362 4281 745 102
101 138 4886 3556 140 7676 5933 4281 745 102
101 138 4886 3556 140 1830 3362 4281 745 102
101 138 4886 3556 140 6631 5543 6028 4635 4245 7621 4281 745 118 1959 5763 1366 1456 102
101 138 4886 3556 140 7048 1914 1914 7770 7048 4281 745 102
101 138 4886 3556 140 4886 3556 7770 7048 856 5544 4281 745 102
101 138 4886 3556 140 7427 7930 4281 745 102
101 138 4886 4944 3556 140 1959 3779 5148 6486 1259 102
101 138 4886 4944 3556 140 1959 6989 6629 1894 1259 102
101 138 4886 4944 3556 140 2341 7608 119 4192 3924 1217 2506 6004 7934 4546 4609 102
101 138 4886 4944 3556 140 775 1649 119 7676 7003 3331 785 5763 102
101 138 4886 4944 3556 140 7770 7927 5831 5823 5823 1259 102
101 138 4886 4944 3556 140 7770 7927 5831 7804 5489 7429 5138 3717 7618 102
101 138 4886 4944 3556 140 7946 7930 7429 5138 7635 7531 102
101 138 4886 4944 3556 140 5922 7676 7437 5187 1259 102
101 138 4886 4944 3556 140 4255 4043 7676 5692 1259 102
101 138 5199 2342 782 140 782 4397 4403 4373 5101 7016 102
101 138 5199 2342 782 140 1921 4197 4294 4494 4373 5101 5108 102
101 138 5199 2342 782 140 1921 4197 4192 7921 4373 5101 5108 102
101 138 5199 2342 782 140 4495 3582 4192 7921 4373 5101 5108 120 3211 7274 5380 102
101 138 5199 2342 782 140 7032 4373 7427 5682 4373 5101 5108 102
101 138 5199 2342 782 140 4397 4403 4373 5101 5108 102
101 138 5199 2342 782 140 5546 4494 4373 5101 5108 102
101 138 5199 2342 782 140 3926 4659 100 4373 5101 5108 102
101 138 5204 1920 1213 140 1217 7921 3763 1894 102
101 138 5204 1920 1213 140 4635 5868 5843 7591 1456 3706 3717 102
101 138 5204 1920 1213 140 5981 3362 7591 1456 3749 3717 102
101 138 5204 800 7463 140 5263 3362 1920 5981 3362 5979 2802 102
101 138 5204 800 7463 100 140 1920 5981 3362 5979 2802 102
101 138 5204 800 7463 100 140 3749 3717 102
101 138 5204 800 7463 100 140 3862 7921 3763 1894 102
101 138 5204 5412 140 8135 110 4294 5159 1159 3529 3576 3611 3779 102
101 138 5204 5412 140 8135 110 7531 5023 3576 3611 7032 7148 3576 3611 3779 102
101 138 5204 5412 140 100 5700 5709 679 7616 1469 6310 1394 3779 102
101 138 5204 5412 140 679 7616 1469 1403 3189 5878 5709 6310 1469 3779 102
101 138 5204 5412 140 679 7616 1469 1107 1886 6310 1469 3779 102
101 138 5204 5412 140 4371 5101 3779 102
101 138 5204 5412 140 845 1921 678 7102 4289 7676 3779 102
101 138 5204 5412 140 845 1921 678 7597 7676 5886 3779 102
101 138 5204 5412 140 1107 1886 7427 3362 6310 1394 3779 102
101 138 5204 5412 140 3779 722 7148 9274 7148 4767 5159 6310 1394 3779 102
101 138 5204 5412 140 4294 5159 1159 3529 3576 3611 3779 102
101 138 5204 5412 140 5155 5700 5709 3779 102
101 138 5204 5412 140 1830 3362 5125 5836 6310 1394 3779 102
101 138 5204 5412 140 2539 5612 7608 1828 118 1192 4649 6793 3492 102
101 138 5204 5412 140 7515 5159 4371 5101 3779 102
101 138 5204 5412 140 1606 1039 1914 1914 1107 1886 7676 3779 102
101 138 5204 5412 140 7531 5023 8135 110 5155 3779 118 856 3984 6900 4500 102
101 138 5204 5412 140 7531 5023 8135 110 5155 3779 118 7770 3984 6900 4500 102
101 138 5204 5412 140 7531 5023 100 5700 5709 679 7616 1469 6310 1469 3779 102
101 138 5204 5412 140 7531 5023 1107 1886 7427 3362 6310 1394 3779 102
101 138 5204 5412 140 7531 5023 1060 4500 6310 1394 3779 118 7770 856 3984 6900 4500 102
101 138 5204 5412 140 7531 5023 3833 1213 5543 7030 6310 1394 3779 102
101 138 5204 5412 140 7531 5023 1830 3362 5125 5836 6310 1394 3779 102
101 138 5428 3362 2094 140 1921 1921 100 5198 1394 1830 3362 102
101 138 5428 3362 2094 140 1333 1456 6486 102
101 138 5428 3362 2094 140 6631 1920 5868 5843 746 102
101 138 5428 3362 2094 140 7016 4240 6486 102
101 138 5471 140 1266 3862 6887 3204 2357 4228 7770 3966 102
101 138 5471 140 5471 118 1266 3862 6887 5886 7676 6495 7755 7102 4125 7102 3966 2419 102
101 138 5471 140 5471 118 1266 3862 6887 5973 5612 3996 7621 7102 4125 7102 3966 2419 102
101 138 5637 3200 140 3862 5726 5546 4275 102
101 138 5637 7921 140 3862 3817 4495 2768 3717 102
101 138 5637 7921 140 3862 3817 7920 2595 7431 2094 3717 102
101 138 5637 4124 6858 1164 140 1546 2188 7854 3459 1192 4649 6793 3492 118 4390 4461 5380 102
101 138 5886 671 678 140 4294 6182 5886 7676 6114 6486 102
101 138 6498 7804 4281 5489 140 2797 2339 5401 1751 6631 1331 8135 110 5155 4281 4031 1836 2961 102
101 138 6498 7804 4281 5489 140 1298 5401 1921 4197 5770 7615 2075 5504 4281 2961 102
101 138 6498 7804 4281 5489 140 1298 5401 1331 1147 5770 1333 722 2552 1059 1921 4197 5490 4706 4281 2961 102
101 138 6498 7804 4281 5489 140 1298 5401 5770 1333 722 2552 1921 4197 4281 5490 3454 1147 3667 102
101 138 6498 7804 4281 5489 140 1298 5401 5770 1333 722 2552 1059 1921 4197 5490 4706 4281 2961 102
101 138 6498 7804 4281 5489 140 1298 5401 5770 1333 722 2552 4225 2768 5838 1213 1331 1147 102
101 138 6498 7804 4281 5489 140 1298 5401 5770 1333 4225 2768 2075 5504 5489 4275 102
101 138 6498 7804 4281 5489 140 1298 5401 5770 7615 722 3215 1059 1921 4197 4281 5588 1147 1846 102
101 138 6498 7804 4281 5489 140 5401 1751 100 2128 3419 3172 5490 4706 4281 2961 102
101 138 6498 7804 4281 5489 140 5401 1751 2128 3419 3172 100 7515 5159 7458 7360 3763 3306 7757 2094 102
101 138 6498 7804 4281 5489 140 5401 1751 2128 3419 3172 2380 7755 4281 2207 2961 102
101 138 6498 7804 4281 5489 140 5401 1751 2128 3419 3172 7434 5709 4192 7755 4281 2207 2961 102
101 138 6498 7804 4281 5489 140 5401 1751 2128 3419 3172 7434 5709 2075 5504 4281 2961 1331 1147 102
101 138 6498 7804 4281 5489 140 5401 1751 2128 3419 3172 7434 5709 2075 5504 4281 2961 5946 1147 102
101 138 6498 7804 4281 5489 140 5401 1751 2128 3419 3172 1125 5544 4281 758 5709 4281 2961 102
101 138 6498 7804 4281 5489 140 5401 1751 2128 3419 3172 7458 7360 5437 3352 4281 2961 102
101 138 6498 7804 4281 5489 140 5401 1751 4294 6908 3352 5588 4281 5489 4275 102
101 138 6498 7804 4281 5489 140 5401 1751 4944 7615 5125 934 677 5504 4281 5490 1147 3667 102
101 138 6498 7804 4281 5489 140 5401 1751 1125 5544 1331 1147 7434 5709 4281 5489 4275 102
101 138 6498 7804 4281 5489 140 5401 1751 7458 7360 5437 3352 4281 5489 4275 102
101 138 6498 7804 4281 5489 140 5153 6205 5984 5439 7642 4281 5649 1147 4275 102
101 138 6498 7804 4281 5489 140 7515 5159 7458 7360 3763 3306 4281 2961 102
101 138 6622 5881 100 140 8300 110 7946 2341 1046 1213 102
101 138 6622 5881 100 140 6622 5881 8273 110 7946 2341 1046 1213 102
101 138 6793 3492 1356 1356 140 7804 5546 1192 4649 6793 3492 118 4390 4461 4486 102
101 138 6895 3817 4277 140 676 3209 3780 7802 7797 102
101 138 6895 3817 4277 140 3717 4215 7802 7797 5380 102
101 138 6895 3817 4277 140 4373 5101 7802 7797 676 3209 3780 102
101 138 6895 3817 4277 140 6486 6489 4240 7816 102
101 138 6895 3817 4277 140 5148 4240 7816 102
101 138 6895 3817 4277 140 7676 6793 4240 7816 102
101 138 6895 3817 4277 140 1649 5412 7430 5489 7613 3160 102
101 138 6895 3817 4277 140 4823 4240 7802 7797 102
101 138 6895 3817 4277 140 7802 7797 4275 102
101 138 6895 3817 4277 140 7802 7797 2851 7016 102
101 138 6999 3496 2328 140 3496 2094 936 3556 6956 8135 110 3496 2094 3717 102
101 138 1874 7800 4277 140 3556 1377 2590 4908 7798 7800 118 671 5663 5901 102
101 138 2446 7804 7608 807 140 3496 2094 4237 1759 7430 3966 102
101 138 2451 2335 140 3862 5726 102
101 138 2451 2335 140 7502 1751 2451 2335 3862 5726 6989 102
101 138 2451 2335 140 7502 1751 2451 2335 4192 6310 1456 3862 5726 102
101 138 2451 2335 140 7921 4171 3862 5726 102
101 138 2451 1395 140 7770 5159 1959 5125 102
101 138 2451 6888 7676 140 3862 5726 7797 7777 102
101 138 2451 6888 7676 140 5155 5489 7777 102
101 138 2451 6888 7676 140 5162 7608 7676 7777 118 3862 5726 5698 7937 102
101 138 2451 6888 7676 140 7797 7777 102
101 138 2451 6888 7676 140 6793 5148 4240 4281 5489 102
101 138 2451 6888 7676 140 6500 5489 6989 102
101 138 2451 4089 1828 140 6044 6057 5148 3474 102
101 138 2451 4089 1828 140 4031 3175 6114 6486 6989 102
101 138 2451 4089 1828 140 2451 4089 1828 6486 2397 672 676 6235 1259 102
101 138 2451 4089 1828 140 4255 5101 5709 102
101 138 2548 1221 140 7676 3492 3796 5026 102
101 138 2548 1221 140 7941 7032 3796 5831 102
101 138 2548 3208 140 758 7676 2207 672 6486 746 102
101 138 2548 3208 140 3763 5763 6486 746 102
101 138 2548 3208 140 6486 746 118 3763 5763 102
101 138 2548 3208 140 6486 746 118 5162 7608 7676 5823 102
101 138 2548 3208 140 6486 746 118 7946 5529 3492 102
101 138 2548 3208 140 6486 746 118 4018 5489 102
101 138 2548 3208 140 4151 4240 6235 6486 746 102
101 138 2548 3208 140 5148 3560 758 7676 6486 746 102
101 138 2548 3208 140 5148 4240 4281 5489 102
101 138 2548 3208 140 7937 6793 758 7676 6486 746 102
101 138 2548 3208 140 7937 6793 5148 3560 6486 746 118 5155 5162 102
101 138 2548 3208 140 4018 7676 6486 746 102
101 138 2548 3208 140 4018 3454 6486 746 118 4281 5489 102
101 138 2548 3208 140 5886 5187 6486 746 102
101 138 2548 5696 140 7676 4083 7946 2341 1046 1213 102
101 138 2548 5696 140 5187 3998 4281 1959 2341 1046 1213 102
101 138 2548 5696 140 6738 2341 5546 2552 2341 1046 1213 102
101 138 2548 6250 140 3449 2094 6486 5576 745 102
101 138 2548 6250 140 4494 6983 6486 5576 745 102
101 138 2548 1751 100 140 4635 1377 1377 6182 1501 102
101 138 2548 1751 100 140 3496 2094 5131 102
101 138 2548 1751 100 140 2548 1751 100 2357 3306 2225 7591 1456 1377 1377 6182 1501 102
101 138 2548 5799 5187 140 3362 7016 1933 2552 6727 7619 746 118 5770 5803 1456 102
101 138 2548 5799 5187 140 3362 7016 1933 2552 6727 7619 746 118 4192 5709 3362 1456 102
101 138 2548 5800 140 3926 3779 7937 6793 4125 7102 2419 3160 102
101 138 2548 5800 140 4528 5746 4125 7102 2419 3160 102
101 138 2548 5800 140 2548 5800 7471 671 5682 7804 3492 4125 7102 2419 3160 102
101 138 2548 7927 5801 140 4294 5159 1159 3529 3576 3611 3779 102
101 138 2723 2213 1266 6887 140 7502 2466 3796 5831 102
101 138 2723 2213 1266 6887 140 7502 2466 5178 7531 5831 102
101 138 3556 1377 2590 140 3255 1164 7800 5380 7531 102
101 138 3556 4897 2238 140 3556 4897 2238 166 1378 1298 3253 5739 6983 2421 2335 7937 7861 6117 102
101 138 3556 5101 4944 1842 140 3189 3315 1266 3862 6887 4496 673 3215 5101 102
101 138 3556 5101 4944 1842 140 3189 3315 3173 4054 4496 6632 1045 5101 102
101 138 3556 5101 4944 1842 140 1378 3346 3737 677 4496 3759 3299 3215 4958 102
101 138 3556 5101 4944 1842 140 1378 3346 3737 677 4496 6632 1045 5101 102
101 138 3556 5101 4944 1842 140 1378 3346 3737 677 4496 3173 3299 6494 2010 102
101 138 3556 5101 4944 1842 140 1378 3346 5238 7302 2255 7120 6803 3298 7302 2255 7676 5101 102
101 138 3556 5101 4944 1842 140 1378 3346 7302 2255 1962 5101 102
101 138 3556 5101 4944 1842 140 1378 3346 7302 2255 7676 5101 102
101 138 3556 5101 4944 1842 140 1378 3346 7302 2255 4496 7032 6542 2539 4500 5101 102
101 138 3556 5101 4944 1842 140 1378 3346 7302 2255 4496 3513 1378 4124 6632 1045 5101 102
101 138 3556 5101 4944 1842 140 1378 3346 7302 2255 7065 7613 6182 5101 102
101 138 3556 5101 4944 1842 140 1378 3346 7302 2255 7120 6803 3298 4940 7676 7804 5101 102
101 138 3556 5101 4944 1842 140 3300 3582 1378 4124 6632 1045 5101 102
101 138 3556 5101 4944 1842 140 3737 677 4496 3300 3582 3759 3299 3215 4958 4635 5101 102
101 138 3556 5101 4944 1842 140 3737 677 4496 3300 3582 3759 3299 3215 4958 5133 5101 102
101 138 3556 5101 4944 1842 140 3737 677 1902 5023 7676 5101 671 5023 5101 102
101 138 3556 5101 4944 1842 140 1159 7434 5401 2010 4281 1959 5133 5101 102
101 138 3556 5101 4944 1842 140 5709 5909 2168 7027 1943 868 4495 2706 5101 102
101 138 3556 5101 4944 1842 140 5709 5909 2168 7027 4245 7621 6727 100 5133 5101 102
101 138 3556 5101 4944 1842 140 4294 1162 3420 1824 6632 1045 5101 102
101 138 3556 5101 4944 1842 140 5637 3346 3737 677 671 5023 4294 6542 5101 102
101 138 3556 5101 4944 1842 140 7302 2255 4496 4476 3299 722 1045 102
101 138 3556 752 140 1920 3797 3857 776 6963 3513 677 3862 5726 1366 1456 3817 5692 4275 102
101 138 3556 752 140 3797 3556 6793 3796 5831 6500 758 5709 1366 1456 3817 5692 4275 102
101 138 3556 752 140 3556 6865 6865 6057 3723 7676 4171 5490 2961 1366 1456 3817 5692 4275 102
101 138 3556 3833 4495 2825 140 7676 3599 5764 5543 7030 6028 102
101 138 3556 7414 3556 140 3556 7414 3556 166 1282 1456 6223 1456 1680 1476 1524 4281 1959 7102 4125 7102 3966 2419 102
101 138 3556 7414 3556 140 3556 7414 3556 166 1282 1456 6223 7921 7933 7676 7003 7430 4635 3966 7102 4125 7102 3966 2419 102
101 138 3627 1164 5836 140 5412 1920 1164 8300 110 7946 2341 1046 1213 102
101 138 3627 1073 4495 3582 140 7434 5909 4237 7065 5455 102
101 138 3627 1073 4495 3582 140 7621 4495 7946 3312 5455 102
101 138 3627 3828 969 3309 140 5164 1305 1914 5198 1394 2341 1046 1213 102
101 138 3627 3828 969 3309 140 5844 1305 1059 3607 3425 3817 6983 4294 7946 2341 1046 1213 102
101 138 3627 3828 969 3309 140 5198 1394 2341 1046 1213 6028 102
101 138 3627 5152 687 140 1921 4197 3146 7538 3607 3425 746 102
101 138 3627 5152 687 140 1921 4197 5965 5803 746 102
101 138 3627 5152 687 140 1377 1377 5587 3362 102
101 138 3627 5152 687 140 5489 3424 5529 3425 102
101 138 3627 5152 687 140 5401 1751 1921 4197 5198 1394 5803 3362 746 102
101 138 3627 5152 687 140 5401 1751 1217 2336 4125 4195 1921 4197 5868 5843 746 102
101 138 3627 5152 687 140 5155 1921 4197 1343 5104 7946 3474 746 102
101 138 3627 1649 140 5480 782 3621 3576 3611 3779 102
101 138 3627 6914 4886 140 3791 2466 7934 1259 7619 746 118 7471 7382 6793 3492 5401 718 3996 102
101 138 3627 6914 4886 140 3791 2466 7934 1259 7619 746 118 7676 5886 1959 3779 1366 1456 102
101 138 3627 6914 4886 140 3627 6914 4886 8130 5198 1394 2947 2552 4944 4289 3472 102
101 138 3627 6914 4886 140 3627 6914 4886 8130 5198 1394 2947 2552 4944 4289 3472 118 7946 5698 7937 1366 1456 102
101 138 3627 6914 4886 140 3627 6914 4886 7502 1751 4167 4171 7797 6989 118 5700 3314 1366 1456 102
101 138 3627 6914 4886 140 3627 6914 4886 7502 1751 4167 4171 7797 6989 118 3862 5726 5698 7937 1366 1456 102
101 138 3627 6914 4886 140 3627 6914 4886 7502 1751 4167 4171 7797 6989 118 5195 1073 1333 1456 102
101 138 4071 3764 1367 3977 140 2797 2339 5632 4197 6803 3791 7621 4495 5695 3362 746 102
101 138 4071 3764 1367 3977 140 2797 2339 5632 4197 6803 3791 7621 4495 4397 4403 5706 3556 746 102
101 138 4071 3764 1367 3977 140 2797 2339 5632 4197 6803 3791 7621 4495 5148 2552 5706 3556 746 102
101 138 4071 3764 1367 3977 140 2797 2339 5632 4197 6803 3791 7621 4495 4192 5709 3362 746 102
101 138 4071 3959 3209 5646 140 5709 3363 4043 102
101 138 4071 3959 3209 5646 140 5709 3363 6076 4043 102
101 138 4229 3857 2294 140 1333 1456 120 1476 1524 745 6991 5187 1959 5162 102
101 138 6127 7983 140 7591 1391 3862 2380 118 7676 6793 1456 102
101 138 6971 2374 987 1216 1923 5831 140 4229 4143 1416 118 2152 924 7430 672 102
101 138 6971 2374 987 1216 1923 5831 140 4229 4143 1416 118 3449 3723 5131 7005 5489 102
101 138 6971 2374 987 1216 1923 5831 140 4229 4143 1416 118 7937 6793 4281 7427 2188 102
101 138 6971 2374 987 1216 1923 5831 140 4229 4143 1416 118 7946 3492 4281 5489 102
101 138 6971 2374 987 1216 1923 5831 140 4229 4143 1416 118 7854 3459 5131 7005 7797 102
101 138 6971 2374 987 1216 1923 5831 140 6971 2374 987 5709 7425 7430 4125 7102 102
101 138 6971 2374 987 1216 1923 5831 140 6971 2374 987 5923 7854 3459 5709 6035 7430 3966 102
101 138 7621 3556 1914 140 8135 110 5981 3362 3723 102
101 138 7621 3556 1914 140 7804 6486 4043 102
101 138 7944 5709 7368 140 7502 2466 3796 5831 120 4390 4461 4486 102
101 138 7944 5709 7368 140 5979 2802 7619 118 3796 5831 7591 1456 102
101 138 7944 5709 7368 140 5979 2802 7619 118 4240 4528 7930 7591 1456 102
101 138 1696 4454 5984 140 7946 7930 3723 102
101 138 2782 6486 140 3189 2466 1538 6789 2094 7591 1456 5546 7471 6486 102
101 138 2782 6486 140 7919 6028 7941 7591 1456 6114 6486 4275 102
101 138 3572 7515 140 8135 110 4767 3534 5803 5198 1394 3362 3723 102
101 138 3572 7515 140 8135 110 5155 3394 3581 3723 102
101 138 3572 7515 140 8135 110 5155 5981 3362 3723 102
101 138 3572 7515 140 8135 110 6057 3425 5198 1394 3362 3723 102
101 138 3572 7515 140 5981 3362 3706 3796 7614 102
101 138 3572 2754 5439 4270 140 3862 5726 5489 7777 102
101 138 3572 2754 5439 4270 140 5546 5546 6500 102
101 138 3573 6888 140 1590 5131 118 6631 3893 5946 5792 102
101 138 3573 6888 140 1590 5131 118 5946 5792 102
101 138 3573 6888 140 1590 5131 118 3600 3597 102
101 138 3573 6888 140 4801 1590 5131 118 4491 5770 7032 3435 5946 5792 1366 1456 102
101 138 3573 6888 140 4801 1590 5131 118 6631 3893 5946 5792 1366 1456 102
101 138 3573 6888 140 4801 1590 5131 118 3600 3597 5946 5792 1366 1456 102
101 138 3576 3611 6330 2015 140 100 5018 671 6887 1107 1886 4294 5159 5155 3576 3611 3779 102
101 138 3576 3611 6330 2015 140 5018 671 6887 1107 1886 4294 5159 3576 3611 3779 102
101 138 3580 2398 2238 140 3315 752 3580 1501 3862 5726 118 3189 2466 1333 1456 102
101 138 3580 2398 2238 140 1456 802 8214 3338 3862 5726 5195 4089 1259 102
101 138 3580 2398 2238 140 1456 802 1288 1147 3862 5726 118 2242 1920 5946 7921 7016 3779 102
101 138 3580 2398 2238 140 1456 802 3862 5726 6738 2341 1259 118 1305 6858 5143 1154 102
101 138 3580 2398 2238 140 1456 802 3862 5726 4891 4665 102
101 138 3580 2398 2238 140 2272 4240 3862 5726 7030 6516 1259 102
101 138 3580 2398 2238 140 3862 5726 7016 118 2242 1920 7016 3779 1366 1456 4390 4461 5380 102
101 138 3580 2398 2238 140 3862 5726 7016 118 1333 1456 4390 4461 4486 102
101 138 3580 2398 2238 140 4294 3066 4240 3862 5726 102
101 138 3580 2398 2238 140 7502 2466 1288 1147 3862 5726 118 1333 1456 102
101 138 3580 2398 2238 140 7502 2466 3862 5726 102
101 138 4080 3857 140 3749 3717 102
101 138 4242 2255 3209 4403 140 4491 3412 785 102
101 138 4360 2157 100 140 8238 110 7946 2341 1046 1213 102
101 138 5131 1773 140 1298 3474 3417 3425 5130 102
101 138 5612 7608 2157 140 782 5916 5140 5101 7430 102
101 138 5612 7608 2157 140 5001 5096 3607 5709 6076 5101 5130 102
101 138 5612 7608 2157 140 5529 3492 6500 5496 7430 3966 102
101 138 5612 7608 2157 140 7946 5886 7531 4237 7430 3966 102
101 138 5612 7768 2157 140 1936 765 5104 1476 1524 2272 7921 4495 3582 7619 102
101 138 5612 7768 2157 140 5148 3474 3417 3425 102
101 138 5612 7768 2157 140 6629 1385 4240 3862 5726 2272 7921 4495 3582 7619 102
101 138 5612 7768 2157 140 7946 5529 3492 765 7937 5104 2797 868 7619 102
101 138 5646 7930 140 5709 4495 7016 6028 2947 118 6028 5162 102
101 138 5646 7930 140 7946 5698 7937 7016 6028 2947 118 6028 5162 102
101 138 100 5101 140 7770 2255 5155 3449 4275 102
101 138 100 1754 140 3331 785 5133 5101 4242 7930 102
101 138 7008 749 3449 140 3449 2094 7091 102
101 138 7092 2157 140 7029 4495 671 1366 4166 7797 102
101 138 7092 2157 140 7029 4495 4275 4311 4166 7797 2094 4891 4665 102
101 138 7092 2157 140 7029 4495 4166 7797 2094 2990 4665 3621 4891 4665 102
101 138 7093 7459 3559 140 5439 4018 1102 5131 6500 5589 102
101 138 7093 7459 3559 140 5148 100 2397 6509 5101 5130 102
101 138 7093 7459 3559 140 5529 3492 6500 5496 2397 6509 7430 3966 102
101 138 7093 7459 3559 140 5195 1073 3862 7804 5416 102
101 138 7093 7459 3559 140 7799 7797 6090 5489 5886 102
101 138 7401 2692 4215 140 7922 3949 4862 1001 7861 5489 5101 5130 102
101 138 7401 2692 4215 140 4886 3706 7032 4478 3862 7804 5416 102
101 138 7401 5225 140 3862 5726 1830 3362 7676 7777 102
101 138 7401 5225 140 5162 5489 7755 5763 7804 7770 3966 102
101 138 7401 5225 140 3492 7676 4242 7930 1959 3966 2419 102
101 138 7401 5225 140 4347 7531 5823 7676 7777 102
101 138 7401 5225 140 5952 7941 3496 7676 3966 2419 102
101 138 7401 5225 140 7804 5922 3204 2357 7804 7770 3966 102
101 138 7531 5023 942 1830 3362 140 2380 4649 5587 3362 102
101 138 7531 5023 942 5922 3362 140 5198 1394 5922 3362 5546 4275 102
101 138 7983 1366 140 1921 678 2861 7934 102
101 138 7983 1366 140 1921 678 3779 7934 102
101 138 7983 1366 140 1921 678 1904 7934 102
101 138 7983 1366 140 1921 678 2184 7934 102
101 138 7983 1366 140 1921 678 7430 6028 7934 102
101 138 7983 1366 140 1921 678 7934 3454 102
101 138 7983 1366 140 1921 678 7934 5221 102
101 138 7983 1366 140 3300 3582 5106 5187 102
101 138 7983 1366 140 3300 3582 2184 5106 102
101 138 7983 1366 140 2571 4215 5106 5187 102
101 138 7983 1366 140 2571 4215 2184 5106 102
101 138 7983 1366 140 7032 3200 3173 5001 4141 5106 102
101 138 7983 1366 140 3217 7433 1773 1100 5831 5106 5187 102
101 138 7983 1366 140 3217 7433 1773 7000 7937 5106 5187 102
101 138 7983 1366 140 3217 7433 1773 7000 5831 5106 5187 102
101 138 7983 1366 140 5106 5187 118 2571 4215 1798 102
101 138 7983 1366 140 5155 5428 5106 5187 102
101 138 7983 1366 140 5155 5428 2184 5106 102
101 138 7983 1366 140 3996 1456 2341 6888 4083 3966 5106 5187 102
101 138 7983 1366 140 3996 1456 7937 6793 4243 5106 5187 102
101 138 7983 1366 140 5857 7983 4245 7621 2861 7934 102
101 138 7983 1366 140 5857 7983 4245 7621 7934 3454 102
101 138 7983 1366 140 2184 5106 118 2571 4215 1798 102
101 138 7983 2131 140 7676 5546 5026 102
101 138 7983 2131 140 7676 5546 7000 5831 102
101 138 7983 2131 140 7676 5026 102
101 138 7983 2131 140 2075 5952 102
101 138 7983 2131 140 7502 2466 3796 5831 102
101 138 7983 2446 140 5709 3492 5698 7937 2184 5106 102
101 138 7990 4508 5857 140 7990 4508 5857 6486 745 118 5148 5763 7591 1456 102
101 138 1032 7414 7608 140 3215 1922 6947 6631 2184 3454 7619 1920 4670 2342 782 1259 118 7430 3723 1366 1456 102
101 138 1032 7414 7608 140 3215 1922 6947 7953 2552 7934 118 2207 7430 3723 102
101 138 1032 7414 7608 140 3215 1922 6947 7953 2552 7934 118 7430 3723 1333 1456 1146 775 1259 102
101 138 1032 5408 140 4640 2157 5973 5612 7877 1673 6486 102
101 138 1032 5408 140 5195 1073 7921 1456 7877 1673 6486 102
101 138 1032 7804 3764 140 8135 110 5981 3362 5913 6632 5803 5198 1394 3362 3723 102
101 138 1032 7804 3764 140 5913 6632 5803 5198 1394 3362 3723 102
101 138 1252 2868 140 3189 3926 3779 5831 5104 1920 6486 6310 1469 3779 102
101 138 2748 1245 1828 140 676 3344 1849 7676 2863 7934 102
101 138 2748 1245 1828 140 1378 4124 3779 5920 2863 7934 102
101 138 5244 5655 4353 140 1920 4508 5692 7531 709 102
101 138 5244 5655 4353 140 7515 5159 2380 1846 5709 3363 709 102
101 138 5244 5655 4353 140 4255 4043 7430 5597 5489 2947 102
101 138 5474 5101 140 1266 3862 6887 673 3215 5101 120 671 5023 5101 102
101 138 5474 3205 140 1100 4478 5763 4834 102
101 138 5474 3205 140 1378 4124 1943 868 118 1378 1298 676 5998 7471 785 7946 6486 102
101 138 5474 3205 140 1378 4124 1943 868 118 5148 6486 102
101 138 5474 1751 140 5913 6632 5803 746 102
101 138 5475 3209 5988 140 100 7797 3779 116 5198 1394 3717 3362 100 6727 5131 120 3446 6172 102
101 138 5475 3209 5988 140 100 7797 3779 116 5198 1394 3717 3362 100 6727 5131 120 6150 6172 102
101 138 5946 7434 5844 140 5001 4151 3717 102
101 138 6342 6250 140 1001 5186 7861 6542 5489 102
101 138 7502 1456 679 753 140 3862 5726 6989 118 4373 5101 4083 3966 7591 1456 102
101 138 7502 1456 679 753 140 7921 1456 3862 5726 102
101 138 7502 2238 3333 140 7471 3862 5726 118 1333 1456 102
101 138 7502 2238 3333 140 7502 4373 2125 7471 3862 5726 118 3449 2094 1366 1456 102
101 138 7502 1751 100 100 140 2861 7934 2863 7613 102
101 138 7502 1751 100 100 140 2861 7934 2863 7613 118 6793 4281 5489 3966 1456 102
101 138 7502 1751 100 140 2506 6004 3469 5709 5131 102
101 138 7502 1751 3717 1295 140 3797 3857 7797 3352 706 102
101 138 7502 1751 4636 4089 140 7502 1751 4636 4089 5101 7934 5221 102
101 138 7502 1751 2451 2335 140 100 3576 3611 3779 3862 5726 102
101 138 7502 1751 2451 2335 140 2255 5878 3862 5726 102
101 138 7502 1751 2451 2335 140 3796 5831 3862 5726 102
101 138 7502 1751 2451 2335 140 1333 1456 1059 2484 3862 5726 102
101 138 7502 1751 3556 1921 140 5770 5803 1032 3419 7591 1456 4823 7000 7614 102
101 138 7502 1751 3556 1921 140 5868 5843 1032 3419 7591 1456 4823 7000 7614 102
101 138 7502 1751 3556 1921 140 1032 3419 7591 1456 4823 7000 7614 102
101 138 7502 1751 3556 1921 140 7502 1751 3556 1921 4281 1959 1456 7614 3160 102
101 138 7502 1751 3556 1921 140 7502 1751 3556 1921 4373 5101 5546 6235 118 1333 1456 102
101 138 7502 1751 3556 1921 140 7502 1751 3556 1921 4373 5101 5546 6235 118 4171 4373 5101 1456 102
101 138 7502 1751 3556 1921 140 7502 1751 3556 1921 2099 3678 2341 1046 1213 7591 1456 7619 746 102
101 138 7502 1751 3556 1921 140 7502 1751 3556 1921 3331 785 1377 1377 4413 102
101 138 7502 1751 3556 1921 140 7502 1751 3556 1921 5770 5803 1456 7614 3160 102
101 138 7502 1751 3556 1921 140 7502 1751 3556 1921 6629 1385 7591 1456 7619 746 102
101 138 7502 1751 3556 1921 140 7502 1751 3556 1921 5195 1073 3749 3717 102
101 138 7502 1751 3556 1921 140 7502 1751 3556 1921 5922 5831 7591 1456 7619 746 102
101 138 7502 5836 140 100 3717 6057 3425 7591 1456 3706 3796 3717 102
101 138 7502 5836 140 100 7928 7676 5868 5843 7591 1456 3706 3796 3717 102
101 138 7695 5744 140 1775 877 5152 1921 886 7773 7934 102
101 138 7695 5744 140 1775 877 5152 5169 2793 7934 102
101 138 7695 5744 140 1775 877 5152 6858 2552 5412 1920 1164 7934 102
101 138 7695 5744 140 1775 877 5152 5022 5052 5412 1920 1164 7934 102
101 138 7695 5744 140 1775 877 5152 3560 3976 7934 102
101 138 7695 5744 140 1775 877 5152 6090 5187 5412 1920 1164 7934 102
101 138 7695 5744 140 5707 3996 5979 3419 5984 1959 3779 6989 7619 102
101 138 7695 5744 140 5707 3996 5979 3419 5984 4242 7930 7619 102
101 138 7695 5744 140 2548 1751 6803 2157 1343 3417 3496 3474 102
101 138 7695 5744 140 2548 1751 6803 2157 4192 5709 3362 746 102
101 138 7695 5744 140 2548 1751 6803 2157 5198 1394 3362 746 102
101 138 7695 5744 140 2548 1751 6803 2157 5198 1394 1830 3362 102
101 138 7695 5744 140 2548 1751 6803 2157 5913 6632 5803 746 102
101 138 7804 1920 4374 140 7804 3996 6887 118 7032 5920 7866 3779 102
101 138 7804 5489 4374 1751 140 3607 3425 7861 5489 706 102
101 138 7804 745 1773 140 2341 1046 1213 924 719 6310 1456 745 102
101 138 7804 1456 140 1378 4124 3085 798 7934 118 2861 7934 102
101 138 7804 1456 140 1378 4124 3085 798 7934 118 3779 7934 102
101 138 7804 1456 140 1378 4124 3085 798 7934 118 7382 3217 7934 102
101 138 7804 1456 140 7302 2448 7934 118 2207 1143 1181 7934 102
101 138 7804 1456 140 7302 2448 7934 118 2797 2802 2861 7934 102
101 138 7804 1456 140 7302 2448 7934 118 2157 2431 5998 102
101 138 7804 1456 140 7302 2448 7934 118 2157 2382 2184 7934 102
101 138 7804 1189 140 8135 110 5155 3496 2094 3723 102
101 138 7804 1189 140 8135 110 3496 2094 3717 102
101 138 7804 4665 2094 140 7676 5823 7430 3966 102
101 138 7804 5828 6908 140 1351 1587 5449 868 4192 5131 2695 3152 5695 3362 3362 746 102
101 138 7862 3823 140 3862 5726 4373 5101 3472 102
101 138 7862 3823 140 6629 1385 4373 5101 3472 102
101 138 3600 3597 1920 1356 140 1288 745 2176 5131 3600 3597 5608 1718 102
101 138 3600 3597 1920 1356 140 7032 3435 3600 3597 5608 1718 102
101 138 3600 3597 1920 1356 140 3862 7921 3600 3597 5608 1718 102
101 138 3600 3597 1920 1356 140 4166 3449 3600 3597 5608 1718 102
101 138 3600 3597 1920 1356 140 5155 3600 3597 4834 102
101 138 3600 3597 1920 1356 140 6044 6057 3600 3597 5608 1718 102
101 138 3600 3597 1583 140 2544 5010 3600 3597 3600 3597 1333 3723 102
101 138 5965 5650 5709 1754 140 2145 2157 3449 2397 2807 5489 102
101 138 5965 3862 7638 140 2533 4354 4281 5489 7934 1914 1366 1456 818 6908 102
101 138 6493 1213 2168 140 100 2405 1051 2768 7269 1959 5106 122 118 124 3641 102
101 138 6493 1213 2168 140 1059 2157 782 7770 7048 4245 7621 1959 5106 102
101 138 6493 1213 2168 140 7770 1032 6549 5155 4495 745 1959 5106 102
101 138 6493 3532 140 3717 3362 6727 5131 102
101 138 7015 4495 3189 6250 140 3833 1213 7930 6028 4635 7934 102
101 138 7015 4495 3189 6250 140 3862 5101 5823 5823 7866 3779 7016 7016 2863 7934 102
101 138 7016 1921 678 140 7770 5118 6486 5576 745 102
101 138 7427 4673 140 100 2341 1046 1213 3472 102
101 138 7427 4673 140 100 5770 5803 3472 102
101 138 7427 4673 140 4281 1959 6989 3472 102
101 138 7427 4673 140 1377 1377 676 3209 3780 102
101 138 7427 4673 140 2341 1046 1213 6989 3472 102
101 138 7427 4673 140 5692 7531 6989 102
101 138 7427 4673 140 7676 5770 4281 1959 676 3209 3780 102
101 138 7427 4673 140 2539 3360 6725 710 7930 1959 6989 118 1959 6028 5162 102
101 138 7427 4673 140 5166 5397 5984 1377 1377 2014 1265 102
101 138 7427 4673 140 5166 5397 5984 5770 5803 2014 1265 102
101 138 7427 4673 140 5195 1073 4281 1959 676 3209 3780 102
101 138 7427 4673 140 5195 1073 2341 1046 1213 676 3209 3780 102
101 138 7427 4673 140 3534 3548 676 3209 3780 102
101 138 7427 4673 140 3600 3597 676 3209 3780 102
101 138 7427 4673 140 7919 6028 7941 6989 102
101 138 7427 7513 3796 140 3763 5763 7102 4240 3966 7934 102
101 138 7427 7513 3796 140 2424 1814 3085 798 3966 7934 102
101 138 7427 7513 3796 140 7921 1456 6495 7755 3966 7934 102
101 138 7677 1377 100 140 3496 2094 5979 2802 102
101 138 7866 3779 2061 2061 140 5439 5952 7937 3779 2863 1100 5106 118 5155 5162 102
101 138 7866 3779 2061 2061 140 7032 5920 7866 3779 2863 1100 5106 118 1333 1456 102
101 138 5397 3346 7120 6803 3298 140 5397 5869 3300 3582 7471 785 7946 6486 1959 102
101 138 5397 3346 7120 6803 3298 140 5397 5869 3300 3582 7946 5131 7946 3312 5455 7463 102
101 138 5397 3346 7120 6803 3298 140 5397 5869 3300 3582 7065 5455 7463 102
101 138 5397 3346 7120 6803 3298 140 5397 5869 3300 3582 5133 5101 1959 102
101 138 5397 3346 7120 6803 3298 140 5397 5869 2139 5984 3300 3582 6486 4043 102
101 138 5972 4075 140 3331 785 2207 7797 746 102
101 138 7302 2255 4944 1836 140 1904 6493 673 3215 5101 102
101 138 7302 2255 4944 1836 140 1904 6493 673 3215 5524 5715 5133 5101 102
101 138 7302 2255 7120 6803 3298 140 5679 6549 5101 102
101 138 7302 2255 7120 6803 3298 140 7676 5101 102
101 138 7302 1062 140 7937 6793 5709 4495 102
101 138 7460 7403 1814 140 166 4886 1164 4220 3189 2466 7937 5139 118 5709 4495 102
101 138 7460 7403 1814 166 4886 1164 4220 140 3189 2466 7937 5139 118 5692 7531 102
101 138 7460 7403 1814 166 4886 1164 4220 140 3189 2466 7937 5139 118 5148 6486 102
101 138 7778 7780 2484 140 7778 7780 2484 7676 4018 6500 5589 4891 4665 102
101 138 7778 7780 2484 140 7778 7780 2484 4403 6509 3607 5709 6076 3779 7613 4891 4665 102
101 138 7778 7780 2484 140 7778 7780 2484 7804 7804 5886 5591 4891 4665 102
101 138 7925 7929 140 100 1286 2527 5148 5763 120 4192 5131 5148 5763 102
101 138 7927 5170 1469 3217 1828 140 5709 3186 5916 7065 5455 7463 4891 4665 102
101 138 7927 5170 1469 3217 1828 140 2755 5648 1367 3193 1456 803 3500 709 102
101 138 2188 1094 140 3862 6090 102
101 138 2188 1520 140 2797 2339 7937 5709 2947 118 3449 2094 1366 1456 102
101 138 2188 1520 140 2797 2339 7937 5709 2947 118 5195 1073 1333 1456 102
101 138 2188 2294 7804 1456 4353 140 3631 3556 3446 4255 5101 5709 118 3015 4020 6629 1385 102
101 138 2188 2294 7804 1456 4353 140 3631 3556 3446 4255 5101 5709 118 3627 5945 2341 1046 1213 102
101 138 2188 2294 7804 1456 4353 140 3631 3556 3446 4255 5101 5709 118 7795 3791 4193 5131 102
101 138 2188 3419 7927 100 100 140 1920 7676 5933 3469 5709 5131 102
101 138 5979 3419 5984 4640 2157 140 1922 1964 5529 3425 7619 746 102
101 138 5979 3419 5984 4640 2157 140 4635 2341 1046 1213 6208 4658 2094 7619 746 102
101 138 5979 3419 5984 4640 2157 140 6837 872 1959 3779 2341 1046 1213 7619 746 102
101 138 5979 3419 5984 4640 2157 140 6837 872 1959 3779 7619 746 102
101 138 5981 3362 6205 2802 140 5981 3362 6205 2802 102
101 138 7638 2126 140 7919 6028 7941 6989 102
101 138 7641 3777 1915 2356 2207 3209 2869 5187 1765 4478 140 1765 4478 5546 4275 102
101 138 7641 3777 1915 2356 2207 3209 2869 5187 1765 4478 140 2869 5187 1765 4478 102
101 138 7678 5723 140 5909 2094 4237 7430 3966 102
101 138 7934 1920 2374 140 7028 4189 7937 7016 746 7934 102
101 138 7934 1920 2374 140 2157 2382 4281 5489 1456 7934 102
101 138 7934 1920 2374 140 5920 3779 7430 3723 7591 1456 746 7934 102
101 138 7934 1920 2374 140 7016 7676 2207 7005 746 7934 102
101 138 7934 2238 713 1245 140 7521 6554 7934 2238 713 1245 118 1300 1914 6495 7755 2861 7934 102
101 138 3607 3425 4270 4270 140 1259 4934 5763 3417 3425 5130 120 1059 5162 102
101 138 3607 3425 4270 4270 140 1298 3474 3424 1755 3417 3425 5130 102
101 138 3607 3425 4270 4270 140 5195 1073 1333 1456 4281 6723 5131 102
101 138 3607 3425 4270 4270 140 6057 7676 5148 5763 4281 6723 5131 120 1959 6028 5162 102
101 138 6109 5022 2207 3173 140 5888 5894 5133 5101 2947 118 3862 5726 1366 1456 102
101 138 6109 5022 2207 3173 140 5888 5894 5133 5101 2947 118 6028 7941 1366 1456 102
101 138 6109 5022 2207 3173 140 4083 3966 4373 5101 3472 7274 2552 1146 775 4665 118 5148 102
101 138 6109 5022 2207 3173 140 4083 3966 4373 5101 3472 7274 2552 1146 775 4665 118 5965 102
101 138 6363 3175 2061 2061 140 2207 7930 5162 5489 1846 102
101 138 6363 3175 2061 2061 140 3189 3315 3862 2380 5715 102
101 138 6363 3175 2061 2061 140 1936 765 5104 102
101 138 6363 3175 2061 2061 140 3862 7804 7102 4240 2692 7934 102
101 138 6363 3175 2061 2061 140 7434 4635 4242 4979 5455 102
101 138 6363 3175 2061 2061 140 6631 1920 3375 3337 4374 102
101 138 6363 3175 2061 2061 140 3600 3597 4275 102
101 138 6363 3175 2061 2061 140 7430 5187 7934 118 7676 5823 7591 1456 102
101 138 6363 3175 2061 2061 140 7430 5187 7934 118 3862 7804 7591 1456 102
101 138 6363 3175 2061 2061 140 7302 2448 1143 1181 7934 102
101 138 6363 3175 2061 2061 140 7302 2448 2861 7934 102
101 138 6363 3175 2061 2061 140 7302 2448 5169 7934 102
101 138 6363 3175 2061 2061 140 7302 2448 2692 7934 102
101 138 6363 3175 2061 2061 140 7302 2448 7934 102
101 138 7136 3471 140 5106 5187 102
101 138 7136 3471 140 7136 3471 5106 5187 102
101 138 7795 5692 4272 140 7676 6793 5162 3688 5496 102
101 138 7795 5692 4272 140 7937 6793 5162 3688 5496 102
101 138 7795 5692 4272 140 7000 6793 3796 3492 5162 3688 5496 102
101 138 2761 140 1959 5125 4413 102
101 138 5987 3294 1164 140 3300 3582 1107 1886 4294 5159 3300 3582 5155 3576 3611 3779 102
101 138 1719 4448 140 8135 110 6205 4408 4280 1107 1886 4294 5159 1159 3529 3576 3611 3779 102
101 138 1719 4448 140 8135 110 6205 4408 4280 5155 3576 3611 3779 102
101 138 1719 4448 140 8135 110 4294 5159 5155 5868 5843 5104 3779 102
101 138 1719 4448 140 8135 110 5155 1921 4197 4767 3534 3362 3723 102
101 138 1719 4448 140 8135 110 5155 1921 4197 5695 3362 5198 1394 1333 3723 102
101 138 1719 4448 140 8135 110 5155 1921 4197 3394 3581 3723 102
101 138 1719 4448 140 8135 110 5155 1921 4197 5148 5868 5843 1333 3723 102
101 138 1719 4448 140 8135 110 5155 1921 4197 5913 6632 5803 5198 1394 1333 3723 102
101 138 1719 4448 140 8135 110 5155 1921 4197 5965 5803 5198 1394 3362 3723 102
101 138 1719 4448 140 8135 110 5155 1921 4197 6208 4658 5803 5198 1394 3723 102
101 138 1719 4448 140 8135 110 5155 1921 4197 5981 3362 3723 102
101 138 1719 4448 140 8135 110 5155 4371 5101 3779 102
101 138 1719 4448 140 100 8135 110 5155 1921 4197 5981 3362 3723 102
101 138 1719 4448 140 100 5155 1921 4197 5155 5868 5843 3362 3723 102
101 138 1719 4448 140 100 5155 5913 6632 5803 5198 1394 3362 3723 102
101 138 1719 4448 140 3300 3582 4373 5101 5108 102
101 138 1719 4448 140 4294 5159 5868 5843 5104 3779 4891 4665 102
101 138 7877 7679 4277 140 2797 2339 7102 4240 2692 7934 118 3862 7804 7591 1456 102
101 138 7877 7679 4277 140 2797 2339 7102 4240 7430 5187 7934 118 5489 4246 7591 1456 102
101 138 7877 7679 4277 140 2797 2339 7102 4240 7430 5187 7934 118 7676 5823 7591 1456 102
101 138 7877 7679 4277 140 2797 2339 7102 4240 7430 5187 7934 118 3862 7804 7591 1456 102
101 138 7877 7679 4277 140 2797 2339 7102 4240 7430 5187 7934 118 4534 3645 7591 1456 102
101 138 7877 7679 4277 140 1765 4478 7934 5221 102
101 138 7877 7679 4277 140 3351 5709 2861 7934 102
101 138 7877 7679 4277 140 3351 5709 3352 3454 102
101 138 7877 7679 4277 140 3351 5709 7382 3217 7934 102
101 138 7877 7679 4277 140 4081 3717 4141 5106 102
101 138 4124 3758 6793 140 7005 7676 5886 6793 5546 6513 5831 102
101 138 6367 2262 140 5191 1045 5162 7934 102
101 138 100 2238 140 5698 7937 7797 2947 102
101 138 100 2238 140 5148 4240 7797 2961 102
101 138 100 2238 140 6057 3723 3763 5763 102
101 8128 100 5412 2466 4171 7430 1830 3362 3763 2861 102
101 100 712 2446 4171 7430 3229 5922 7623 102
101 100 4373 5101 7430 5489 4225 3717 7618 102
101 100 4147 4171 7676 5770 7430 5541 3454 102
101 100 1192 4649 6793 3492 7430 5541 5489 102
101 100 4908 6182 4151 4125 7430 5489 706 102
101 100 5198 1394 7921 3717 7430 102
101 100 5886 7676 7921 6989 7430 102
101 100 100 3425 3312 4252 7430 5541 102
101 100 4635 3425 7804 1959 6991 1366 1456 1102 3899 3900 102
101 100 3469 5709 5131 1366 1456 1102 3899 3900 102
101 100 6663 6663 5131 1366 1456 1102 3899 3900 102
101 100 5946 5792 2341 1046 1213 1366 1456 1102 3899 3900 102
101 8411 745 1217 7458 3899 3900 102
101 100 7676 5933 4281 1959 7458 3899 3900 102
101 100 111 100 5775 3363 3362 5763 3706 3796 7614 102
101 100 6663 6663 3469 5709 5131 102
101 100 3717 6057 3425 3706 3796 3717 102
101 100 6044 6057 3600 3597 3706 3796 3717 102
101 100 5770 5803 3706 3796 3717 102
101 100 1635 6999 5263 3763 113 5868 5843 3384 7591 1456 114 102
101 100 3817 5692 4275 118 4143 7934 1366 1456 102
101 100 3817 5692 4275 118 5886 7676 7430 5489 102
101 100 3449 2094 6999 5263 3763 113 4635 3425 114 102
101 100 3717 3362 1102 3763 118 1914 5489 5868 5843 102
101 100 6057 3425 3362 5108 1102 5763 102
101 100 112 161 5770 5803 4635 2341 1377 1377 102
101 8792 8383 3600 3597 4275 7434 6991 102
101 100 118 7676 100 4635 5101 7613 102
101 100 119 8450 8488 1298 3817 7591 1456 7430 5489 4229 4318 102
101 100 1921 4197 3717 102
101 100 1378 4124 5965 7870 5763 102
101 100 5001 4151 1921 4197 7920 2595 3717 102
101 100 6205 5713 5198 1394 5922 3362 3723 102
101 100 5695 3362 5198 1394 1102 5763 102
101 100 4382 4456 7065 5455 7463 102
101 100 1298 7478 1751 2188 5763 102
101 100 5148 3384 5429 5428 5763 102
101 100 5148 5763 4281 745 102
101 100 3424 5709 6044 6057 3717 102
101 100 3433 3497 4767 3534 3362 5763 102
101 100 3862 7921 3501 3425 7614 102
101 100 100 7676 4166 7983 5763 102
101 100 7411 6295 7032 5858 5763 102
101 100 5166 5979 5695 3362 1416 1577 6310 6983 102
101 100 5825 5709 3384 7676 3362 5763 102
101 100 7941 7032 7003 7930 1959 5763 102
101 100 7941 7032 5935 7930 5763 102
101 100 5868 5843 3751 6057 5148 5763 102
101 100 5868 5843 3384 5199 5763 102
101 100 5429 5428 3600 3597 5763 102
101 100 6057 7676 5148 4166 7983 5763 102
101 100 3556 1914 5199 5763 102
101 100 4083 7003 7677 1154 4635 102
101 100 5962 6132 5770 6044 6057 3717 102
101 100 6556 4075 7946 1377 1377 102
101 100 4635 2897 7136 102
101 100 1506 2166 4478 7434 6991 1102 3472 102
101 100 5770 5803 4491 7463 102
101 100 3501 3363 4491 7463 102
101 100 6044 6057 3384 2094 7434 6991 1102 3472 102
101 100 6044 6057 7946 3312 5455 7463 102
101 100 6057 3425 7434 6991 1102 3472 102
101 100 7804 3529 6205 4478 3723 102
101 100 7003 4083 4229 2341 1046 1213 102
101 100 100 100 2341 1046 1102 3763 102
101 100 100 100 1962 3229 5195 1073 1377 1377 102
101 100 166 3189 2466 4281 713 102
101 100 166 4767 753 7102 6789 7676 6793 1995 7102 102
101 100 166 4767 753 7102 4255 7676 4767 7531 7102 102
101 100 166 1902 4528 2238 1959 3779 1476 1524 7430 5489 7613 102
101 100 166 2168 7093 3572 118 1192 4649 6793 6076 3998 6028 102
101 100 166 2168 7093 3572 118 6101 7941 7591 1456 4353 2094 7531 102
101 100 166 6522 3559 5886 6793 3862 7804 5412 1920 1164 7934 102
101 100 166 2168 7093 3572 6101 5489 7591 1456 7937 2038 6486 5576 102
101 100 166 6522 3559 4171 7430 858 7471 7016 5412 1920 1164 7934 102
101 100 166 6522 3559 7427 6629 1385 5489 7016 5412 1920 1164 7934 102
101 100 166 6971 2374 987 118 1849 7676 7591 1456 4143 5709 6035 102
101 100 166 6971 2374 987 118 7854 3459 5131 7005 5489 102
101 100 7028 7030 5159 3189 2466 4281 713 102
101 100 3805 2466 5199 1476 1524 7430 5489 7613 102
101 100 4281 5489 3627 1990 6028 1476 1524 7613 102
101 100 1377 1377 7591 1456 5546 7619 1102 3899 3900 102
101 100 7676 5770 5546 7619 1102 3899 3900 102
101 100 7274 2552 3362 5546 7619 1102 3899 3900 102
101 100 5770 5803 1366 1456 5946 5792 7091 102
101 100 7000 1456 3717 3362 5946 5792 7091 102
101 100 5770 5803 1032 3419 102
101 100 2341 1046 1213 6999 5263 3763 102
101 100 5946 5792 2341 1046 1213 6999 5263 3763 102
101 100 4255 5101 5709 6989 5546 2014 1265 102
101 100 5401 2466 7430 3394 3454 102
101 100 7274 2552 3362 1377 7927 7463 102
101 100 1266 3862 6887 4495 745 2947 102
101 100 2341 1046 1213 4495 745 2947 102
101 100 5692 3799 4495 745 2947 102
101 100 5770 5803 3791 2466 1283 2251 6028 5130 102
101 100 2990 2861 5101 5979 6028 5130 3344 102
101 100 4193 5131 2548 2466 2357 672 102
101 100 3717 6057 3425 1366 1456 1102 3472 102
101 100 4373 6043 7943 4281 1959 1102 3472 102
101 100 1724 4934 5770 5803 7591 1456 1377 1377 102
101 100 111 100 112 100 2341 1046 1213 6999 5263 3763 102
101 100 4206 4252 746 6991 102
101 100 5770 5803 1933 2552 4281 1959 2341 1046 1213 102
101 100 2341 1046 1213 7458 3899 3900 102
101 100 119 100 1045 3362 5763 102
101 100 172 1707 1707 706 5141 2094 113 5101 6117 5130 7591 1456 114 102
101 100 7676 3581 7591 1456 4189 5763 102
101 100 9829 8877 3189 2466 1476 1524 4281 5583 102
101 100 9829 8877 3346 1786 5489 102
101 100 9829 8877 2152 924 7430 672 102
101 100 9829 8877 5026 7676 4244 5489 102
101 100 9829 8877 7946 5529 3492 4281 5583 102
101 100 2014 1894 2555 2341 1046 1213 1849 102
101 100 106 6044 6057 3600 3597 1429 1120 7614 100 102
101 100 106 7427 5868 5843 1429 1120 7614 100 102
101 100 106 5981 3362 1429 1120 7614 100 102
101 100 2200 118 5706 3556 1147 4275 102
101 100 2200 118 2168 1894 5981 3362 6150 102
101 100 5770 5803 745 7000 7614 102
101 100 5981 3362 5770 5803 5148 5763 102
101 100 6057 3425 6999 1959 3212 102
101 100 7029 5803 3836 2205 5946 5792 7091 102
101 100 6629 1385 7430 4413 102
101 100 5195 1073 712 2446 7004 7430 5597 102
101 100 5198 1394 3717 3362 6863 1798 6727 5131 102
101 100 1305 1894 6888 1288 3299 4240 102
101 100 7937 5139 3796 5696 102
101 100 7937 5139 6028 5130 2947 102
101 100 5489 672 2548 1751 7676 5591 113 7676 5886 1366 1456 114 102
101 100 5489 672 2548 1751 7676 5591 113 1333 1456 114 102
101 100 5748 5799 5709 5763 102
101 100 6629 1385 2357 672 7434 5130 102
101 100 6028 5130 1102 3899 3900 4281 1959 7591 1456 102
101 100 1824 3418 5022 5052 7934 102
101 100 3791 2466 7676 5770 4171 7430 5420 102
101 100 5469 2025 5770 5803 7427 6629 1385 6028 5130 102
101 100 5469 2025 2990 2861 5101 5979 102
101 100 1102 2552 5695 3362 4200 745 7434 5130 102
101 100 4281 5489 1366 1456 3344 7934 102
101 100 3796 5831 1366 1456 3344 7934 102
101 100 5148 6486 1933 2552 4281 1959 7434 5130 102
101 100 5195 1073 5763 3627 5945 102
101 100 100 1936 4530 3362 7591 1456 1102 3472 102
101 100 100 5981 3362 7591 1456 1102 3472 102
101 100 7471 5709 3492 7430 5597 2961 5101 4031 1836 102
101 100 7676 5770 5770 5803 1366 1456 1933 2552 7619 746 102
101 100 6208 4658 2094 6090 3181 6863 1798 6727 5131 102
101 100 6090 3181 6863 1798 6727 5131 1377 3556 1366 1456 102
101 100 5770 5803 4634 6997 745 7614 3160 102
101 100 745 7000 7591 1456 1102 3472 102
101 650 13723 13717 13708 13723 13717 2357 672 6044 6057 6028 5130 102
101 671 1366 7804 5489 7630 7619 102
101 671 3189 7029 5831 118 3833 1213 2506 5922 102
101 671 3189 7029 5831 118 3862 5976 3763 2861 102
101 671 3315 3300 3582 4636 7676 5695 3362 2434 3249 5763 102
101 671 3315 3300 3582 2130 4225 5981 3362 2434 3249 5763 102
101 671 4508 2094 3449 2397 100 5489 1148 1259 102
101 671 7102 4240 118 3998 6028 2075 7430 6217 2094 713 102
101 671 7538 3600 3597 7471 5763 102
101 671 7538 3600 3597 5148 5763 102
101 673 7027 7676 118 4382 4456 7921 3974 2552 6028 102
101 673 7027 7676 118 5763 5864 3974 2552 6028 102
101 673 7027 7676 118 5653 7608 7430 5541 5489 118 3805 2466 3600 3597 102
101 673 7027 7676 118 5653 7608 7430 5541 5489 118 3249 5397 3200 3172 102
101 673 7027 7676 118 7941 7032 4203 7618 102
101 673 7027 7676 118 7502 2466 3796 5831 102
101 673 7538 2695 4638 2341 1046 1213 2947 102
101 782 5916 7430 3966 102
101 1061 3477 1755 798 3966 5709 4495 5951 785 3966 102
101 1282 676 7676 7591 1456 4156 7430 102
101 1282 676 7676 4171 7430 5420 102
101 1282 676 7676 4255 4043 3492 7676 6513 709 102
101 1282 1164 2851 5763 5698 5698 5763 1120 7434 5130 102
101 1282 1164 3862 7921 6044 6057 2851 5763 7434 5130 102
101 1301 6044 7946 5529 3492 3763 2861 7430 5541 102
101 1301 6044 5412 2466 6738 7608 3763 2861 7430 5541 102
101 1301 6044 5892 6028 3966 102
101 676 4759 4955 3513 5198 1394 3362 3723 5979 2802 102
101 676 3209 3780 6863 1798 7797 3352 102
101 676 3344 6793 3862 4478 2094 7613 5141 102
101 676 6629 1385 4229 4318 102
101 676 6629 1385 4252 5591 2130 4225 4528 5746 5412 1920 1164 7934 102
101 676 4886 4083 1331 7804 745 2357 672 102
101 676 4886 7804 1959 4171 2357 672 102
101 676 7927 7875 6863 1798 1377 1377 3472 102
101 677 1366 5401 7608 2397 6509 1347 4237 4166 7430 102
101 677 1366 5401 7608 5030 798 5101 5130 102
101 677 1366 5401 7608 3513 5232 2397 6509 3862 7804 5416 102
101 677 1962 881 5101 3362 1146 775 1259 118 3496 2094 1366 1456 102
101 677 3862 4125 5597 6057 3723 7032 5836 4125 5597 102
101 677 3862 7591 1456 4495 4203 1259 102
101 677 3862 6965 3333 3346 1786 5489 102
101 1283 1456 3862 7804 1378 2466 2196 7430 102
101 1283 1456 3862 7804 5886 5728 4635 100 4141 5106 102
101 1920 1366 3791 2466 5932 5823 6629 1385 7430 2961 7613 5141 102
101 1920 1366 5709 3492 7676 7937 7430 7613 5141 102
101 1920 1366 5709 7425 7430 7613 5141 102
101 1920 1366 7032 7941 5961 4281 1836 7613 5141 102
101 1920 1366 2152 924 7430 672 7613 5141 102
101 1920 1366 5412 2466 7676 5770 4171 7430 7613 5141 102
101 1920 1366 5886 1456 7676 5591 4240 5489 7427 2894 7613 5141 102
101 1920 1366 3627 7591 4031 1836 2961 858 4189 4203 1476 1524 7613 5141 102
101 1920 819 7030 7937 7016 3893 7934 113 1285 5159 4276 114 102
101 1920 2768 3492 7921 4156 7430 3394 102
101 1920 773 1836 7934 1259 102
101 1920 5152 6241 5148 6486 7777 7619 102
101 1920 7613 5141 3217 2335 7591 1456 6793 4143 7430 102
101 1920 7613 5141 7802 7797 3204 2357 102
101 1920 3983 1765 3600 3597 1102 4834 5125 1501 5401 2466 102
101 1920 3983 5439 6125 4412 976 2797 2339 2897 4788 2306 3836 102
101 1920 3983 6486 2397 118 3763 5763 102
101 1920 5591 5489 5416 7934 5221 102
101 2094 7983 7953 7861 7861 5489 7000 5831 7797 102
101 2207 2207 3572 7608 5263 5160 3229 5922 7471 7016 5022 5052 7934 102
101 2207 7930 5524 5715 1759 1385 102
101 2207 5591 6500 6117 3966 102
101 2207 4018 7471 5922 102
101 2207 4021 4031 867 6663 4274 102
101 2207 7983 6076 3763 2861 676 3209 3780 102
101 2255 1058 7430 5489 4491 5915 4252 7430 102
101 2255 1058 7430 5489 3779 7430 5597 2961 102
101 2255 1058 7430 5489 7430 3723 7676 5026 102
101 2255 1058 7430 5489 7430 3779 5920 2863 7613 102
101 2255 687 5965 1378 4124 5965 5803 100 116 7458 3899 3900 102
101 2255 687 5965 1378 4124 5965 5803 7458 3899 3900 102
101 2255 5399 1814 5148 4240 5399 5490 1757 5471 5175 102
101 2255 2501 6205 3817 3459 7458 3899 3900 102
101 2255 2317 5166 5979 7032 5858 102
101 2335 1456 5148 3779 6793 2094 7934 7591 7953 2552 7934 102
101 2335 1456 7937 2038 4240 6486 5576 4251 7613 102
101 2335 1456 3492 7937 4203 7618 102
101 679 1377 2590 6359 1094 6725 5401 2466 102
101 679 1377 2590 6359 1094 6725 2897 7136 102
101 679 1377 2590 6359 5763 2897 7136 102
101 679 1419 6508 5698 7937 4281 1959 102
101 679 4761 4125 3580 7458 3899 3900 102
101 704 671 2961 7755 5195 1073 7676 5886 2961 7755 102
101 704 5836 6486 5709 113 3717 3362 7591 1456 114 102
101 704 5836 3779 6486 5576 102
101 710 7930 5148 6486 1759 1385 102
101 710 7930 6629 1385 4125 5597 102
101 758 3215 3717 3362 2894 4676 102
101 759 3333 2238 3352 3412 7937 5139 1102 3899 3900 102
101 1039 3315 2255 5546 4171 3862 5726 129 1147 7676 6793 7591 1456 102
101 1039 3706 3717 4215 6028 1331 4275 102
101 1039 3706 6028 3763 2861 1331 4275 102
101 1039 3706 4021 4021 7029 5922 3763 2861 102
101 1350 5018 3490 4289 5489 3717 7618 102
101 1350 5018 6500 5489 4225 3717 7618 102
101 1353 4171 4193 5131 2357 672 6028 5130 102
101 1921 678 676 5179 5972 3492 4281 5489 3717 7618 102
101 1921 4872 3529 5831 3308 1921 6793 7016 102
101 1922 1964 4193 5131 7591 1456 4454 1936 3321 102
101 1922 7382 3300 3582 2255 5833 5831 102
101 1922 7382 3300 3582 4958 2552 5831 102
101 2349 5958 5101 1046 7005 858 4206 4252 7861 5412 1920 1164 7934 102
101 2552 4060 7613 2421 118 7016 4240 6500 5489 7613 102
101 2552 7148 4289 6295 2341 1046 1213 7136 4665 102
101 3152 1039 6125 5148 3779 2826 2797 7934 102
101 3175 5984 2335 2357 672 102
101 3189 3189 6057 3379 7458 3899 3900 102
101 3189 686 7458 3899 3900 118 7676 5831 7591 1456 113 1959 5162 114 102
101 3189 686 7458 3899 3900 118 6629 1385 6028 5130 7591 1456 113 6028 1959 5162 114 102
101 3189 686 7458 3899 3900 118 5800 1754 4281 1959 113 1959 5162 114 102
101 3189 3315 2255 3459 7928 7676 5868 5843 3344 102
101 3189 3315 1059 2157 3796 5696 6629 1385 4413 102
101 3189 3315 1059 2157 6629 1385 7591 1456 4373 5101 7953 2552 102
101 3189 3315 1059 2157 6837 872 1377 7520 7619 746 102
101 3189 3315 1059 2157 5868 5843 746 1933 2552 7619 746 102
101 3189 3315 1059 2157 4083 1331 1476 1524 7591 1456 803 6509 102
101 3189 3315 1059 2157 7430 3723 7591 1456 1331 1147 3817 5692 4275 102
101 3189 3315 1059 2157 7921 1456 4255 5101 5709 102
101 3189 3315 6486 4649 1904 1385 102
101 3189 3315 7941 7032 5597 2961 102
101 3189 2128 5148 4083 5763 3627 5945 7458 3899 3900 102
101 3189 2466 1288 4225 6028 102
101 3189 2466 867 5885 4294 1476 1524 7430 5489 7613 102
101 3189 2466 6486 4649 5935 7930 7591 1456 1107 7934 102
101 3189 2466 1476 1524 7430 4251 7613 102
101 3189 2466 1538 2993 7430 102
101 3189 2466 3862 7804 4143 4166 7983 7934 102
101 3189 2466 7434 5709 4281 713 102
101 3189 2466 3984 3787 6028 102
101 3189 2466 4203 5763 7458 3899 3900 102
101 3189 2466 5935 7930 3783 7934 102
101 3189 2466 5952 4240 6500 5489 102
101 3189 2466 7430 5489 706 102
101 3189 2466 7430 6028 3763 2861 676 3209 3780 102
101 3189 3346 5148 5763 4640 2157 1959 5763 7458 3899 3900 102
101 3189 5710 4397 7638 7804 6076 3862 7804 1318 102
101 3189 5710 4397 7638 7016 4215 7800 7797 102
101 3299 6210 7016 3779 1107 4166 7983 7934 102
101 3312 4478 4281 1959 6999 5263 3763 102
101 3312 4478 4281 1959 7458 3899 3900 102
101 3312 3283 118 7676 6793 4156 7430 5597 102
101 3683 1164 3229 2341 1046 1213 7458 3899 3900 102
101 3717 3717 4131 1476 3805 2466 6035 6049 7000 6793 2184 5106 102
101 3717 3717 4131 1476 3805 2466 6793 4143 6500 5489 7613 102
101 3717 3717 2523 5695 6999 5263 3763 102
101 3717 3362 4373 5101 3472 102
101 3717 3459 6150 102
101 3717 6057 3425 4281 1959 7458 3899 3900 102
101 3717 6057 3425 7458 3899 3900 102
101 4125 5597 6028 3763 2861 1933 2552 1759 1385 102
101 4125 5597 6028 4143 7613 102
101 4125 5597 7016 7676 4143 7613 102
101 4281 1959 5131 6999 5263 3763 102
101 4281 5489 6629 1385 1377 7520 102
101 4281 5498 5826 5823 4083 3966 102
101 4281 6235 118 4281 6495 1920 4670 4240 5489 713 7613 102
101 4281 6235 118 4151 4171 4281 4240 5489 912 4534 102
101 4281 6235 4240 5489 5101 4031 1836 102
101 4281 2421 5148 4240 4281 5489 7934 102
101 4374 1501 1713 6908 1039 3706 782 1347 4237 7430 3966 102
101 4374 1501 1713 6908 4294 6182 7016 4213 4281 2207 2961 858 3351 7463 7016 102
101 4374 1501 1713 6908 7800 7797 3862 1456 867 6663 4274 102
101 4374 1501 1713 6908 7464 3706 1912 5489 5148 4635 7102 4374 1947 5175 102
101 712 2446 7937 3779 7430 7613 102
101 803 1957 5148 5763 102
101 803 1957 5148 5763 7458 3899 3900 102
101 803 1957 7003 1959 5763 102
101 803 803 803 5770 7458 3899 3900 102
101 803 5770 4281 1959 5198 1394 7458 3899 3900 102
101 1100 4478 100 3058 1959 102
101 1266 2832 5439 4270 6983 2421 5131 7005 2961 7755 102
101 1266 3862 6887 4373 5101 4083 3966 7591 1456 3817 5692 4275 102
101 1266 3862 6887 1506 2166 4478 7458 3899 3900 102
101 1266 3862 6887 4904 7803 6217 2094 7613 5141 102
101 1266 3862 6887 4904 7803 7802 7797 7427 2797 1318 102
101 1266 3862 6887 7591 4237 7679 7051 5961 102
101 1266 3862 6887 6629 1385 7591 1456 3817 5692 4275 102
101 1266 3862 6887 5935 7930 7591 1456 3783 7934 102
101 1266 3862 6887 7804 745 2897 7136 113 1724 5864 114 102
101 1266 3862 6887 7804 745 2897 7136 113 1141 7631 114 102
101 1288 4225 4373 2094 1305 3797 5152 2861 5412 1920 1164 7934 102
101 1288 4225 6629 1385 6999 5263 3763 102
101 1305 1894 6888 7937 5139 3796 5696 102
101 1305 2357 1936 6330 102
101 1305 3294 3580 7471 5763 102
101 1305 3294 3580 5401 2466 102
101 1305 6793 1990 719 1331 1147 3817 5692 1233 6793 1538 6789 2094 1366 1456 102
101 1343 7755 7854 4259 102
101 1367 3193 1456 7032 4478 4141 5106 102
101 1367 3193 1456 4494 4494 1750 102
101 1367 6887 3449 2094 5199 5763 1959 5901 7434 5130 102
101 1377 1366 4281 5489 7934 3492 7676 4281 7427 2188 102
101 1377 1366 1377 3556 3717 6057 3425 1366 1456 102
101 1377 1366 5148 4240 4281 5489 7934 102
101 1377 1377 5546 4649 3796 5696 102
101 1377 4273 2553 2590 3717 6057 3425 7458 3899 3900 102
101 1377 4273 2553 2590 4281 1959 7458 3899 3900 102
101 1377 3556 7619 102
101 1378 2466 7679 1305 7983 102
101 1378 2466 5198 1394 4494 679 6793 102
101 1378 1298 6937 2157 2207 1318 5101 5106 102
101 1378 1298 7676 3419 7027 2861 7800 7797 867 6663 4274 102
101 1378 1298 4060 6076 7619 3384 7676 3600 3597 102
101 1378 4523 4206 4252 6500 5498 102
101 1378 1848 3300 3582 2207 3351 5831 102
101 1378 1848 3300 3582 2207 7941 4478 102
101 1378 1848 3300 3582 2255 5833 5831 102
101 1378 1848 3300 3582 4281 5931 5746 102
101 1378 1848 3300 3582 4373 5101 5026 102
101 1378 1848 3300 3582 4635 5831 102
101 1378 1848 3300 3582 1765 4478 5864 102
101 1378 1848 3300 3582 5417 6132 4491 5965 102
101 1378 1848 3300 3582 4958 2552 5831 102
101 1378 1848 3300 3582 5698 7937 5864 102
101 1378 1848 3300 3582 7032 7036 5823 102
101 1378 1848 3300 3582 7471 3736 5831 102
101 1378 1848 3300 3582 7471 3492 102
101 1378 1848 3300 3582 5736 4478 102
101 1378 1848 3300 3582 7676 5831 102
101 1378 1848 3300 3582 5106 5920 102
101 1378 1848 3300 3582 7770 1107 7770 7927 5831 102
101 1378 1848 3300 3582 7946 5864 4635 5831 102
101 1378 1848 3300 3582 5886 7531 102
101 1378 1848 3300 3582 3604 4478 102
101 1378 1848 3300 3582 5952 102
101 1378 1848 3300 3582 7804 1147 1298 4478 102
101 1378 1848 7804 5886 785 102
101 1378 1848 1713 6908 1378 4124 746 7676 5823 102
101 1378 6803 1059 5544 924 719 745 113 3984 5380 114 102
101 1378 4124 677 5023 5933 113 6180 6546 114 102
101 1378 4124 7676 5933 7028 7030 1146 775 1259 102
101 1378 4124 7946 6743 102
101 1724 2335 1425 2826 2797 7000 6793 7427 5455 102
101 1724 2108 7032 5858 7458 3899 3900 102
101 1724 2108 3217 7471 5763 102
101 1926 1395 5961 5961 6999 5263 3763 102
101 1926 4528 5961 7458 3899 3900 102
101 1959 3779 2797 3056 7623 1259 102
101 1959 3779 6629 1385 6076 785 6858 2552 5106 102
101 1959 3779 1824 3418 5412 1920 1164 7934 102
101 1959 3779 6028 7941 7016 1824 3418 5412 1920 1164 7934 102
101 1959 3779 5886 7676 7430 5412 1920 1164 7934 102
101 1959 5901 5763 4374 4189 4125 4166 7983 102
101 1959 5901 100 2094 5709 7471 5763 102
101 1959 5901 4424 4391 2207 5864 5148 5763 102
101 1959 5901 6738 4166 7983 102
101 2341 5101 1914 4193 5131 4255 5101 5709 102
101 2341 1046 1213 4494 4494 1750 102
101 2341 1046 1213 7619 746 1102 3899 3900 113 7676 5770 7591 1456 114 102
101 2341 1046 1213 7458 3899 3900 102
101 2341 6989 7619 746 3796 5696 102
101 2342 1920 2793 1377 7520 118 7471 3600 1366 1456 102
101 2342 2292 5868 5843 7458 3899 3900 102
101 2357 672 7458 3899 3900 102
101 2473 2993 3490 4289 5489 7471 5709 3492 4225 3717 7618 102
101 2473 7382 118 3490 4289 5489 4373 5101 4225 3717 7618 102
101 2553 1245 2145 118 2851 5763 5148 6486 6629 1385 1849 102
101 3315 3189 5125 6908 1476 1565 102
101 3719 2552 7854 5763 1192 4649 6793 3492 102
101 3719 2552 7854 5763 1192 4649 6793 3492 4237 7430 4657 102
101 3719 6493 7626 5417 6132 4491 5965 7591 1456 3362 3723 7614 102
101 4371 5101 2851 5763 6999 5263 3763 102
101 4373 5101 5546 4275 118 1233 6793 1366 1456 102
101 4373 5101 6500 5489 2797 2339 3717 7618 102
101 4373 5101 4083 3966 7591 1456 3472 102
101 4373 5101 4083 3966 7458 3899 3900 102
101 4373 5101 5987 5914 2961 7755 3966 102
101 4478 1765 7679 2861 5125 1501 5401 2466 1476 1565 102
101 4478 1765 7679 2861 5125 1501 2897 7136 1476 1565 102
101 4491 5770 5706 3556 102
101 4495 2341 1046 1213 7591 1456 4281 1959 5131 102
101 4495 745 2357 672 102
101 4495 3362 5108 5770 5803 4021 7630 7934 1259 102
101 4495 7471 3481 5981 3362 4021 7630 7934 1259 102
101 4495 7676 4083 5709 4495 4021 7630 7934 1259 102
101 4495 3527 3362 4083 1377 1377 4021 7630 7934 1259 102
101 4506 1754 5922 5831 3763 2861 102
101 4635 4373 2851 5763 5148 6486 6999 5263 3763 102
101 4635 5489 4125 7983 3362 1147 4275 102
101 4635 6983 6035 6049 5412 1920 1164 7934 102
101 4635 5868 5843 7458 3899 3900 102
101 4635 5984 1765 5868 5843 7619 746 1933 2552 102
101 4635 5987 5914 102
101 4649 6028 6793 2863 7934 102
101 4767 2128 4288 1842 7676 4018 6028 4635 672 102
101 4767 2128 4288 1842 1192 4649 6793 3492 5763 4813 5892 102
101 4767 2128 4288 1842 3974 2552 6028 7613 5141 102
101 4767 2128 4288 1842 3984 3787 6028 102
101 4767 2128 4288 1842 5922 7608 5763 4813 5892 102
101 4989 7524 3717 3362 5763 3706 3796 6999 5263 3763 102
101 4989 7524 4424 4391 5148 5763 102
101 4989 7524 6044 6057 5148 5763 102
101 823 5164 3683 765 5125 1501 5401 2466 1476 1565 102
101 823 5164 3683 765 5125 1501 2897 7136 1476 1565 102
101 823 5972 1754 2851 5763 7458 3899 3900 102
101 1045 3787 3633 2411 3331 785 6486 5576 102
101 1045 3787 7930 5715 4281 1959 6999 5263 3763 102
101 1059 7861 1773 100 7515 1754 4244 5026 102
101 1102 671 7538 3600 3597 7032 4166 7983 5763 4374 102
101 1102 671 7538 3600 3597 5739 3282 3419 7440 5148 5763 102
101 1102 2552 1765 4478 102
101 1102 2552 745 6991 3454 102
101 1102 5101 7937 5139 7032 4166 7983 5763 2897 7136 102
101 1102 5101 7937 5139 5739 3282 3419 7440 5763 2897 7136 102
101 1102 5775 3363 2170 1921 7471 5763 102
101 1102 5775 3363 2170 1921 6738 4166 7983 102
101 1102 3899 3900 102
101 1102 3899 3900 2207 5864 5148 5763 102
101 1102 3899 3900 5148 5763 102
101 1102 3899 3900 3419 7440 5148 5763 102
101 1102 4494 3331 1120 7032 4166 7983 102
101 1102 6044 6057 7032 4166 7983 5763 4374 102
101 1102 4017 1476 1565 102
101 1102 5214 5214 7032 4166 7983 5763 4374 102
101 1102 5214 5214 5739 3282 3419 7440 5148 5763 102
101 1102 7804 4272 6057 5981 3362 7591 1456 5148 5763 102
101 1102 7120 3717 3362 3796 3796 3362 5763 102
101 1102 7146 5709 5763 1120 7032 4166 7983 102
101 1261 4280 1164 7591 1456 7676 5770 4171 7430 5597 102
101 1261 4280 1164 7676 5770 4171 7430 5420 102
101 1395 1894 4125 5597 6028 1836 102
101 1395 1894 7676 7430 6028 1836 102
101 1395 1894 6500 5489 1836 1217 6028 102
101 1395 3683 5709 4495 6999 5263 3763 102
101 1395 1377 7520 118 5920 1377 7520 102
101 1395 823 1305 1505 1305 1894 6888 7067 7147 4240 113 3502 5131 1366 1456 114 102
101 1395 823 118 7427 7630 1959 7458 7934 1259 102
101 1395 898 1305 1505 1305 1894 6888 7937 5139 3796 5696 102
101 1765 4478 4478 2995 3763 2861 102
101 1765 4478 7430 5541 5489 3763 2861 102
101 1914 4944 5166 5101 7613 102
101 1962 1914 5831 676 3209 3780 102
101 1962 3229 118 1377 1377 7427 7630 7777 7619 102
101 1962 3229 118 2341 1046 1213 4281 1959 3472 102
101 1962 3229 2341 1046 1213 3836 102
101 1962 3229 118 5803 3362 7591 1456 2341 1046 1213 6727 7619 746 102
101 1962 1600 1959 5763 102
101 1962 1600 5935 7930 1959 5763 102
101 1962 5823 6887 7434 4635 5823 113 1048 3819 114 102
101 1962 5823 6887 5659 5823 113 1048 3819 114 102
101 1962 5823 6887 7862 1599 5823 113 1048 3819 114 102
101 1962 7927 1351 1962 1914 7983 7619 746 113 4240 4171 1456 114 102
101 1962 7026 2768 7458 7458 3899 3900 102
101 1963 6250 4696 4958 4373 5101 5026 102
101 1963 6250 4696 4958 5199 5001 5026 102
101 2128 3213 3300 3582 2207 4635 5831 102
101 2128 3213 3300 3582 2207 3351 5831 102
101 2128 3213 3300 3582 7471 3736 5831 102
101 2128 3213 3300 3582 7946 5864 4635 5831 102
101 2805 3172 1305 2225 7427 7630 1759 1385 102
101 3300 3582 2207 4635 5831 102
101 3300 3582 7471 3736 5831 102
101 3300 3582 7770 7927 5831 102
101 3320 1920 1520 118 7502 2466 6793 4635 5831 102
101 4129 4060 7676 5770 7458 3899 3900 102
101 4636 752 1377 3556 4192 5131 113 7946 4868 6282 5474 1399 114 102
101 4636 1936 4382 4456 7591 1456 3472 102
101 4636 7676 100 5199 102
101 4636 7676 6727 100 6999 5263 3763 102
101 5001 1298 2755 5648 5489 5124 3424 1755 2207 5101 4494 5130 102
101 5001 6743 102
101 5101 5101 5709 118 4281 1959 2341 1046 1213 1366 1456 102
101 5101 6117 5130 102
101 5101 7676 118 6101 7941 6076 785 6486 5576 4216 4251 7613 102
101 5101 7676 118 7919 6989 6076 7613 5141 102
101 5439 1959 1959 3600 3597 6028 5130 102
101 5439 1295 4397 867 6663 4274 5125 7470 4413 4490 102
101 5439 1295 4397 867 6663 4274 2188 1377 1918 4490 102
101 5439 1295 4397 4192 1217 5131 782 5916 5125 102
101 5439 1295 4397 6999 3821 5101 4166 1347 867 6663 4274 102
101 5439 1295 4397 4228 7430 5125 102
101 5439 1295 4397 7800 7797 2397 6509 867 6663 4274 102
101 5439 3352 2023 4494 679 6793 5546 4275 118 7919 6989 7430 1366 1456 102
101 5439 5988 1828 758 6121 5148 3474 3424 1755 2207 3966 1755 102
101 5439 5988 1828 7946 5131 5952 3678 5148 5763 102
101 5439 3295 5399 5489 5399 2207 2961 3966 102
101 5439 5952 7937 3779 4275 6500 4251 7613 102
101 5439 5952 4217 7937 3779 3331 7800 5823 102
101 5489 722 7279 4767 7531 4125 7102 102
101 5489 7676 4251 6486 5576 102
101 5489 5187 4143 7613 102
101 5489 5187 7941 7032 6028 4143 7613 102
101 6132 5164 3683 765 5456 1217 7434 5838 5401 2466 102
101 6132 5164 3683 765 5456 1217 7434 5838 2897 7136 102
101 6132 5164 3683 765 5456 1217 7434 5838 3706 3796 5401 2466 102
101 6205 4478 4281 1959 6999 5263 3763 102
101 6205 6205 7027 1476 1565 102
101 6205 6205 7027 7591 3600 3597 1476 1565 102
101 6205 6205 7027 7591 3600 3597 3706 3796 1476 1565 102
101 6205 6205 7027 3706 3796 1476 1565 102
101 6205 4408 4280 138 100 1936 5152 3419 140 5195 1073 5148 5868 5843 6983 102
101 6806 1164 2851 5763 7458 3899 3900 102
101 6806 1164 5148 6486 2851 5763 6999 5263 3763 102
101 843 4265 1377 1377 1959 5901 7434 5130 102
101 1107 1120 2342 2292 5868 5843 102
101 1107 1120 2695 3152 5695 3362 102
101 1107 1120 7854 3459 7026 6830 102
101 1425 671 4192 753 118 1959 3779 6527 1298 7434 102
101 1425 671 4192 753 118 843 4265 7591 1456 5981 3362 710 7930 102
101 1425 671 4192 753 118 6837 872 7676 3531 7934 1259 102
101 1425 671 4192 753 7274 2552 3362 7679 1305 7983 102
101 1425 671 4192 753 118 3600 3597 1959 7458 1377 7520 102
101 1425 671 4192 753 118 5965 5803 710 7930 102
101 1425 2188 3217 118 5692 7676 5166 5101 3627 2466 7934 1259 102
101 1425 2188 3217 5695 3362 1959 6991 102
101 1425 2188 3217 7854 7941 6989 102
101 1425 2188 3217 7430 6028 2357 672 102
101 2769 2157 4281 2961 7676 5886 1959 3779 1402 1385 102
101 3331 785 6486 5576 1102 3763 113 1419 3331 785 6486 5576 1846 114 102
101 3331 785 6486 5576 5469 807 7458 3899 3900 102
101 3331 7800 5823 102
101 3336 5439 4270 4636 7676 6057 3600 1577 1577 5546 1102 3472 102
101 3751 1754 3217 4192 7095 2961 7755 102
101 3759 3299 3384 7676 7032 5858 5763 102
101 3763 5763 4281 5489 102
101 3763 5763 4281 5489 4143 7934 102
101 3763 5763 4281 5489 4257 102
101 3763 5763 7676 6793 7430 100 102
101 3763 5763 5823 5823 3229 5922 102
101 3763 5763 6500 5489 4251 7613 102
101 3764 5199 7414 6057 3425 6509 7027 2225 3706 3796 7430 2227 6983 7591 1456 102
101 3764 5199 3600 3597 5811 6205 1914 3706 3796 7430 2227 6983 7591 1456 7614 102
101 4955 3513 1456 802 6028 102
101 5692 6235 4281 1959 7434 5130 102
101 5692 3799 6028 5130 2947 102
101 5692 7676 4281 1959 7458 3899 3900 102
101 5692 7676 6989 7619 102
101 5692 6546 2217 6999 5263 3763 102
101 5692 7531 2961 7755 6989 3966 102
101 5695 1962 1600 5695 3362 6999 5263 3763 102
101 5695 3362 4281 1959 6999 5263 3763 102
101 5695 3362 3362 3212 102
101 5695 3362 3496 1959 7458 3899 3900 102
101 5695 3362 7458 3899 3900 102
101 6486 745 5148 5763 102
101 6486 745 7430 102
101 6486 6989 4171 7797 7804 5922 7623 4665 102
101 6486 5576 6028 4635 3472 102
101 6486 4947 3301 1333 1456 3796 5696 102
101 6509 4891 6276 5770 5803 1959 6983 6999 5263 3763 102
101 6789 3384 2094 5529 3492 3966 7934 102
101 6801 1754 5709 4495 6500 5589 102
101 7027 5491 4125 5597 1377 7520 102
101 7027 5491 1377 7520 3193 1286 7623 102
101 731 731 100 100 2746 3001 6150 102
101 731 731 4373 5101 5546 3454 4294 7003 2341 1046 1213 102
101 731 731 4373 5101 5546 3454 6076 731 731 6793 1456 102
101 731 731 7608 1828 5101 3362 118 1298 3817 1387 3763 7934 102
101 731 731 7608 1828 5101 3362 3763 1640 706 4240 7613 102
101 745 7000 7591 1456 6727 5131 113 3717 6057 3425 7591 1456 114 102
101 745 7000 7591 1456 6727 5131 113 1333 1456 114 102
101 765 2225 1046 4495 745 2947 118 3581 1045 3580 7676 102
101 765 2225 1046 1333 1456 4495 745 2947 102
101 881 5646 1102 3362 2147 118 7941 7032 3600 3597 3723 102
101 881 5646 1102 3362 2147 118 3600 3597 3723 102
101 1060 5108 7613 5141 113 7802 7797 119 4193 5131 7803 7797 114 102
101 1073 5966 3683 1164 3229 2341 1046 1213 7458 3899 3900 102
101 1159 4478 4478 5059 4478 5546 4275 3862 5726 102
101 1159 4478 4478 5059 4478 5546 4275 3492 7921 102
101 1159 7922 1331 843 4265 5148 5763 4281 745 102
101 1295 4634 6121 3796 5831 982 2552 6513 5831 102
101 1456 710 3217 3449 1100 4478 5763 102
101 1456 1059 7770 7048 7770 6028 4635 7427 3126 4245 7621 4281 745 102
101 1456 1680 6486 745 3796 7934 102
101 1456 6221 5131 4294 4083 4281 1959 1456 6727 5131 113 3454 5131 114 102
101 1458 673 4813 3360 5475 3209 3763 5763 4143 4141 5106 102
101 1458 673 4813 4261 7804 7803 6509 7427 7804 5101 5130 102
101 1458 673 4813 6003 4680 7797 5114 102
101 1458 673 4813 7937 3779 7430 3966 102
101 1458 673 4813 7937 6793 5634 6486 5576 102
101 1458 673 4813 7941 7032 6100 5770 4237 4166 7430 102
101 1458 673 4813 7862 6880 7427 1719 5101 5130 5175 102
101 1458 673 4813 5973 4237 2961 7755 3966 102
101 1458 673 4813 3607 5709 6076 4143 4141 5106 102
101 1469 7591 4495 7803 5263 5160 3229 5922 3763 2861 7623 102
101 1469 7591 1269 6182 5529 7937 3893 7934 102
101 1469 7591 2506 3492 7430 3394 102
101 1469 7591 6028 3763 2861 113 886 4500 3173 5270 7930 1759 1385 114 102
101 1469 7591 3984 3787 6028 102
101 1476 1990 1476 1990 5979 2802 1456 6727 5131 102
101 1476 1524 1366 1456 1377 3556 7619 102
101 1476 1524 3966 7934 102
101 1476 1565 2851 5763 2897 7136 102
101 1476 1565 4397 4403 3627 5945 102
101 1476 1565 6629 1385 3627 5945 7458 3899 3900 102
101 1480 1070 6127 1921 2044 5397 4166 7983 3344 7934 102
101 1480 1070 6127 3189 2466 5576 4649 4166 7983 7934 3344 102
101 1936 4530 3362 3362 2179 1366 2697 6727 5131 102
101 1936 4530 3362 7458 3899 3900 102
101 2134 2157 2424 3796 5831 102
101 2134 2157 2424 3796 5831 1100 5106 102
101 2213 7029 2157 118 7818 7797 7676 4275 4240 102
101 2272 4043 6629 1385 4252 1824 3418 1331 1759 1385 102
101 2364 3805 2157 118 3763 1640 7430 5489 4171 7613 5141 102
101 2364 3805 2157 118 3805 2466 3862 7804 7471 3312 4478 3763 2861 102
101 2364 3805 2157 118 3805 2466 3492 7937 7430 7613 102
101 2364 3805 2157 118 3496 7676 5199 1476 1524 2075 7430 7613 102
101 2364 4454 3481 1959 3779 4171 2399 5130 102
101 2424 1814 7921 3717 7591 1456 2692 7934 102
101 2454 7972 1828 7000 3449 3966 102
101 2566 7471 1555 6121 4018 2961 7755 102
101 2566 7471 1555 6121 6076 785 7613 2947 102
101 2851 5763 4495 2341 1046 1213 4495 745 2947 102
101 2851 5763 3331 785 3362 6999 5263 3763 102
101 2851 5763 1476 1565 1959 7458 102
101 2851 5763 3627 5945 102
101 2851 5763 7458 3899 3900 102
101 2869 5187 6629 1385 3791 2466 676 3209 3780 102
101 2875 4277 7804 5489 7102 6528 102
101 3203 5653 2349 7944 1305 1894 6888 2207 3796 5696 102
101 3203 5653 2349 7944 1962 3229 2341 1046 1213 7427 7630 3796 5696 102
101 3209 1922 2094 4373 2094 5546 1318 102
101 3209 1922 2094 7983 6076 7591 1456 3763 2861 7613 5141 102
101 3209 1922 2094 7803 7797 4147 4240 4171 7613 5141 102
101 3209 3717 7608 1828 7937 3779 3351 7341 6500 5101 5130 102
101 3209 3780 7676 5770 3762 5256 3862 7921 1909 2014 1929 6486 1377 1377 5108 102
101 3346 3175 5401 782 5763 7458 3899 3900 102
101 3346 7676 1378 5831 2875 4277 6076 2947 102
101 3346 7676 7799 7797 6090 5489 5886 102
101 3351 4397 5162 3763 1640 7016 4255 6076 102
101 3351 4397 5162 5709 3363 709 102
101 3351 4397 5162 7804 2075 4156 7430 1846 102
101 3351 4929 5131 4252 7430 5420 102
101 3351 7463 7591 1456 5587 3362 102
101 3351 7463 7591 1456 5922 5831 4167 6028 2947 7619 102
101 3351 7463 5823 5823 4237 7613 102
101 3351 7463 2075 7430 7591 1456 4083 3966 102
101 3352 2341 1046 1213 1933 2552 1759 1385 102
101 3360 5475 3209 3763 7102 5831 102
101 3360 5475 3209 7676 7797 4275 102
101 3360 5475 3209 118 7430 5489 7613 7613 5141 102
101 3360 5475 3209 100 7797 7531 3763 7102 5831 102
101 3362 3723 4281 745 6999 5263 3763 102
101 3362 3723 4281 745 7458 3899 3900 102
101 3362 6530 1425 2061 118 7804 6076 3717 7618 102
101 3777 2207 4506 3926 5892 7434 5709 7797 102
101 3779 7676 3492 7937 5888 5894 113 1059 5162 114 102
101 3779 5920 100 5187 7613 5141 102
101 3779 5920 7430 3723 7613 5141 113 1281 114 102
101 3791 2466 1283 2251 6028 5130 102
101 3791 2466 7676 5770 7458 3899 3900 102
101 3791 2466 7676 4083 1959 7016 3862 7804 7613 102
101 3791 2466 4171 7430 858 3229 5922 102
101 3791 2466 3600 3597 1849 102
101 3791 2466 5981 3362 7591 1456 4281 1959 5131 102
101 3791 2466 5981 3362 1849 102
101 3796 5831 4240 5489 676 6235 7613 5141 102
101 3797 3556 1959 4187 7676 5920 1366 1456 3817 5692 4275 102
101 4143 868 832 4156 2399 5130 102
101 4143 5935 7930 7934 7353 6235 5682 6528 5158 113 7401 3582 114 102
101 4147 4171 4252 5591 7613 5141 102
101 4147 4171 7921 5920 4240 5489 7613 5141 102
101 4147 4240 3209 1922 2094 7803 7797 7613 5141 102
101 4288 1842 4684 6843 125 119 121 3862 7921 4193 5131 4281 1959 7434 5130 102
101 4382 4456 7591 1456 3496 3474 102
101 4382 4456 6629 1385 7458 3899 3900 102
101 4382 4456 7921 4083 4193 5131 7458 3899 3900 102
101 5698 1894 5868 5843 6999 5263 3763 102
101 5698 7937 7676 7777 6028 676 3209 3780 102
101 5698 7937 7676 7777 7613 5141 102
101 5698 7937 5864 3862 7804 858 5412 2466 3779 7005 3763 2861 102
101 5705 6888 3580 2094 3749 3717 102
101 5706 3556 3600 3597 5199 102
101 5709 4495 1933 2552 1759 1385 102
101 5709 4495 4156 2492 1959 6989 7934 1259 102
101 5709 4495 4223 2272 6793 7430 5597 1836 102
101 5709 4495 7458 3899 3900 102
101 5709 3363 1920 7341 4240 102
101 5709 5909 5965 6722 4156 2492 5920 3779 7619 102
101 5709 7425 7591 1456 3984 3787 6028 102
101 5709 7425 7937 3779 7430 3966 7934 102
101 5988 4649 6028 5130 102
101 6003 4680 7797 709 102
101 7032 122 5166 5961 7458 3899 3900 102
101 7032 2255 100 4997 4452 1765 4478 4275 118 2544 4494 102
101 7032 2553 1894 1240 4289 6863 1798 3749 3717 5131 102
101 7032 2553 1894 1240 4289 6863 1798 1032 3419 7591 1456 3749 3717 5131 102
101 7032 4680 7823 7797 3888 7797 4275 102
101 7032 5682 676 7930 118 3492 7937 7676 7430 2961 102
101 7032 5682 676 7930 118 6989 4649 4083 3966 7934 1259 102
101 7032 5682 676 7930 6793 7430 5420 102
101 7032 3763 6486 5576 102
101 7032 3763 4171 6486 5576 5412 1920 1164 7934 102
101 7032 7271 7770 5118 6983 7676 1120 3600 5401 2466 102
101 7032 4166 7983 5763 4374 102
101 7032 4166 7983 5763 2357 1936 6330 102
101 7032 4166 7983 5763 2897 7136 102
101 7032 7941 4156 7797 4259 1505 1476 1524 7613 102
101 7032 7941 6629 1385 4125 5597 6028 676 3209 3780 102
101 7269 7029 4940 5792 1904 1385 102
101 7338 3343 6486 4043 118 5195 1073 7613 5141 102
101 7350 7027 2255 7770 1107 4166 7983 102
101 7350 1936 1022 745 7000 5546 3556 1102 102
101 7350 1936 1022 7471 3449 5546 3556 1102 102
101 7350 1936 4083 100 3791 3301 5763 7512 4494 1501 1102 3899 3900 7427 7643 5175 102
101 7350 5382 2007 1759 1765 1062 6863 1798 7937 5139 102
101 7350 3215 2085 1367 3193 1456 6003 4680 7797 5496 102
101 7350 4904 2374 7937 3779 7430 102
101 7350 3432 7350 2188 1724 4868 3966 102
101 7350 1825 2374 2539 5612 4640 1501 867 6663 4274 102
101 7350 1825 2374 6500 3472 5597 102
101 7350 4634 2374 3513 1501 867 6663 4274 102
101 7350 4634 2374 5952 3678 7861 102
101 7350 7128 2374 851 4215 7676 7797 102
101 7471 5709 3492 4281 1959 7458 3899 3900 102
101 7471 5709 3492 2341 1046 1213 7458 3899 3900 102
101 7471 5709 3492 7676 7937 6793 2184 5106 102
101 7471 5709 3492 7937 7676 2335 7676 7016 2863 7934 102
101 7471 5709 3492 7937 7676 4171 7430 5420 102
101 7471 5709 3492 7937 7676 7430 2961 102
101 7471 5709 3492 7937 7464 4374 4156 7430 5597 102
101 7471 5709 7709 7471 5709 3492 7937 6793 7102 1947 5175 102
101 7471 5709 7709 5966 3492 4255 4043 6513 709 8672 1259 102
101 7471 3449 1102 5763 102
101 7471 7937 3492 7434 5709 4281 5489 7934 102
101 7471 7937 3492 7937 5420 1259 7613 102
101 7471 3481 1759 2262 5981 3362 113 2779 1147 4665 114 102
101 7471 3481 5981 3362 1959 3779 1933 2552 1759 1385 102
101 7471 3481 5981 3362 745 6991 710 7930 102
101 7471 3481 5981 3362 7458 3899 3900 102
101 7471 5920 4240 7619 102
101 7471 7983 4143 2207 7797 746 102
101 7471 3600 4171 7430 2995 3763 2861 102
101 7471 7016 6035 6049 5412 1920 1164 7934 102
101 7471 7016 6035 6112 5412 1920 1164 7934 102
101 7471 7016 1032 3419 7430 5489 2995 3763 2861 102
101 1088 4206 4638 1605 5401 2466 1315 2897 3472 102
101 1094 6725 6028 7941 6989 102
101 1233 6793 1366 1456 3817 5692 4275 102
101 1233 6793 7430 5597 1836 102
101 1298 2832 2252 3644 4886 3379 113 2382 3984 1333 3362 114 102
101 1298 3817 100 6999 5263 3763 102
101 1331 1147 7003 745 7676 1759 1385 102
101 1331 6486 745 7458 3899 3900 102
101 1331 6486 5576 6028 4635 5932 5823 6500 5489 1836 102
101 1331 745 2897 7136 102
101 1331 5709 4495 1959 6989 1402 1385 102
101 1331 6028 3229 5922 2995 3763 2861 102
101 1331 4083 7477 2271 2851 5763 2897 7136 102
101 1331 4240 4373 2094 102
101 1505 3763 5101 7797 1317 3763 2861 7613 5141 102
101 1506 2225 1286 5748 5199 7458 3899 3900 102
101 1506 3418 6888 3172 3189 2466 1305 1894 6888 2357 672 1102 3899 3900 6837 872 3344 102
101 1506 3418 6888 3172 4394 4431 4289 6295 1102 3899 3900 6837 872 3344 102
101 1506 3418 6888 3172 4083 1331 4281 745 1102 3899 3900 6837 872 3344 102
101 1506 2166 4478 7591 1456 7434 5130 102
101 1506 4448 2188 2597 4366 4948 3312 100 6727 5131 102
101 1506 4448 2188 7000 4494 4997 6637 100 6727 5131 102
101 1506 6057 4478 7591 1456 5833 5987 7934 1259 102
101 100 4231 100 4231 7946 5131 100 5692 7676 4494 3966 102
101 2014 7032 3481 5198 1394 3362 3723 4823 7000 3717 102
101 2014 7032 3481 5952 3723 5981 3362 7591 1456 4823 7000 3717 102
101 2014 7032 3481 3600 3597 7591 1456 4823 7000 3717 102
101 2896 1902 5998 5709 4495 803 5770 6999 5263 3763 102
101 3215 2126 5661 4958 5401 2466 4255 3723 4229 4318 1836 113 2544 6793 114 102
101 3215 2126 5661 4958 7946 5131 7937 5139 1283 2251 1849 102
101 3215 2126 5661 4958 118 7427 7016 7430 2961 1476 1524 7613 102
101 3215 2126 118 6629 7606 1416 1959 3779 7623 1259 102
101 3215 2126 2995 912 4534 118 3209 1922 2094 4125 5597 1331 6028 102
101 3215 2126 3173 3513 677 118 5529 1398 4151 4125 1331 1147 4281 2207 2961 102
101 3215 5529 1398 100 5529 5869 4528 5746 4281 5489 7934 102
101 3215 5529 1398 5401 2466 5490 2961 102
101 3215 5159 7643 2155 166 3253 5836 3791 2466 4281 5489 709 4187 4171 7613 102
101 3215 5159 7643 2155 100 3253 5836 118 4819 4373 7804 6076 7618 102
101 3217 677 2357 672 6028 5130 3791 2466 1283 2251 3836 102
101 3217 3189 2851 5763 7458 3899 3900 102
101 3217 3717 5679 1501 1216 1923 3966 1755 102
101 3217 3717 5679 1501 4635 3425 5695 5695 7804 3362 5763 102
101 3217 3717 5679 1501 1936 4530 3362 100 7804 3362 5763 102
101 3217 3717 5679 1501 7471 3449 1102 5763 1429 1120 7614 102
101 3221 5706 3556 5143 7458 3899 3900 102
101 3379 3580 3749 3717 6999 5263 3763 102
101 3379 3580 1504 1504 6999 5263 3763 102
101 3384 2094 7032 5858 5763 6999 5263 3763 102
101 3384 7676 6486 4649 1107 4166 7983 7934 102
101 3384 7005 6509 3683 4495 5831 3763 2861 113 1281 114 102
101 3394 3581 7676 3384 5199 5763 102
101 3667 5155 6510 2797 2339 3717 7618 102
101 3825 2446 1912 4251 1378 4124 1456 4018 4215 7919 3717 7861 102
101 3833 1213 765 6171 5698 7937 5162 4281 3562 7614 102
101 3833 1213 2075 7430 3763 2861 102
101 4151 4125 4240 5489 4143 7934 102
101 4151 4125 4240 5489 7613 5141 102
101 4151 4189 4166 7983 7458 3899 3900 102
101 4151 4240 1476 1565 7458 3899 3900 102
101 4156 2492 5833 5987 5868 5843 1959 6989 102
101 4156 7016 6629 1385 4125 5597 676 3209 3780 102
101 4397 4403 1959 5763 102
101 4397 4403 7032 4166 7983 5763 4374 102
101 4397 4403 3419 7440 5148 5763 2897 7136 102
101 4397 4403 4189 4125 4166 7983 1959 5763 102
101 4640 2157 843 4265 5148 5763 2897 7136 102
101 5148 2552 5706 3556 4281 1959 102
101 5148 6486 4281 1959 7458 3899 3900 102
101 5148 6486 7458 3899 3900 102
101 5148 5763 4281 1959 4193 5131 1959 5901 7434 5130 102
101 5148 5763 5709 834 4640 2157 1959 5763 102
101 5148 5763 5709 1001 4640 2157 5148 5763 102
101 5148 6983 4050 1984 3321 2225 6028 5130 102
101 5148 4240 4281 5489 4251 7613 102
101 5148 4240 4281 5489 4257 102
101 5148 4240 5399 5489 4257 102
101 5148 7803 6028 4143 7613 102
101 5148 7933 7937 3779 6495 7613 5141 102
101 5148 2188 4767 5868 5843 3384 1102 4834 5125 1501 5401 2466 102
101 5401 2466 100 4171 7430 5597 102
101 5401 2466 1476 1565 102
101 5401 2466 5507 4475 4171 7430 5420 102
101 5401 2466 7676 6793 5162 7430 5101 5709 102
101 5401 2466 1333 1456 4229 4318 102
101 5401 2466 7430 672 7623 4665 102
101 5401 2014 3959 7921 7803 7797 3472 102
101 5401 1751 5148 2188 4767 4192 5104 5868 5843 6150 102
101 5401 1751 5199 5489 3817 7676 4478 1147 4275 102
101 5529 1398 4908 6182 758 5709 4240 5489 102
101 5529 7937 7804 5922 7430 5187 7613 5141 113 1281 114 102
101 5529 3492 5982 5823 1456 7797 3352 102
101 5739 2466 1959 5763 7458 3899 3900 102
101 5739 3282 3419 7440 5148 5763 102
101 5739 3282 3419 7440 5763 2897 7136 102
101 7028 745 5770 5803 7458 3899 3900 102
101 7606 4242 4200 745 4156 7065 5187 1318 102
101 7676 5692 4281 1959 7458 3899 3900 102
101 7676 2863 3862 7804 7016 5489 5187 6028 4143 7613 102
101 7676 2863 3862 7804 7016 6076 785 4143 7934 102
101 7676 2371 5692 3799 7032 3763 1920 4886 102
101 7676 2371 5692 3799 7937 5139 3796 5696 102
101 7676 2371 5692 7531 5489 7777 2075 6028 2947 7619 102
101 7676 2371 118 5692 7531 5489 7777 7934 1259 102
101 7676 4156 7797 2961 1824 3418 4635 7016 4187 7613 102
101 7676 4156 6500 2961 3627 1990 6028 1476 1524 7613 102
101 7676 7676 5831 5831 7458 3899 3900 102
101 7676 4171 7755 5597 102
101 7676 4171 5597 2961 1959 3779 5412 1920 1164 7934 102
101 7676 4171 5597 2961 3193 1286 7623 102
101 7676 4171 5597 2961 3763 2861 102
101 7676 4171 7803 7797 2961 3193 1286 7623 102
101 7676 4171 7803 7797 2961 3763 2861 102
101 7676 4171 7430 5597 3454 102
101 7676 5770 1305 1894 6888 4495 4494 4494 1750 102
101 7676 5770 1305 1894 6888 3796 5696 102
101 7676 5770 1959 5901 102
101 7676 5770 6999 1959 3212 102
101 7676 4494 4373 5101 102
101 7676 5823 7430 4237 3966 102
101 7676 6989 5692 3799 7861 102
101 7676 5591 4143 7613 102
101 7676 5591 5597 2961 7427 2894 912 4534 102
101 7676 4018 5420 2207 5597 102
101 7676 5886 1959 3779 7427 2894 5412 1920 1164 7934 102
101 7676 5886 4635 6983 6035 6112 5412 1920 1164 7934 102
101 7676 5886 4171 7430 7804 5922 7623 4665 102
101 7676 5886 2961 7755 6989 102
101 7676 6793 1830 3362 6028 4143 7613 102
101 7676 6793 7016 7676 5591 6028 4143 7613 102
101 7676 6793 7016 5106 5187 4216 102
101 7676 6793 7016 7430 5489 4143 7934 102
101 7676 6793 7919 3717 7430 113 1281 114 102
101 7676 6793 7464 4374 7430 4413 102
101 7676 4083 6629 1385 7027 5491 102
101 7676 4083 6629 1385 7679 7051 5961 102
101 7676 4083 6629 1385 2075 7430 102
101 7676 5933 4125 7983 3362 4281 1959 102
101 7676 5933 4281 1959 2357 3306 2225 6999 5263 3763 102
101 7676 5933 4281 1959 6999 5263 3763 102
101 7676 5933 2341 1046 1213 6999 5263 3763 102
101 7676 5933 7591 1456 1476 1565 2897 7136 102
101 7676 5933 7458 3899 3900 102
101 7676 3599 5868 5843 7458 3899 3900 102
101 7676 7430 1814 2207 5489 6486 102
101 7676 7777 6629 1385 6028 676 3209 3780 102
101 7676 7148 3717 3362 5763 102
101 1120 746 1378 4124 2695 3152 5695 3362 102
101 1192 4649 2207 6057 3379 4665 102
101 1192 4649 7937 6486 3152 3190 4665 102
101 1192 4649 6793 3492 1100 4478 7430 3966 102
101 1192 4649 6793 3492 2075 5892 5489 7619 102
101 1192 4649 6793 3492 7804 5489 1259 102
101 1192 4649 6793 3492 7430 1959 3779 5169 2793 7934 102
101 1192 4649 6793 3492 7430 5489 4246 102
101 1192 4649 6793 3492 7430 3966 102
101 1333 722 3362 2179 2207 6057 3379 7804 3362 1120 102
101 1333 1456 7946 4397 4403 102
101 1333 1456 7430 6028 7676 7136 6028 102
101 1333 1456 6221 1759 1385 102
101 1333 5842 1378 4124 7471 5763 102
101 1538 2180 843 4265 7003 1959 5763 102
101 1538 2180 5195 1073 843 4265 5763 102
101 1909 3189 6205 4478 1102 5401 2466 113 2108 5059 7361 2137 114 102
101 1909 3189 6205 4478 6999 5263 3763 102
101 1909 3189 5695 5695 5695 3362 7591 1456 7458 3899 3900 102
101 2617 5401 5844 2797 3056 6629 1385 3472 102
101 2794 7411 100 5489 4413 6863 1798 6727 5131 5868 5843 1366 1456 102
101 2897 4788 2306 1044 4495 4495 745 7922 7922 2947 102
101 2897 4788 2306 1044 4495 5692 6210 4495 745 1377 7520 102
101 2897 5546 3996 6738 4189 4944 4289 7430 5489 7934 3763 2861 102
101 2897 7136 1476 1565 102
101 3419 1213 7770 2342 782 1377 1377 3472 102
101 3424 5709 2207 7930 1566 6983 7458 3899 3900 102
101 3424 1094 2207 3763 2861 102
101 3424 1094 1059 5162 3763 2861 102
101 3424 1094 5162 676 3344 4143 7613 102
101 3424 1094 5162 7471 7016 7029 5823 5412 1920 1164 7934 102
101 3424 1094 7941 7032 7797 6028 102
101 3425 5126 803 1957 5148 5763 102
101 3435 2094 5709 7471 5763 102
101 3706 1107 7430 118 5709 7425 7004 7430 5597 102
101 3706 1107 7430 118 1192 4649 6793 3492 5597 102
101 3706 1107 7430 118 1649 5412 7430 5489 676 6235 7613 5141 102
101 3706 1107 7430 118 5920 3779 7430 5597 102
101 3805 2466 2802 2862 6500 5489 7613 102
101 3805 2466 6989 4156 6727 3670 6101 4373 5101 4275 102
101 3805 2466 3496 1959 2897 7136 102
101 3805 2466 3496 3723 5199 1476 1524 7430 5489 7613 113 6793 114 102
101 3805 2466 5199 1476 1524 7430 102
101 3805 2466 7000 6793 7804 6076 1107 7934 102
101 3805 2466 3600 3597 6076 3817 5692 4275 102
101 3805 3805 1331 1959 7458 3899 3900 102
101 3805 1751 138 100 140 7676 5546 1305 1568 5961 3454 118 3189 2466 3862 5726 102
101 3805 1751 138 100 140 7676 5546 1305 1568 5961 3454 118 1333 1456 102
101 3805 1751 138 100 140 7676 5546 1305 1568 5961 3454 118 7502 2466 4240 4171 102
101 3805 4083 6944 106 1959 5763 7591 1456 7458 3899 3900 102
101 3862 1456 3315 709 7093 5255 7427 4403 858 4373 5416 102
101 3862 2419 3051 6500 5496 7430 4125 7102 1947 7623 102
101 3862 2419 3051 7859 7860 7102 1947 7623 102
101 3862 5726 6486 5576 1456 1680 3966 102
101 3862 5726 7797 3352 3472 102
101 3862 5726 7430 2961 2947 912 4534 102
101 3862 2380 5546 5026 5489 102
101 3862 7983 4403 5546 4649 5503 5591 102
101 3862 7804 1920 7016 3173 3513 1920 7613 5141 102
101 3862 7804 6486 5576 4216 102
101 3862 7804 2847 5958 102
101 3862 7804 7797 3352 102
101 3862 7804 7959 3472 102
101 3862 7862 118 5857 2332 6500 5589 102
101 3862 5976 7029 5831 3763 2861 102
101 3862 7921 4281 1959 7458 3899 3900 102
101 3862 7921 6044 6057 4281 1959 7458 3899 3900 102
101 3862 7921 3600 3597 7458 3899 3900 102
101 4166 3449 5931 5746 5199 6999 5263 3763 102
101 4166 2085 2085 7946 3312 5455 7463 102
101 4167 4171 3527 3362 7591 1456 2897 7136 102
101 4171 7430 4252 5591 4635 7016 4187 7613 102
101 4171 7430 5270 4944 3229 5922 3763 2861 7623 102
101 4294 4083 5401 2466 102
101 4294 4083 2897 7136 102
101 4294 6908 5401 2466 1476 1565 102
101 4294 6908 2897 7136 102
101 4696 2552 1378 5831 2397 6509 4635 5831 4018 102
101 4861 7798 5965 5803 4665 102
101 4867 5491 1213 4245 7621 4281 745 102
101 5106 5148 5770 5803 1377 1377 102
101 5106 5148 6057 3425 5981 3362 6999 5263 3763 102
101 5153 6205 5984 3215 4958 5981 3362 1147 4275 102
101 5153 6205 5984 7941 7032 1936 4530 3362 1147 4275 102
101 5153 6205 5984 7941 7032 1936 4530 3362 1606 1057 4665 102
101 5153 6205 5984 7427 5682 1936 4530 3362 1147 4275 102
101 5153 4078 5679 4171 7430 676 6235 7613 5141 102
101 5153 4078 5679 6793 1456 4171 5420 102
101 5543 7030 803 1957 5148 2342 2292 5868 5843 102
101 5546 4275 4193 5131 2357 672 7458 3899 3900 102
101 5546 4649 6028 5130 118 2341 1046 1213 1933 2552 7619 1366 1456 102
101 5763 4374 4189 4125 4166 7983 102
101 5763 4374 4189 4125 4166 7983 2897 7136 102
101 5763 3966 3298 5429 5428 3600 3597 102
101 5763 3966 3298 6223 7509 2897 7136 102
101 5763 5864 6028 4635 672 102
101 5770 5803 4281 1959 6999 5263 3763 102
101 5770 5803 4281 1959 7458 3899 3900 102
101 5770 5803 1377 1377 7591 1456 3469 5709 5131 102
101 5770 5803 1959 6991 7591 1456 745 1217 102
101 5770 5803 1933 2552 1759 1385 102
101 5770 5803 745 6991 676 3209 3780 102
101 5770 5803 3362 3799 7934 1259 102
101 5770 5803 6629 1894 6028 5130 6999 5263 3763 102
101 5770 5803 7274 6880 7458 7643 7458 3899 3900 102
101 5770 5803 4200 745 7591 1456 4281 1959 5131 102
101 5770 5803 6999 1959 3212 102
101 5770 5803 1032 3419 7458 3899 3900 102
101 5770 5803 7458 3899 3900 102
101 5770 5803 2761 1959 6999 5263 3763 102
101 5770 6076 102
101 5770 6076 785 102
101 5775 3363 3362 2179 1366 2697 6727 5131 102
101 5775 3363 4166 7983 7458 3899 3900 102
101 5775 3363 6523 1964 5148 5763 102
101 6629 1385 1724 7028 1941 4229 4318 1836 102
101 6629 1385 2847 5958 1259 123 119 121 102
101 6629 1385 3836 2205 676 3209 3780 102
101 6629 1385 3862 7804 7797 3352 102
101 6629 1385 6028 5130 7458 3899 3900 102
101 6629 1385 5653 5696 5945 2357 672 102
101 6629 1385 1849 7458 3899 3900 102
101 6629 1385 7430 5489 5412 1920 1164 7934 102
101 6837 872 7434 6101 1456 7797 3352 102
101 6837 872 5868 5843 5380 113 5131 3362 114 102
101 7679 934 1713 6908 5148 2552 5706 3556 1032 3419 1849 102
101 7679 934 1713 6908 5198 1394 5803 1032 3419 4636 1274 102
101 7679 934 1713 6908 1333 1456 7804 745 1032 3419 102
101 7679 934 1713 6908 5965 5803 7804 745 1032 3419 102
101 7679 6793 7937 6793 7861 6117 2184 5106 102
101 7770 7927 5831 6500 5489 4225 3717 7618 102
101 7770 7136 118 6837 872 2341 1046 1213 2947 102
101 746 3344 4151 4125 4240 5489 1259 102
101 746 3344 4151 4125 4240 5489 2995 912 4534 102
101 978 6716 100 5489 7623 4665 102
101 978 2434 2562 1403 5148 6486 5951 785 3717 102
101 978 2434 2562 1403 3424 1755 5148 3474 3717 102
101 978 2434 2562 1403 7946 6486 3748 3209 2094 102
101 1751 2155 712 2446 2255 3862 2539 4397 867 6663 4274 102
101 1824 3418 7804 5823 5709 3496 5831 102
101 1830 3362 5982 5823 7471 7016 5412 1920 1164 7934 102
101 2301 3315 5775 3363 3384 7676 3362 5763 102
101 2301 3315 5803 3362 745 7000 7614 102
101 2301 3315 5803 3362 7614 102
101 2301 3315 7921 722 5709 4193 5131 1959 5763 102
101 2539 3160 2207 7631 100 5401 2466 4171 7430 5597 102
101 2539 3160 2207 7631 166 686 4518 4638 2255 2200 1918 2404 1538 2993 7430 102
101 2539 3160 2207 7631 100 686 4518 4638 2255 2200 1918 2404 7430 5420 102
101 2539 3160 2207 7631 100 6522 3559 2548 2336 7591 1456 100 4171 7430 5420 102
101 2539 3160 2207 7631 166 5612 7678 4192 7755 4908 6182 2961 7755 6989 102
101 2539 3160 2207 7631 166 5612 7678 6057 3723 7016 4240 7430 2961 102
101 2539 3160 2207 7631 4125 5597 5489 5187 7941 7032 6028 4143 7613 102
101 2539 3160 2207 7631 1959 3779 1824 3418 5412 1920 1164 7934 102
101 2539 3160 2207 7631 3763 5763 6500 5489 6028 4143 7613 102
101 2539 3160 2207 7631 2875 4277 3717 4203 1259 102
101 2539 3160 2207 7631 2875 4277 3717 7618 102
101 2539 3160 2207 7631 5401 2466 7676 6793 7430 672 102
101 2539 3160 2207 7631 5401 2466 5153 1953 5679 7591 1456 4171 7430 5420 102
101 2539 3160 2207 7631 5401 2466 5195 1073 5153 1953 5679 4171 7430 5420 102
101 2539 3160 2207 7631 7676 6793 4156 7430 4413 102
101 2539 3160 2207 7631 1333 1456 2075 7430 1846 102
101 2539 3160 2207 7631 3805 2466 2802 2862 6500 4143 7613 102
101 2539 3160 2207 7631 4908 6182 4018 7430 5420 102
101 2539 3160 2207 7631 2168 7927 5101 4635 5101 7613 102
101 2539 3160 2207 7631 3492 7921 7921 6989 7430 102
101 2539 3160 2207 7631 5166 5101 7613 102
101 2539 3160 2207 7631 6632 1045 5101 4635 5101 7613 102
101 2539 3160 2207 7631 6793 1456 7430 3394 3454 102
101 2539 3160 2207 7631 7502 2466 3796 5831 7102 6528 102
101 2539 3160 2207 7631 7502 7591 2863 2863 4156 7430 102
101 2539 3160 2207 7631 7502 7591 3817 7021 4156 7430 102
101 2539 3160 2207 7631 7502 7591 4494 6793 7016 4156 7430 102
101 2539 3160 2207 7631 7804 5489 7102 6528 102
101 2539 3160 2207 7631 4255 4143 4018 7430 100 102
101 2539 6908 784 7093 3862 7804 4251 7934 102
101 2539 6908 5489 7777 7613 5141 102
101 2658 782 3362 3496 3362 7032 4166 7983 102
101 2658 782 3362 3496 3362 7471 5763 102
101 2961 7755 6989 3966 7934 102
101 2961 7755 7430 6629 1385 4143 7934 7934 1259 102
101 2961 7755 7430 7016 7676 2075 7430 5541 102
101 3294 1506 7524 7591 1456 6793 4229 4318 102
101 100 2094 5709 1959 7471 102
101 100 2094 5709 7471 5763 102
101 3458 1828 4192 1476 1565 1728 803 5770 5763 102
101 3909 3717 138 2548 6168 140 1333 1456 7797 6989 102
101 3909 3717 138 2548 6168 140 1333 1456 6076 6989 102
101 3909 3717 138 2548 6168 140 6793 1456 7797 6989 102
101 3909 3717 138 2548 6168 140 6793 1456 6076 6989 102
101 3909 7927 100 6983 5892 6035 6049 4171 7613 5141 102
101 3926 4494 5886 7676 1456 5709 4495 102
101 4187 4171 1959 3779 6076 785 6858 2552 5106 102
101 4187 4171 3209 1922 2094 5022 2211 7934 102
101 4187 4171 6629 1385 7427 7643 5022 2211 7934 102
101 4187 4171 5931 5746 6629 1385 1724 3175 7934 102
101 4187 4171 7427 6629 1385 7802 7797 676 3209 3780 102
101 4412 5892 1765 4478 102
101 4494 6486 6076 785 102
101 4494 7921 6057 6295 4281 1959 7458 3899 3900 102
101 4670 7676 4397 2130 4225 5695 3362 7804 3362 1120 102
101 4670 7676 4397 7439 1305 2170 1921 3362 1120 113 5775 3363 7591 1456 114 102
101 5110 7616 5143 7430 2961 4143 7613 102
101 5171 5646 5952 3678 7861 1100 5106 102
101 5186 671 3312 4478 4281 745 7458 3899 3900 102
101 5186 671 2357 672 1102 3763 102
101 5800 1754 4281 1959 7458 3899 3900 102
101 5801 5801 4171 7430 7934 3763 2861 102
101 5803 1962 3362 5108 1102 5763 102
101 5803 3362 5148 5763 102
101 5811 2153 5399 5148 4240 5399 5489 4257 102
101 6028 4635 1213 7030 7613 1318 118 5153 1953 5679 4171 7430 7591 1456 102
101 6028 4649 5709 4495 102
101 6028 7941 1959 7676 7934 1259 102
101 6028 1849 1377 7520 102
101 6727 100 746 6991 4413 102
101 6865 4397 5692 3799 7434 7463 1959 1120 6028 5130 102
101 7029 5831 6486 5576 3472 102
101 7029 4240 5001 6743 7934 1259 102
101 7376 1649 6344 5429 5428 7862 1756 3862 7804 5416 102
101 7411 2338 3600 3597 5763 7458 3899 3900 102
101 7434 4635 7797 6486 5576 102
101 7797 561 4499 3783 7016 5546 4275 102
101 7797 1317 7983 6076 7591 1456 3763 2861 7613 5141 102
101 7797 6486 5576 1456 2207 7797 6863 1798 7797 3352 102
101 7797 3352 6793 4143 2399 5130 102
101 7922 1051 2294 4083 4189 5763 2897 7136 102
101 7930 3683 2145 3867 1265 7619 2157 2431 5998 118 5198 1394 102
101 7937 3779 5101 6117 102
101 7937 3779 5823 5823 2863 7613 102
101 7937 3779 4240 6983 1759 7430 1100 5106 102
101 7937 3779 7430 3966 102
101 7937 3779 7430 7613 5141 102
101 7937 3779 7921 4147 4171 6500 5489 7613 1318 102
101 7937 1488 4607 5489 3966 102
101 7937 2038 6486 5576 4251 7613 113 1872 7030 4276 114 102
101 7937 6793 2207 7983 6076 1366 1456 102
101 7937 6793 4281 5489 4257 102
101 7937 6793 3492 7676 6500 6117 4216 102
101 7937 6793 7102 4281 5489 7934 113 3796 7934 114 102
101 1134 5958 3763 2861 102
101 1134 5958 7591 1456 2075 7430 7804 5922 2947 7619 102
101 1134 5958 7430 5489 3763 2861 102
101 1300 1914 3209 1922 2094 1959 3779 7613 5141 102
101 1300 2145 3862 7921 2075 7430 5541 102
101 1599 889 4633 118 5709 5823 5148 100 5101 5130 102
101 1606 671 5155 6546 2207 1318 5101 5106 102
101 1606 1501 1476 1565 102
101 1606 1501 5401 2466 102
101 1606 1501 2897 7136 102
101 1902 4528 2238 118 4156 7430 2961 6629 1385 1476 1524 4187 7613 102
101 1902 5998 7016 4147 4171 4281 7613 5141 102
101 2168 1894 2255 1921 4197 3717 102
101 2168 3300 4494 3398 113 2779 1147 100 4665 114 102
101 2168 7093 3572 1456 1680 6513 709 6028 5709 3966 102
101 2168 7093 3572 118 1192 4649 6793 6076 3998 6028 4251 7613 102
101 2170 5650 4281 676 2188 2894 4676 102
101 2990 2861 5101 5979 102
101 2990 2861 5101 5979 7458 3899 3900 102
101 2995 912 4534 118 7946 5529 3492 4171 7430 102
101 2995 912 4534 118 6498 5836 4908 6182 7427 2894 102
101 3249 5397 3200 3172 7591 1456 746 6991 4125 5597 3763 2861 102
101 3253 1073 2207 1501 118 1476 1565 1120 102
101 3253 1073 2207 1501 118 5748 5799 5763 1120 102
101 3253 5739 2424 1814 5489 4246 5101 5130 7613 5141 102
101 3253 5739 118 1298 6116 4156 7430 7427 775 1904 1385 102
101 3253 5739 118 6629 1385 4125 5597 2207 1759 1385 102
101 3253 5739 118 3949 2466 7016 4244 4281 5489 4251 7613 102
101 3253 2155 3298 7631 677 1501 4192 7095 2961 7755 102
101 3253 5836 118 1266 5823 3998 7430 4251 7613 102
101 3253 5836 118 2424 1814 5489 4246 1331 1147 2961 7755 7613 102
101 3253 5836 3346 1786 5489 102
101 3253 5836 118 3351 7463 4171 7430 5412 1920 1164 7934 102
101 3253 5836 118 3351 7463 6629 1385 4171 7430 5412 1920 1164 7934 102
101 3253 5836 1331 4281 5489 6629 1385 4031 1836 102
101 3253 5836 5148 4240 4281 5489 7934 102
101 3253 5836 118 7676 4171 7797 2961 7471 7016 4237 7613 102
101 3253 5836 100 7927 2453 100 4171 5490 2961 858 3229 5922 102
101 3253 5836 118 3862 7804 1959 3779 6509 3670 7934 102
101 3253 5836 6983 2421 5148 2552 5706 3556 6629 1385 6028 5130 102
101 3253 5836 3926 4237 4281 5489 7934 102
101 3253 5836 2995 912 4534 118 7946 3351 7463 7029 5823 7430 5597 102
101 3253 5836 5965 5803 6629 1385 6028 5130 102
101 3469 5709 5131 1377 1377 5106 113 3762 3796 7614 114 102
101 3469 6158 1286 5748 5199 7458 3899 3900 102
101 3472 3472 5131 100 100 3621 102
101 3481 3719 4281 1959 5131 7458 3899 3900 102
101 3481 3719 1377 1377 5546 4649 7676 5770 7591 1456 1102 3899 3900 7434 3836 102
101 3481 3719 5148 6486 2851 5763 7591 1456 1102 3899 3900 7434 3836 102
101 3490 4289 4638 1032 5695 3362 6057 3425 1032 3419 102
101 3492 7676 3984 3787 6028 102
101 3492 7921 3600 3597 7807 7797 7613 5141 102
101 3492 7921 7921 6989 7430 102
101 3494 5131 2897 7136 102
101 3949 2466 3862 7380 5198 1394 4240 6546 102
101 3949 2466 6983 7676 5626 5591 7613 102
101 4189 4125 4166 7983 4397 4403 1959 5763 102
101 4189 4125 4166 7983 2897 7136 4397 4403 102
101 4189 5763 1959 5901 2897 7136 102
101 4189 5763 2897 7136 102
101 4189 5763 7930 7930 7458 3899 3900 102
101 4193 5131 2357 5945 102
101 4193 5131 5489 3424 2947 102
101 4193 5131 3417 3425 1476 1565 2947 102
101 4193 5131 4424 4391 1300 1894 5763 113 100 114 102
101 4193 5131 4454 1936 3321 102
101 4195 4125 6205 4478 7458 3899 3900 102
101 4424 4391 2207 5864 1959 5763 102
101 4424 4391 2207 5864 4397 4403 1959 5763 102
101 4424 4391 2207 5864 5148 5763 102
101 4424 4391 2207 5864 5148 5763 2897 7136 102
101 4424 4391 2207 5864 2897 7136 4397 4403 102
101 4528 5746 5489 7016 5412 1920 1164 7934 102
101 4528 5746 6028 5709 3966 102
101 4634 4634 4288 1842 4382 4456 7591 1456 1959 5763 102
101 5024 4635 5026 102
101 5025 2094 7065 7803 7613 5141 102
101 5030 798 5101 5130 102
101 5114 1921 2094 118 7350 4634 2374 7676 5823 7430 5489 5114 102
101 5114 1921 2094 118 2451 2466 4649 6028 4607 5489 4216 5114 102
101 5166 3433 3362 5108 2207 5864 5148 5763 102
101 5166 3433 3362 5108 100 2094 5709 7471 5763 102
101 5166 5831 6028 5709 3966 102
101 5166 5961 4491 3412 1366 1456 1377 3556 7619 102
101 5187 5184 1959 5901 2851 5763 102
101 5187 5184 1959 5901 1094 6725 5401 2466 102
101 5187 5184 1959 5901 2990 2861 5101 5979 102
101 5653 5696 5945 2357 672 102
101 5653 3490 4031 1836 2961 3763 2861 113 3490 4289 5489 114 102
101 5833 5831 6028 5709 3966 102
101 5836 3205 7606 7797 1317 3862 7804 1318 102
101 5838 2526 6540 4125 2255 7854 3459 1147 4275 102
101 5843 6651 3215 4413 6999 5263 3763 102
101 6631 4912 5489 1501 7919 6989 7430 102
101 6631 5159 3285 686 1936 3836 5984 1990 5868 5843 7434 5130 102
101 6632 2466 7000 6793 7430 5187 1107 7934 102
101 6989 4171 5546 4649 2548 1751 6500 5589 102
101 7274 2552 3362 100 4649 1288 3299 4240 102
101 7274 2552 3362 1283 2251 6028 5130 102
101 7274 2552 3362 7458 3899 3900 102
101 7274 7382 4635 5831 102
101 7382 1045 5868 5843 1759 1385 102
101 7382 3209 3217 1921 3189 2466 1476 1524 4353 2094 7531 102
101 7382 3209 3217 1921 1367 3193 1456 7676 5823 5001 5026 5114 102
101 7382 3209 3217 1921 7029 5823 4141 7613 7613 5141 102
101 7382 3209 3217 1921 1849 7676 100 672 4251 7613 102
101 7518 1921 3315 5770 6738 7953 7990 5725 5601 118 6044 6057 102
101 7941 7032 4373 5101 3472 102
101 7941 7032 4156 6500 2961 4373 2094 713 102
101 7941 7032 7676 6989 7430 5597 2961 102
101 7941 7032 5420 1259 7613 102
101 7941 7032 6629 1385 7676 7430 1846 113 7028 5175 114 102
101 7941 7032 5597 2961 3763 2861 102
101 7941 7032 6076 2961 1836 102
101 7941 7032 6500 2961 676 3209 3780 102
101 7941 7032 5935 7930 5763 113 100 114 102
101 7941 7032 7464 4374 5597 3454 102
101 7941 4244 7430 102
101 7946 709 673 7983 4403 100 6863 1798 2075 803 5770 1120 102
101 7946 709 1100 4478 3600 3597 1429 1120 7614 102
101 7946 709 2875 4277 803 5770 1429 1120 7614 102
101 7946 3351 3763 1894 6999 5263 3763 102
101 7946 3351 7463 1366 1456 3817 5692 4275 102
101 7946 5698 7937 4281 1959 7458 3899 3900 102
101 7946 5529 3492 5162 7430 1846 102
101 7946 5529 3492 6629 1385 4125 5597 2342 7616 1259 102
101 7946 5529 3492 6500 3394 6028 1836 102
101 7946 5529 3492 6500 3394 5901 7613 102
101 7946 4934 5770 5104 3496 3474 102
101 7946 5131 4397 1959 6999 5263 3763 102
101 7946 5131 4397 4403 3058 1959 102
101 7946 4265 1759 7946 7005 3412 1102 4834 5125 1501 5401 2466 102
101 1001 7676 4018 5489 7613 7613 5141 113 1281 114 102
101 1001 2658 7676 5933 102
101 1635 1583 6057 3425 745 7000 6727 5131 102
101 1755 2255 118 3717 3362 4636 1274 7934 1259 102
101 1755 2255 118 2539 2272 1377 1377 7934 1259 102
101 1755 1755 5148 6486 3966 102
101 1849 1395 4294 6878 6210 5709 7274 5198 1394 1283 2251 6028 5130 102
101 1849 7676 7919 5922 7430 4413 113 1059 5162 114 102
101 1855 4171 6495 676 6235 7613 5141 102
101 2695 2616 3492 5698 4143 7430 672 102
101 2695 2616 3492 5698 7934 102
101 2695 2616 5920 5920 7934 102
101 2695 7630 1920 773 118 2341 1046 1213 4255 4043 5833 5987 102
101 2695 7934 3184 118 784 7093 3862 7804 102
101 2695 7934 3184 118 7676 5823 5489 4246 102
101 3015 3015 3763 2861 118 3209 1922 2094 6076 6076 102
101 3015 3015 3763 2861 118 3974 2552 6028 7802 7797 102
101 3173 1350 5018 2207 5096 3966 1259 102
101 3173 1350 5018 6500 5489 4225 3717 7618 102
101 3173 7679 6793 5195 1073 7937 6793 7102 5175 102
101 3173 7679 6793 5608 1333 6028 4635 7102 5175 102
101 3173 6523 3836 2014 1265 3472 5770 5803 6629 1385 6028 5130 7591 1456 102
101 3173 6523 3836 7591 1456 7427 7630 3796 5696 102
101 3173 3513 677 7613 5141 118 2539 6908 5891 4240 7816 102
101 3173 3513 677 7613 5141 118 4206 4252 7065 7803 102
101 3173 3513 677 7613 5141 118 4225 2768 3209 1922 2094 7803 7797 102
101 3173 3513 677 7613 5141 118 5920 7921 4495 7803 102
101 3173 3513 677 7613 5141 118 7803 7797 7803 7797 1317 102
101 3173 3513 1920 118 3862 7380 1318 1904 1385 102
101 3173 7804 3184 3817 5920 102
101 3173 7804 3184 4496 7077 2207 4635 5831 102
101 3173 7804 3184 4496 7077 3779 5831 102
101 3173 7804 3184 4496 7077 7471 3736 5831 102
101 3173 5270 7930 1759 1385 102
101 3265 2552 4240 803 5770 102
101 3496 2094 7591 1456 1476 1565 2897 7136 102
101 3496 2094 5546 7619 102
101 3496 3362 2861 5763 113 3762 3796 7614 114 102
101 3496 7676 1102 5401 2466 113 2108 5059 7361 2137 114 102
101 3496 7676 1094 6725 2897 7136 102
101 3496 3474 6057 4281 1959 102
101 3496 3474 6057 2897 7136 102
101 3496 3496 1959 1959 7458 3899 3900 102
101 3501 3363 4491 7463 1102 3763 102
101 3501 3363 4491 7463 6999 5263 3763 102
101 3502 5131 2207 1377 7520 102
101 3513 7643 118 1217 3779 3924 7005 2863 2863 7934 102
101 3513 7643 118 1378 704 7591 1456 100 5489 7613 912 4534 102
101 3513 7643 118 1724 2335 7591 1456 7937 6793 6486 5576 7613 102
101 3513 7643 118 3763 5763 6500 5489 4251 7613 102
101 3513 7643 118 3360 5475 3209 7430 5489 7613 102
101 3513 7643 118 2145 2157 2207 4143 4251 7613 102
101 3513 7643 118 5148 3779 1366 3717 7430 1107 7934 102
101 3513 7643 118 7676 5591 7427 2894 912 4534 102
101 3513 7643 118 7676 6793 7937 7016 3893 7934 102
101 3513 7643 118 3862 7380 7427 7643 912 4534 102
101 3513 7643 118 4696 7616 4240 5489 2863 7934 102
101 3513 7643 118 3492 7921 1920 7430 2961 912 4534 102
101 3513 7643 118 3998 6028 4281 5489 4251 7613 102
101 3513 7643 118 5195 1073 7937 7016 3893 7934 102
101 3513 7643 118 6498 5836 2335 6793 4125 5597 3893 7934 102
101 3513 7643 118 6498 5836 7430 5187 3893 7934 102
101 3513 7643 118 1956 6629 3959 4908 6182 4018 2961 102
101 3513 7643 118 1956 6629 3959 6727 4240 5489 912 4534 102
101 3513 7643 118 7016 7676 4167 6028 912 4534 102
101 3974 2552 6028 3817 5692 102
101 3974 2552 6028 5153 1953 5679 7591 1456 4171 7430 676 3209 3780 102
101 3998 4255 1377 3556 7458 3899 3900 102
101 4200 745 4281 1959 7458 3899 3900 102
101 4206 4252 4125 5597 6629 1385 1134 5958 1836 102
101 4206 4252 6629 1385 102
101 4206 4252 7803 7797 117 2359 4989 6509 3763 2861 102
101 4206 4252 7803 7797 7591 1456 2947 102
101 4212 4240 7591 1456 6727 7755 7430 5489 709 102
101 4212 4240 6500 2961 5270 7608 7623 4665 102
101 4212 4240 7430 5597 5489 706 102
101 4212 4240 100 7797 1920 3418 7613 5141 102
101 4534 3645 3966 102
101 5195 1073 9149 1476 1565 7458 3899 3900 102
101 5195 1073 676 3209 3780 102
101 5195 1073 2207 5096 3966 1259 102
101 5195 1073 2341 1046 1213 7614 102
101 5195 1073 1102 4834 2897 7136 102
101 5195 1073 5489 7777 7613 5141 102
101 5195 1073 5401 2466 102
101 5195 1073 5401 2466 6629 1385 2342 4281 1836 102
101 5195 1073 5401 2466 7430 4413 102
101 5195 1073 1333 1456 7458 3899 3900 102
101 5195 1073 2897 7136 102
101 5195 1073 2897 7136 7458 3899 3900 102
101 5195 1073 3706 3796 5401 2466 102
101 5195 1073 4528 5746 5489 7016 5412 1920 1164 7934 102
101 5195 1073 7941 7032 5597 3454 102
101 5195 1073 7946 4149 6999 5263 3763 113 4281 1959 114 102
101 5195 1073 7946 4149 6999 5263 3763 113 1476 1565 114 102
101 5195 1073 6044 6057 7777 7619 102
101 5195 1073 4018 5489 7613 102
101 5195 1073 3040 1305 2897 7136 102
101 5195 1073 7427 5682 2207 3796 5696 102
101 5412 1920 1164 7934 102
101 5412 2466 1107 7934 113 2108 5059 7361 2137 114 102
101 5412 2466 1476 1565 102
101 5412 2466 7676 5770 7430 5489 102
101 5412 2466 4171 4528 5746 7430 5541 3229 5922 3763 2861 7623 102
101 5412 2466 2075 7430 102
101 5412 2466 2075 7430 1377 7520 102
101 5412 2466 4083 5240 102
101 5412 2466 5931 5746 5489 7016 5412 1920 1164 7934 102
101 5412 2466 5931 5746 5489 7016 3627 1990 6028 1259 7613 102
101 5412 2466 5931 5746 5932 5823 5412 1920 1164 7934 102
101 5412 5401 4281 1959 7458 3899 3900 102
101 5412 5401 803 5770 1959 5763 102
101 5412 5401 3424 1755 5148 3474 5763 102
101 5412 5401 5770 5803 1377 1377 7434 5130 102
101 5412 5401 4192 1217 5131 7770 7048 6486 1959 102
101 5412 5401 7941 7032 4192 5131 7930 5763 102
101 5412 5401 7946 7619 746 7804 745 7067 7147 4240 1102 3899 3900 102
101 5412 5401 5199 6486 3763 4281 1959 1102 3472 102
101 5469 2548 7430 5489 6028 4635 3472 118 5412 2466 7591 1456 102
101 5857 710 5148 6486 7458 3899 3900 102
101 5868 2466 1283 2251 6028 1849 102
101 5878 5709 5104 1377 1377 102
101 6044 6057 5700 3314 7027 5491 4125 5597 102
101 6044 6057 3384 3580 7458 3899 3900 102
101 6044 6057 5148 5763 102
101 6044 6057 5148 5763 7804 1959 5763 102
101 6044 6057 3706 3796 5401 2466 102
101 6044 6057 3862 7921 3600 3597 1590 5131 102
101 6044 6057 4424 4391 7471 5763 102
101 6044 6057 4424 4391 7804 1959 5763 102
101 6044 6057 7458 3899 3900 102
101 6044 6057 7804 1959 113 100 120 100 114 102
101 6044 6057 3600 3597 7458 3899 3900 102
101 6296 798 5988 1490 6500 1282 676 7676 3449 2397 5546 1148 1259 102
101 6803 2552 6631 2342 6789 3344 7934 1146 775 5175 102
101 6991 3459 4281 1959 3362 3212 102
101 6991 3459 7804 6076 3193 1286 7623 102
101 6991 3459 7804 6076 3763 2861 102
101 7052 1587 7284 100 4347 5823 5987 5914 5130 102
101 7052 1587 7284 2168 6523 758 4886 5922 7608 1947 7623 102
101 7052 1587 7284 6493 3119 4635 3351 7463 3779 7613 102
101 7520 710 3556 118 3805 2466 2802 2862 6500 5489 7613 102
101 7520 710 3556 118 3805 2466 2802 2862 6500 7613 5141 102
101 7520 710 3556 118 3805 2466 4171 7430 1107 7934 102
101 7520 710 3556 118 6878 6210 3805 2466 2802 2862 7430 2863 7934 102
101 1918 4494 2238 1305 1894 6888 7427 7630 7808 7797 4240 102
101 1918 4494 2238 1305 3172 4294 2861 6028 5130 113 4193 5131 1305 1894 6888 114 102
101 1918 4494 2238 5148 6486 7804 1959 3779 7427 7630 7067 7147 4240 102
101 1918 4494 2238 7946 5131 1305 1894 6888 100 7808 7797 4240 102
101 2075 4171 7676 3160 7430 5541 2961 5922 4021 4665 102
101 2075 7430 5541 7471 7016 5412 1920 1164 7934 102
101 2714 4215 4193 5131 2897 7136 102
101 2714 4215 4193 5131 7458 3899 3900 102
101 3186 7797 7946 6743 102
101 3527 3362 2341 1046 1213 2947 2552 6989 4891 4665 102
101 3527 3362 7591 1456 4242 7930 2897 7136 102
101 3625 5659 825 2993 5101 3362 102
101 4018 1456 7676 5920 5489 709 102
101 4018 7959 6250 7676 4018 100 100 6028 102
101 4018 7959 6250 7937 6793 7430 100 102
101 4018 6500 6117 102
101 4021 4021 3862 7804 3763 2861 5546 1318 102
101 4021 4021 6028 3763 2861 1377 7520 102
101 4021 4031 1920 7623 7000 5831 4281 5489 2863 7934 102
101 4021 4031 2207 7676 5591 142 7471 5709 3492 102
101 4021 4031 1661 1661 1962 2207 7676 5591 102
101 4021 4031 5886 1456 4171 7676 5591 102
101 4021 7804 118 1147 798 7934 7591 1456 3779 7934 102
101 4021 7804 118 3763 5763 7799 7797 7591 1456 3779 7934 102
101 4021 7804 118 7000 5831 4281 5489 7591 1456 2157 2382 7934 102
101 4023 3859 1102 1476 1565 113 7361 1058 4500 114 102
101 4220 3315 679 4761 4125 3580 7458 3899 3900 102
101 4454 3419 7927 4294 2847 5958 102
101 4454 3419 7927 4294 5022 5052 7934 102
101 4823 4171 4240 5489 7613 7613 5141 113 1281 114 102
101 4886 2271 1061 1957 4083 2851 5763 2897 7136 102
101 4886 6250 3492 7937 3984 3787 6028 102
101 4886 3556 100 3362 5770 5803 6208 4658 5803 1032 6991 102
101 4886 3556 100 3362 5868 5843 1936 4530 3362 1032 6991 102
101 4886 3556 5632 4197 7439 1333 1456 1032 6991 102
101 4886 3556 6631 5543 6028 4635 4636 7676 3362 1032 6991 102
101 4886 3556 6631 5543 6028 4635 4192 1217 5131 1032 6991 102
101 4886 3556 4242 7930 5770 5803 1032 6991 102
101 5125 1501 4495 3496 1331 2897 7136 102
101 5125 1501 5401 2466 102
101 5125 1501 2897 7136 102
101 5125 1501 5412 2466 4083 5240 102
101 5125 1501 4242 7930 2897 7136 102
101 5198 1394 5803 3362 7458 3899 3900 102
101 5199 5001 5026 102
101 5199 5489 3817 7676 4478 113 2779 1147 100 4665 114 102
101 5199 6486 5886 4281 1959 6999 5263 3763 102
101 5199 2897 7136 3362 3212 102
101 5199 2188 4767 4192 5104 5868 5843 3344 102
101 5204 738 5152 1959 3779 7623 1259 102
101 5204 738 5152 1476 1565 102
101 5204 1914 7927 765 4640 2157 745 6991 6028 5130 102
101 5214 3382 7804 1959 1759 1385 102
101 5428 4373 2015 2015 5831 102
101 5886 5101 4321 7430 5597 102
101 5886 1456 5489 5416 102
101 5886 7676 1959 3779 4257 4171 5922 5831 102
101 5886 7676 3779 2196 6076 5412 1920 1164 7934 102
101 5886 5886 6793 4171 5597 2961 102
101 5888 5894 3362 1120 7614 118 5770 5803 1936 4530 3362 7591 1456 102
101 5888 5894 3362 1120 7614 118 1032 3419 7591 1456 102
101 5892 5773 2434 3449 5709 5489 1755 102
101 5892 6028 3966 102
101 6057 3723 1349 4240 1259 102
101 6057 3723 7430 672 676 6235 7613 5141 102
101 6057 7676 843 4265 2897 7136 102
101 6057 3425 7591 1456 7458 3899 3900 102
101 6057 6057 7274 2552 3362 7458 3899 3900 102
101 6057 7005 7430 5489 7029 5831 102
101 6180 7930 7427 745 6991 3417 3425 3627 2466 7934 1259 102
101 6738 4166 7983 2897 7136 102
101 6738 4166 7983 5763 1120 102
101 6738 4018 3229 5922 102
101 6793 2094 7430 672 4143 7613 102
101 6793 5576 745 7937 7016 6500 5489 2863 7934 102
101 6999 1909 7029 5803 6999 5263 3763 102
101 6999 7946 2272 7921 4281 1959 5131 7591 1456 7458 3899 3900 102
101 7000 4635 5831 4143 6500 758 5709 102
101 7854 3459 4125 7983 3362 3362 3212 102
101 1872 7030 3189 2466 6028 3763 2861 676 3209 3780 102
101 1872 7430 6028 4635 7623 102
101 1874 7797 7591 1456 2947 102
101 2184 2552 1754 5922 7608 2401 4886 1947 7623 102
101 2451 6888 7676 118 5489 7777 7613 5141 102
101 2492 4403 3749 3717 7458 3899 3900 102
101 2548 2466 2357 672 1849 102
101 2548 2466 7676 5591 3193 1286 7623 102
101 2548 2466 7676 5591 6028 3763 2861 102
101 2548 5591 3763 3763 7016 4528 5746 1107 7934 102
101 3556 3899 5981 3362 2401 6880 5380 113 1419 5097 6276 114 102
101 3627 2349 4156 7430 3796 5831 4143 7613 102
101 3627 1990 6028 4281 5489 1476 1524 7613 102
101 3627 2861 1923 7378 4487 3344 2341 1046 1213 3762 3796 7614 102
101 4071 3959 803 782 2958 7458 3899 3900 102
101 4225 2768 5148 7803 7613 5141 102
101 4229 4143 3763 5763 4281 5489 4251 7613 102
101 4229 2380 3717 3362 7458 3899 3900 102
101 5920 2831 7619 102
101 5920 4255 3763 5763 4281 5489 4143 7934 102
101 5920 7921 2797 3056 7430 3763 2861 102
101 5920 7921 7430 5489 7934 3763 2861 102
101 5922 775 712 5412 7937 3779 4347 7531 5823 4216 102
101 5922 3833 5597 2961 6171 1213 7623 4665 102
101 5922 7608 7802 7797 7613 5141 102
101 5927 5927 6929 3496 7676 1032 3419 113 5695 3362 3496 3496 114 102
101 6076 785 4635 7016 4187 4171 7613 102
101 6076 785 6028 4143 7613 102
101 6076 7016 7770 7927 5831 102
101 6500 6686 5709 102
101 6971 2374 987 5148 4240 5489 102
101 6971 2374 987 7000 4635 5831 6500 5589 7102 102
101 6971 2374 987 7800 7797 3862 4640 5416 102
101 7003 1377 1377 4495 1759 1385 102
101 7003 745 7676 1759 1385 102
101 7003 1331 4189 5763 7458 3899 3900 102
101 7003 7946 1331 1377 1377 102
101 7003 4083 7946 2341 7777 7619 102
101 2782 6983 7946 7032 7983 7770 5118 7004 6076 102
101 3578 3333 4156 7430 3173 3513 1920 7613 5141 102
101 3578 3333 6793 7016 4229 4318 102
101 3581 7676 2341 1046 1213 7458 3899 3900 102
101 4083 1377 1377 6028 5130 2947 102
101 4083 2897 1786 7027 5412 1920 1164 7934 102
101 4083 3805 2466 1959 5763 1959 5901 7434 5130 102
101 4083 5842 5401 2466 1476 1565 102
101 4083 5842 2897 7136 1476 1565 102
101 4083 7946 2341 1046 1213 7458 3899 3900 102
101 4240 4240 803 5770 102
101 4242 7930 1959 2897 7136 113 100 120 2695 722 1456 114 102
101 4242 7930 2897 7136 102
101 4360 7643 1331 6028 1824 3418 6028 7619 102
101 4360 7643 5946 4649 7941 7032 4203 7618 102
101 4360 7643 7427 6629 1385 5920 2831 7619 102
101 5064 7279 7676 7937 1959 7102 102
101 5131 4143 3412 2094 7458 3899 3900 102
101 5131 7005 4156 7430 102
101 5131 7005 7797 4275 102
101 5131 7005 7430 672 102
101 5612 7678 677 3966 2397 6509 4237 4166 7430 102
101 5612 7678 1333 4657 1331 5823 4237 7430 3966 102
101 5612 7678 5199 5001 5026 2961 7755 3966 102
101 5612 7678 3607 5709 6076 3779 7613 102
101 5638 100 5131 7005 7823 7797 102
101 5931 5746 5489 7016 5412 1920 1164 7934 102
101 5931 5746 6629 1385 2797 2339 1283 2251 7934 102
101 5933 943 5695 3362 6999 5263 3763 102
101 6506 1488 5131 4275 1759 1385 102
101 7093 7459 3559 3862 7804 5416 102
101 7401 5225 2335 1456 3229 5922 4143 7613 102
101 7401 5225 4635 7016 3351 7463 5412 1920 1164 7934 102
101 7477 2271 2851 5763 7458 3899 3900 102
101 7477 2271 2851 5763 7804 1959 5763 102
101 7983 6076 2797 2947 102
101 7990 4508 5857 5148 5763 6486 745 102
101 1032 3362 4494 1773 7003 1331 4225 2357 672 102
101 1032 3419 2506 5922 3472 3763 2861 102
101 1032 5828 4494 1773 803 5770 1120 102
101 1032 5828 4494 1773 1377 1377 4373 5101 4275 7804 1959 6991 102
101 1032 5828 4494 1773 3331 785 6486 5576 102
101 1032 5828 4494 1773 5148 6486 5166 5101 3966 102
101 1032 5828 4494 1773 7946 5131 6486 5709 102
101 1032 5828 4494 1773 7946 5131 3600 3597 2695 4373 102
101 1032 5828 4494 1773 3496 7676 5166 5692 7463 102
101 1032 5828 4494 1773 3501 3363 4491 7463 102
101 1032 5828 4494 1773 5888 5894 5951 785 5199 6486 3966 102
101 1032 5828 4494 1773 7065 5455 5909 2094 3966 102
101 1032 5828 4494 1773 3040 3040 1610 1610 4494 3966 102
101 1032 6549 3737 677 7613 102
101 3604 4478 3974 2552 6028 3229 5922 3763 2861 7623 102
101 4245 1914 4125 6793 7430 5489 2863 4143 7934 102
101 5244 1274 3893 7934 102
101 5946 5792 2341 1046 1213 6999 5263 3763 102
101 5961 3799 7804 5922 6028 3763 2861 102
101 7458 7360 1469 4281 7613 5141 102
101 7502 2466 4125 4195 6793 4171 7430 5597 102
101 7502 2466 3796 5831 1107 4166 7983 7934 102
101 7502 2466 3796 5831 4143 6500 758 5709 102
101 7502 2466 4143 7429 5831 102
101 7502 2466 4156 100 102
101 7502 2466 4156 7430 102
101 7502 2466 4156 7430 1331 1759 1385 102
101 7502 2466 6629 1385 4156 7430 5412 1920 1164 7934 102
101 7502 2466 7797 3352 3472 102
101 7502 2466 7937 5973 3974 2552 6028 102
101 7502 2466 5886 1456 4156 7430 102
101 7502 2466 4240 5489 3796 5831 7613 5141 102
101 7502 2466 4240 5489 6629 1385 2947 912 4534 102
101 7502 2466 7016 4240 7430 5489 709 102
101 7502 2466 7429 5831 1100 5106 102
101 7502 1751 138 100 140 1060 4408 3862 2380 5715 102
101 7502 1751 100 856 5131 4634 6997 745 102
101 7502 1751 100 1333 1456 4634 6997 745 102
101 7502 1751 1921 3189 7921 3862 5726 102
101 7502 1751 5695 3362 1032 3419 6727 5131 102
101 7502 1751 2454 686 1920 2119 2851 5763 4495 745 1259 102
101 7502 1751 2454 686 1920 2119 1333 1456 4495 745 1259 102
101 7502 1751 2454 686 1920 2119 5770 5803 4495 745 1259 102
101 7502 1751 6629 1385 7797 5489 4229 4318 102
101 7502 1751 1830 3362 5131 7619 102
101 7502 1751 4448 1073 7591 3419 5770 5803 5979 2802 6727 5131 102
101 7502 1751 3556 1921 4767 7531 6863 1798 2341 1046 1213 102
101 7502 1751 3556 1921 7471 5868 5843 7591 1456 100 6727 5131 102
101 7502 1751 3556 1921 5198 1394 3717 3362 6727 5131 102
101 7502 1751 3556 1921 7000 7000 6727 5131 5844 1990 5868 5843 7591 1456 102
101 7502 1751 7934 1259 676 1040 2475 102
101 7502 1751 7928 7676 5868 5843 5263 5160 3344 102
101 7802 7797 5489 7777 7427 2797 1318 102
101 7802 7797 3763 2861 102
101 7802 7797 3817 5692 3974 2552 6028 676 3209 3780 102
101 7802 7797 6028 3763 2861 676 3209 3780 102
101 7802 7797 7613 5141 102
101 7802 7797 7430 6028 5922 5831 2947 7619 102
101 7803 7797 1959 3779 5412 1920 1164 7934 102
101 7803 7797 6629 1385 4143 7613 7613 5141 113 1755 114 102
101 7803 7797 6028 4143 7613 102
101 7803 7797 7803 7797 1317 113 1755 114 102
101 7803 7797 7430 5108 4143 7613 102
101 7804 1959 1377 1377 102
101 7804 5692 803 100 5148 5763 4281 745 1959 1120 102
101 7804 5692 803 118 2157 2431 5998 803 5770 1120 102
101 7804 5692 803 118 2157 2431 5998 2695 4373 1120 102
101 7804 745 1773 2897 7136 102
101 7804 3362 2179 6727 5131 100 100 4635 5868 5843 102
101 7804 3362 2179 6727 5131 100 3600 3597 1366 1456 102
101 7804 3362 2179 2695 2552 1750 1750 6727 5131 100 5198 1394 3717 3362 102
101 7804 7676 5823 102
101 7804 5823 5489 5187 4143 3717 5909 102
101 7804 5842 1724 2108 3217 5763 1259 102
101 7804 2075 7861 5541 858 4192 5709 3362 3763 2861 102
101 7804 5922 7802 7797 676 6235 7613 5141 102
101 7804 6076 7471 7016 5412 1920 1164 7934 102
101 7804 6076 6028 3763 2861 102
101 7804 5987 5914 102
101 7953 7953 2552 3949 2466 5626 1456 5987 5914 5130 102
101 4252 7430 5823 5823 2506 5922 676 3209 3780 102
101 4252 7430 5244 1274 7804 5922 676 3209 3780 102
101 5965 5803 1933 2552 1759 1385 102
101 5965 5803 745 6991 676 3209 3780 102
101 5965 5803 7676 5933 4281 1959 3362 3212 102
101 5965 5803 6629 1385 7458 3899 3900 102
101 6508 2833 3209 3215 2341 1046 1213 2341 6989 4281 1959 7434 5130 102
101 6508 6508 3425 7458 3899 3900 102
101 6556 3767 1061 1957 2851 5763 2897 7136 102
101 7016 4640 4281 5588 7613 102
101 7016 7676 6500 5455 5187 102
101 7016 4171 4281 758 5709 2947 7619 102
101 7016 4215 6003 4680 7797 5496 102
101 7016 4240 7027 5491 7804 5922 676 3209 3780 102
101 7427 3299 803 5770 7437 7614 102
101 7427 3299 2075 803 5770 1120 102
101 7427 3299 3600 3597 2695 4373 1120 102
101 7427 5682 1377 1377 4281 1959 7591 1456 102
101 7427 5682 1377 1377 5770 5803 7591 1456 102
101 7427 5682 1765 4478 6629 1385 676 3209 3780 102
101 7427 3362 7269 5270 1059 7930 1759 1385 102
101 7427 2894 6629 1385 5148 7016 4187 7613 102
101 7427 7028 5868 5843 7591 1456 4823 7000 3717 102
101 7427 945 5489 3424 2947 1366 1456 1933 2552 7619 746 102
101 7427 945 6629 1385 4125 5597 6028 676 3209 3780 102
101 7427 6629 1385 4125 5597 5920 2831 7619 102
101 7427 6629 1385 5920 2831 7619 102
101 7427 5864 1724 2108 3217 1959 5901 4397 4403 7434 5130 102
101 7427 5922 7802 7797 7613 5141 102
101 7429 5138 3627 2466 7934 1259 102
101 7430 3723 3779 5920 2797 2339 7934 5221 102
101 7430 5489 6028 4635 3472 118 7946 5529 3492 7591 1456 102
101 7430 5489 7613 7613 5141 102
101 7430 6028 3763 2861 676 3209 3780 102
101 7430 3966 7770 5114 102
101 7430 5187 5920 7274 4213 7934 102
101 2755 5648 7854 3459 1102 3763 102
101 4113 1331 2782 3167 6500 2961 102
101 4255 3723 6629 1385 4229 4318 102
101 4255 4143 1378 4124 6495 3315 709 102
101 4255 4143 4018 7430 100 102
101 4255 6028 4240 5489 3173 3513 1920 7613 5141 102
101 4255 4043 4252 5591 6629 1385 7613 1318 102
101 5397 1239 7471 7016 2075 7430 5541 1107 7934 102
101 5973 5612 7430 3966 102
101 100 4997 6343 100 5692 1755 4374 7427 1755 102
101 6354 2424 3862 7804 7941 7032 5416 102
101 7302 3346 4215 3217 7433 102
101 7302 3346 4215 4906 2119 7934 102
101 7778 7780 3360 7430 4259 1120 102
101 7778 7780 2484 7941 7032 7430 5187 102
101 7778 7780 2484 5195 1073 6500 5589 102
101 1713 6908 4373 5101 5013 102
101 2188 1305 1305 4454 3419 7927 4294 2847 5958 1366 1456 102
101 5140 7930 5823 5823 7430 3966 3763 2861 102
101 5263 5160 3717 3362 2894 4676 102
101 5981 3362 4281 1959 6999 5263 3763 102
101 5981 3362 5695 5695 5199 102
101 5981 3362 3779 7005 7430 5489 7934 3763 2861 102
101 5981 3362 3836 6999 5263 3763 102
101 6106 3779 5489 5187 4251 7804 5823 102
101 7678 5723 2397 6509 3862 7804 4216 5114 102
101 7678 5723 7676 4018 6500 5589 672 102
101 7678 5723 3893 2863 2397 5187 102
101 7678 5723 5952 5187 7823 7797 3966 102
101 3606 3312 4252 7430 7613 5141 102
101 3607 5709 2851 5763 3472 102
101 3607 5709 7458 3899 3900 102
101 5984 1990 5868 5843 7458 3899 3900 102
101 6755 4156 4125 6793 7430 5420 102
101 6755 4156 4125 6793 7430 5597 2961 102
101 7136 3352 4171 5489 7613 5141 102
101 7136 6887 2961 7755 912 4534 102
101 7136 6887 7430 5597 912 4534 102
101 7136 6223 7509 4083 5763 1959 5901 7434 5130 102
101 7136 6223 7509 7458 3899 3900 102
101 7464 4374 7941 7032 7676 7430 5597 102
101 7464 4374 7941 7032 6999 6793 7430 5597 2961 102
101 7643 7937 7643 6793 1921 7676 7937 6793 7102 102
101 100 7797 6793 7016 5106 5187 4216 102
101 7818 7797 6028 4635 3472 118 6629 1385 7591 1456 102
101 5987 5914 5187 6989 7619 102
101 7921 722 5709 1959 7458 4166 7983 6999 5263 3763 102
101 7921 1959 3779 6028 4635 5543 7030 3472 102
101 7921 6486 745 3796 7934 102
101 7921 6989 7676 5823 102
101 7921 5920 4240 5489 7613 5141 102
101 7921 7803 676 6235 7613 5141 102
101 6367 2262 4166 7983 7934 102
101 138 5836 1039 140 7919 5922 7619 102
101 138 5836 1039 140 6076 5489 6076 7619 118 5195 1073 1333 1456 102
101 138 5836 1039 140 6076 5489 6076 7619 118 2769 1962 6793 7591 1456 102
101 138 5836 1039 140 4696 7799 1456 118 5148 4240 1366 1456 102
101 138 5836 1039 140 4696 7799 1456 118 7478 2382 7676 6793 1366 1456 102
101 138 5836 1039 140 3797 4638 1914 3817 5692 4275 118 7921 722 5709 7591 1456 102
101 138 5836 1039 140 3797 4638 1914 3817 5692 4275 118 4083 6944 6793 6629 1385 7591 1456 102
101 138 5836 1039 140 3797 4638 1914 3817 5692 4275 118 4083 1331 6023 798 4203 7676 6793 1366 1456 102
101 138 5836 1039 140 3797 4638 1914 3817 5692 4275 118 4083 1331 6023 798 4203 1366 1456 102
101 138 5836 1039 140 3797 4638 1914 3817 5692 4275 118 3492 7937 4281 5489 7934 7591 1456 102
101 138 5836 1039 140 3797 4638 1914 3817 5692 4275 118 6023 798 4203 1366 1456 102
101 138 5836 1039 140 3797 4638 1914 3817 5692 4275 118 7676 5920 7430 3723 7591 1456 102
101 138 5836 1039 140 3797 4638 1914 3817 5692 4275 118 5401 2466 5801 5801 7016 7591 1456 102
101 138 5836 1039 140 3797 4638 1914 3817 5692 4275 118 1378 2466 7136 3352 4281 2961 7591 1456 102
101 138 5836 1039 140 3797 4638 1914 3817 5692 4275 118 736 2251 1849 7919 6989 7430 7591 1456 102
101 138 5836 1039 140 3797 4638 1914 3817 5692 4275 102
101 138 5836 1039 140 4373 7943 1356 118 4031 1836 1366 1456 102
101 138 5836 1039 140 1305 1213 118 3189 2466 7016 4240 7591 1456 102
101 138 5836 1039 140 100 1146 775 1259 118 3817 5920 1750 5195 1073 1333 1456 102
101 138 5836 1039 140 100 100 4494 1305 1213 102
101 138 5836 1039 140 100 100 3817 5920 1750 118 5195 1073 1333 1456 102
101 138 100 843 5799 140 100 843 5799 5946 5792 7591 1456 5101 5984 7619 746 102
101 138 100 843 5799 140 100 843 5799 5101 5984 7619 746 102
101 138 100 843 5799 140 100 843 5799 2341 1046 1213 1298 1849 1825 7619 746 102
101 138 3959 3737 2238 140 1577 1164 1395 676 6235 5546 6989 118 3862 5726 7921 1366 1456 102
101 138 3959 3737 2238 140 1577 1164 1395 676 6235 5546 6989 118 7676 4083 4373 5101 4083 3966 1366 1456 102
101 138 3959 3737 2238 140 5155 5122 5961 118 3513 1501 2272 7921 1456 102
101 138 3959 3737 2238 140 5155 5122 5961 118 3351 7463 2397 6509 1366 1456 102
101 138 3959 3737 2238 140 3160 6963 777 2398 1147 3817 5692 4275 118 3862 5726 7933 7921 102
101 138 3959 3737 2238 140 3160 6963 777 2398 1147 3817 5692 4275 118 3351 7463 7921 1366 1456 102
101 138 3959 3737 2238 140 3817 5692 4275 6631 966 5175 1394 1259 118 1474 6793 1990 719 117 3585 5205 102
101 138 3959 3737 2238 140 1474 6793 1990 719 3817 5692 4275 118 1233 6793 1538 6789 2094 102
101 138 3959 3737 2238 140 1474 6793 1990 719 1331 1147 3817 5692 4275 118 1233 6793 1538 6789 2094 102
101 138 3959 3737 2238 140 1474 6793 1990 719 1331 1147 3817 5692 4275 118 3513 6789 1366 1456 102
101 138 3959 3737 2238 140 2398 1147 3817 5692 4275 118 3384 7676 7921 1366 1456 102
101 138 3481 3360 2207 4220 140 7521 6554 3481 3360 2207 4220 7804 1959 3289 1936 7619 102
101 138 3472 1520 140 7919 6028 7941 3175 1846 6989 102
101 138 3308 7460 5763 5800 140 5148 4373 5148 5763 6028 2947 102
101 138 1836 3244 140 7854 3459 6989 102
101 138 1599 2399 889 140 5922 5831 5946 7619 102
101 138 1599 2399 889 140 5922 5831 7619 746 102
101 138 1599 2399 889 140 6498 5836 1798 6028 2947 4891 4665 118 5976 3779 100 102
101 138 1599 2399 889 140 5125 5232 2207 6028 2947 1146 775 1259 102
101 138 1599 2399 889 140 6028 2947 5263 5160 4891 4665 102
101 138 1599 2399 889 140 6028 2947 5125 5232 4891 4665 100 6981 3175 102
101 138 1599 2399 889 140 6028 2947 1395 4886 4891 4665 102
101 138 1599 2399 889 140 4272 6793 100 7619 746 118 7502 2466 3796 5831 7102 1366 1456 102
101 138 1599 2399 889 140 3862 7921 5698 7937 7619 1146 775 1259 102
101 138 1599 2399 889 140 2897 7136 1476 1565 6028 2947 7401 2797 1259 102
101 138 1599 2399 889 140 1333 1456 6028 2947 7401 2797 1259 102
101 138 1599 2399 889 140 1333 1456 6028 2947 5195 4089 1259 102
101 138 1599 2399 889 140 5148 7933 5946 7619 5195 4089 1259 102
101 138 1599 2399 889 140 5148 7933 5946 7619 7030 6516 4665 102
101 138 1599 2399 889 140 7032 4281 6235 118 1695 7460 7003 7946 1377 1377 102
101 138 1599 2399 889 140 7032 4281 6235 5401 1751 4373 5101 7953 2552 4373 5101 1333 1456 102
101 138 1599 2399 889 140 7032 4281 6235 118 3791 2466 7946 3351 7463 7591 1456 102
101 138 1599 2399 889 140 5698 7937 6028 2947 7401 2797 1259 102
101 138 1599 2399 889 140 5698 7937 6028 2947 5195 4089 1259 102
101 138 1599 2399 889 140 4491 5965 5979 2802 7619 746 1146 775 1259 102
101 138 1599 2399 889 140 2207 6028 7619 1920 4665 102
101 138 1599 2399 889 140 100 3797 1213 2207 6028 7619 7030 6516 1259 102
101 138 989 1377 140 989 1377 3817 5692 4275 102
101 138 7930 5204 800 140 6738 2592 3867 1265 7619 102
101 138 7930 5204 800 140 7946 3319 1367 1213 3867 1265 7619 102
101 138 7930 5204 800 140 3867 1265 7619 7401 2797 1259 102
101 138 7930 5204 800 140 3867 1265 7619 6837 872 1259 102
101 138 7930 5204 800 140 3867 1265 7619 102
101 138 7930 5204 800 140 1933 2552 3867 1265 7619 7676 5770 1366 1456 102
101 138 7930 5204 800 140 1933 2552 3867 1265 7619 3319 1367 1213 1366 1456 102
101 138 7930 5204 800 140 4281 1959 3319 1367 1213 3867 1265 7619 102
101 138 7930 5204 800 140 1350 3229 3556 4242 7930 3867 1265 7619 102
101 138 7930 5204 800 140 100 112 161 7930 5204 800 3867 1265 7619 102
101 138 7930 3683 2145 140 3527 3362 1377 1377 2014 1265 7619 102
101 138 7930 3683 2145 140 5195 1073 3867 1265 7619 118 1333 1456 102
101 138 7930 3683 2145 140 7930 3683 2145 5195 1073 3867 1265 7619 118 2341 1046 1213 1456 102
101 138 7930 3683 2145 140 3362 1456 3867 1265 7619 102
101 138 7434 4240 140 3862 5726 5195 4089 1259 102
101 138 7434 722 2761 140 4118 7630 6028 2947 118 5709 4495 102
101 138 7434 722 2761 140 4118 7630 6028 2947 102
101 138 7434 722 2761 140 4886 3975 5709 4495 7016 3717 4017 6028 2947 4891 4665 102
101 138 7434 722 2761 140 7434 5709 7619 118 5913 6632 5803 102
101 138 7434 722 2761 140 7434 5709 7619 118 5166 1765 4478 102
101 138 7434 722 2761 140 7434 5709 7619 118 5770 5803 4200 745 102
101 138 7434 722 2761 140 7434 5709 7619 118 3797 7464 4397 4403 102
101 138 7434 722 2761 140 6028 2947 4891 4665 118 1333 1456 116 5698 7937 102
101 138 7434 722 2761 140 4373 5101 4083 3966 3472 102
101 138 2506 5709 6057 140 8950 1059 1751 1751 4496 6268 7141 6044 6057 118 7531 5023 4354 5775 3363 6044 6057 102
101 138 2506 5709 6057 140 1378 4124 5195 1073 5709 4042 6044 6057 102
101 138 2506 5709 6057 140 1378 4124 5195 1073 5775 3363 6044 6057 102
101 138 2506 5709 6057 140 1378 4124 5195 1073 7983 4706 6044 6057 102
101 138 2506 5709 6057 140 1378 4124 7621 6044 1295 3298 7710 6349 118 5775 3363 6044 6057 102
101 138 2506 5709 6057 140 1378 4124 7621 6044 1295 3298 7710 6349 118 7983 4706 6044 6057 102
101 138 2539 2541 4397 140 7804 4836 3331 785 5106 102
101 138 2658 782 6044 6057 140 704 3862 2869 7515 5159 6044 6057 4891 4665 102
101 138 2658 782 6044 6057 140 1378 4124 6044 6057 102
101 138 2658 782 6044 6057 140 1159 5211 7983 4706 6057 102
101 138 2658 782 6044 6057 140 5775 3363 6044 6057 102
101 138 2658 782 6044 6057 140 7770 2255 6044 6057 102
101 138 2658 782 6044 6057 140 7515 5159 5770 3315 6044 6057 102
101 138 2658 782 6044 6057 140 7515 5159 5775 3363 6044 6057 102
101 138 2658 782 6044 6057 140 7515 5159 6057 7005 4891 4665 102
101 138 2658 782 6044 6057 140 7515 5159 7983 4706 6044 6057 102
101 138 2658 782 6044 6057 140 1606 4354 6268 1032 7770 2255 6044 6057 102
101 138 2658 782 6044 6057 140 7941 7032 7983 4706 6044 6057 102
101 138 2658 782 6044 6057 140 6044 6057 7401 2797 1259 102
101 138 2658 782 6044 6057 140 7983 4706 6044 6057 102
101 138 3926 6914 2255 140 5770 3315 6044 6057 102
101 138 3926 6914 2255 140 5775 3363 6044 6057 102
101 138 3926 6914 2255 140 7770 2255 6044 6057 102
101 138 4670 5709 1754 140 3189 3315 679 753 7608 1501 118 2126 3780 2851 5763 5106 3314 102
101 138 4670 5709 1754 140 3189 3315 736 2336 4496 4167 4189 4281 5889 5763 5106 102
101 138 4670 5709 1754 140 3189 3315 679 753 7608 1501 118 2126 3780 2851 5763 5106 3314 102
101 138 4670 5709 1754 140 3189 3315 4904 4506 4635 4868 7608 1501 118 4281 5889 5763 102
101 138 5186 671 4495 3582 140 3300 3582 765 7937 785 5104 5106 102
101 138 5186 671 4495 3582 140 3300 3582 7946 5131 102
101 138 5792 1305 140 5792 1305 2446 1773 4294 4083 3966 4242 7930 5270 5922 4373 5101 7591 1456 102
101 138 5792 1305 140 2446 1773 4294 4083 3966 4242 7930 7676 5823 7430 3966 7591 1456 102
101 138 5792 1305 2446 1773 140 4294 4083 3966 4242 7930 118 7679 7051 5961 5922 5831 102
101 138 6864 1751 140 7502 1751 6044 6057 4636 7676 3362 5763 102
101 138 6864 1751 140 7502 1751 6044 6057 3384 2094 5763 102
101 138 6864 1751 140 7502 1751 6044 6057 3600 3597 5763 102
101 138 7411 2338 140 1377 1377 5546 4275 3193 7623 5546 4275 102
101 138 7411 2338 140 3193 7623 5546 4275 6631 966 5175 1394 1259 102
101 138 7411 2338 140 5401 4879 2341 1046 1213 7930 5715 7614 1501 118 3938 5131 6981 3175 102
101 138 7411 2338 140 7411 2338 5763 1501 7032 6908 1959 5763 102
101 138 7411 2338 140 7411 2338 5270 2592 5803 3362 4281 1959 111 5913 6632 5803 4281 1959 4944 4289 3472 102
101 138 7411 2338 140 6044 6057 3215 3215 4944 7546 3193 7623 5546 4275 102
101 138 7411 2338 140 6044 6057 5546 4275 102
101 138 7411 2338 140 7427 5682 1377 1377 5546 4275 3193 7623 5546 4275 102
101 138 7411 2338 140 5270 2592 1059 4944 4242 7930 5546 6044 6057 4242 7930 102
101 138 7411 2338 140 5270 2592 1059 4944 4242 7930 5546 5913 6632 5803 102
101 138 7930 5204 4273 140 4078 3828 4294 5159 1315 3762 1315 7608 1920 4242 7930 4275 102
101 138 7930 5204 4273 140 4078 3828 4294 5159 4242 7930 4275 102
101 138 1599 4448 4273 140 100 100 7877 1673 6486 1377 1377 102
101 138 1599 4448 4273 140 7676 4494 4373 5101 5546 4275 102
101 138 1599 4448 4273 140 3857 4035 5770 5803 5546 4275 102
101 138 1599 4448 4273 140 4083 2658 2341 1046 1213 5546 4275 102
101 138 1599 4448 4273 140 1713 6908 7930 4275 102
101 138 2446 7804 7608 807 140 3607 5709 6076 5891 4240 5101 5130 102
101 138 2446 7804 7608 807 140 5195 1073 5692 7676 5101 5130 102
101 138 2446 7804 7608 807 140 3513 1501 867 6663 4274 102
101 138 2446 7804 7608 807 140 2168 6523 7427 3175 6057 3723 4125 5597 102
101 138 2446 7804 7608 807 140 2168 6523 1755 6686 4251 5026 2397 102
101 138 2446 7804 7608 807 140 7515 5159 2397 6509 7800 7797 867 6663 4274 4891 4665 102
101 138 2446 7804 7608 807 140 5171 5646 7004 6076 102
101 138 2446 7804 7608 807 140 5171 5646 3449 2397 3346 1786 5489 102
101 138 2446 7804 7608 807 140 2539 1501 3862 7804 5416 102
101 138 2446 7804 7608 807 140 7676 6989 7804 7797 142 3146 2227 1377 1060 1391 102
101 138 2446 7804 7608 807 140 4773 7102 7797 7531 102
101 138 2446 7804 7608 807 140 7032 5836 4125 5597 3217 5026 1959 7430 3966 102
101 138 2446 7804 7608 807 140 1176 3492 7797 102
101 138 2446 7804 7608 807 140 1367 3193 1456 5886 7531 7804 2075 1059 7430 3966 4216 102
101 138 2446 7804 7608 807 140 1367 3193 1456 5148 4240 4353 2094 7531 102
101 138 2446 7804 7608 807 140 2397 6509 3862 7804 5416 102
101 138 2184 2552 1754 140 5987 5914 5130 120 5692 7531 5130 102
101 138 1023 7269 2539 1773 140 6500 5589 5709 4495 102
101 138 1023 7269 2539 1773 140 4886 5831 2807 5489 102
101 138 1023 7269 2539 1773 140 4192 7095 2961 7755 102
101 138 1023 7269 2539 1773 140 776 6963 2961 7755 102
101 138 1023 7269 2539 1773 140 5439 1266 776 5793 100 5489 709 102
101 138 1023 7269 2539 1773 140 1102 5131 5909 5969 102
101 138 1023 7269 2539 1773 140 2340 2134 3478 7430 102
101 138 1023 7269 2539 1773 140 676 3344 7430 102
101 138 5892 5773 2434 140 5692 7531 5489 1755 102
101 138 5892 5773 2434 140 4280 7971 5489 1755 102
101 138 4886 4944 3556 140 7946 7930 7429 5138 1283 2251 6028 7619 4649 102
101 138 4886 4944 3556 140 7946 4649 5698 7937 1259 102
101 138 4886 4944 3556 140 7941 7032 1476 1524 7804 5489 1259 102
101 138 4886 4944 3556 140 2170 1921 4397 4403 1959 5763 1259 102
101 138 4886 4944 3556 140 7937 6793 5148 7933 5920 5489 1259 102
101 138 4886 4944 3556 140 4494 1259 1419 6880 5175 102
101 138 4886 4944 3556 140 3424 1755 758 4944 5101 7635 7531 102
101 138 4886 4944 3556 140 7676 5692 7429 5138 7635 7531 102
101 138 4886 4944 3556 140 2571 3556 6500 7676 5920 5489 1259 102
101 138 4886 4944 3556 140 5439 2179 6803 1842 185 7032 3435 3600 3597 1102 6235 102
101 138 4886 4944 3556 140 4506 1754 4494 4373 5101 5489 1259 102
101 138 4886 4944 3556 140 2341 7608 119 7430 5489 3817 5920 7032 3966 102
101 138 4886 4944 3556 140 2341 7608 119 5931 5746 6500 5489 6965 3333 5397 2129 3966 102
101 138 4886 4944 3556 140 2341 7608 119 4192 3924 1217 1298 4478 4083 3966 102
101 138 4886 4944 3556 140 676 2188 7429 5138 7635 7531 102
101 138 4886 2566 2099 5998 140 7804 1147 6793 3492 4374 120 5886 5900 6793 3492 7016 102
101 138 4886 2566 2099 5998 140 5823 5823 7016 120 7676 5920 5489 4246 7016 102
101 138 4886 2566 2099 5998 140 7937 2038 7676 6793 7016 102
101 138 4220 2157 140 6500 5589 5101 5130 102
101 138 4220 2157 140 5857 2332 6500 5589 102
101 138 4220 2157 140 5026 746 1920 2196 5489 102
101 138 4220 2157 140 5692 7676 2807 7861 102
101 138 4031 1073 140 7274 6880 7937 3779 7434 5709 6500 102
101 138 4031 1073 140 3959 7676 2340 2134 3478 7430 102
101 138 4031 1073 140 2168 6523 5932 5823 7946 5886 1059 7430 102
101 138 4031 1073 140 1963 2692 5922 7608 867 6663 4274 102
101 138 4031 1073 140 2255 1765 7271 2272 4171 6500 5489 102
101 138 3534 3548 1977 1977 140 4255 4043 3534 3548 2847 5958 102
101 138 6168 1039 5709 1754 6983 2421 140 1962 6880 1039 6686 102
101 138 4813 4817 5039 7676 140 4813 4817 5039 7676 7937 3779 7430 5101 5130 102
101 138 4813 4817 5039 7676 140 4813 4817 5039 7676 3189 3315 2397 6509 867 6663 4274 102
101 138 3984 1751 3255 712 2446 140 7016 7676 676 3344 7430 1962 1456 5175 102
101 138 3984 1751 3255 712 2446 140 7800 7797 5709 5608 867 6663 4274 102
101 138 3984 1751 3255 712 2446 140 4773 7102 2397 6509 7430 3966 102
101 138 3984 1751 3255 712 2446 140 2370 4374 2539 5612 5952 3678 7861 102
101 138 3984 1751 3255 712 2446 140 7032 3966 5026 7800 2155 102
101 138 3984 1751 3255 712 2446 140 2797 4143 3763 5763 4773 7102 7797 102
101 138 7946 3578 4277 140 7521 6554 7946 3578 4277 7770 5118 6983 7676 5591 4891 4665 102
101 138 7946 3578 4277 140 7521 6554 7946 3578 4277 3862 7380 7427 7643 7676 5591 4891 4665 102
101 138 7946 3578 4277 140 7521 6554 4908 6182 676 3344 6500 5589 4891 4665 102
101 138 7414 3175 140 5973 5612 5399 5489 3966 120 5952 5187 5399 5489 3966 102
101 138 7384 2374 987 4281 5489 7934 140 4900 2791 7628 7611 102
101 138 7382 3209 3217 1921 140 3513 1501 867 6663 4274 102
101 138 6871 3960 7969 140 7016 7430 5597 102
101 138 6871 3960 7969 140 4252 7430 5597 102
101 138 6871 3960 7969 140 5920 4171 7811 7797 102
101 138 6871 3960 7969 140 7000 5831 4635 5489 7102 102
101 138 6871 3960 7969 140 4886 4021 7597 7676 867 6663 4274 102
101 138 6871 3960 7969 140 3449 2397 2807 5489 102
101 138 6871 3960 7969 140 5148 4240 4353 2094 7531 102
101 138 6871 3960 7969 140 4397 4403 709 2094 102
101 138 6871 3960 7969 140 1298 7271 5439 2446 867 6663 4274 102
101 138 6871 3960 7969 140 7471 3492 7146 5489 102
101 138 6871 3960 7969 140 7032 5836 4773 7102 7430 3966 102
101 138 6871 3960 7969 140 7032 5709 7800 6509 867 6663 4274 102
101 138 6871 3960 7969 140 5709 4495 6500 5589 102
101 138 6871 3960 7969 140 3343 2336 758 5709 3346 1786 5489 102
101 138 6871 3960 7969 140 2397 6509 3607 5709 6076 3779 7613 102
101 138 5825 7520 1773 140 5148 4240 5026 5187 1039 6686 102
101 138 5825 7520 1773 140 710 5916 7430 3966 102
101 138 5825 7520 1773 140 671 1501 867 6663 4274 102
101 138 5679 1501 7274 7613 140 3607 5709 5891 4240 5101 5130 102
101 138 5679 1501 7274 7613 140 6106 3706 1349 4240 1259 102
101 138 5679 1501 7274 7613 140 5973 5612 7804 6076 102
101 138 5679 1501 7274 7613 140 4255 7630 676 4272 3299 778 6076 7619 5175 102
101 138 5679 1501 7274 7613 140 4242 7930 7635 7531 102
101 138 5679 1501 7274 7613 140 7003 7676 7000 5831 4635 5489 7102 102
101 138 5679 1501 7274 7613 140 6076 785 6500 5489 7618 102
101 138 5679 1501 7274 7613 140 2451 2466 3496 2094 4237 7430 3966 102
101 138 5679 1501 7274 7613 140 6057 3723 1349 4240 6989 102
101 138 5679 1501 7274 7613 140 5195 1073 7804 6076 7618 102
101 138 5679 1501 7274 7613 140 7946 7032 1959 4640 3837 3763 1259 102
101 138 5679 1501 7274 7613 140 7941 7032 7946 5886 4237 4166 7430 102
101 138 5679 1501 7274 7613 140 7274 6880 5166 5101 1061 2188 7613 102
101 138 5679 1501 7274 7613 140 7274 6880 4635 5101 1061 2188 7613 102
101 138 5679 1501 7274 7613 140 5179 686 1962 7934 1063 1456 5175 102
101 138 5679 1501 7274 7613 140 6258 6250 166 5679 1501 7274 7613 4255 3723 4495 4203 1259 102
101 138 5679 1501 7274 7613 140 100 4478 7804 5489 7618 102
101 138 5679 1501 7274 7613 140 3449 2397 2807 5489 1259 2094 102
101 138 5679 1501 7274 7613 140 1751 3696 1259 2094 2188 2255 7946 5131 1259 102
101 138 5679 1501 7274 7613 140 1751 3696 1259 2094 7429 5138 1830 3362 745 6991 1259 102
101 138 5679 1501 7274 7613 140 1751 3696 1259 2094 7946 6500 5489 1259 102
101 138 5679 1501 7274 7613 140 1751 3696 1259 2094 7770 7927 5831 5162 1259 102
101 138 5679 1501 7274 7613 140 1751 3696 1259 2094 5709 3492 6793 5026 1259 102
101 138 5679 1501 7274 7613 140 1751 3696 1259 2094 745 6991 7946 7032 1259 102
101 138 5679 1501 7274 7613 140 1751 3696 1259 2094 1920 4508 6629 1385 5692 3799 1259 102
101 138 5679 1501 7274 7613 140 7770 7927 5831 6500 5489 7618 102
101 138 5679 1501 7274 7613 140 5153 6205 5984 3352 5588 4125 7102 5489 4275 102
101 138 5679 1501 7274 7613 140 3424 5709 5909 2094 4494 2399 5130 102
101 138 5679 1501 7274 7613 140 1333 1456 4494 2399 5130 102
101 138 5679 1501 7274 7613 140 7508 5831 6500 5489 3717 7618 102
101 138 5679 1501 7274 7613 140 7028 2723 7000 5831 7797 102
101 138 5679 1501 7274 7613 140 5401 1751 4281 1824 3418 4125 7102 5489 4275 102
101 138 5679 1501 7274 7613 140 5148 6486 4494 2399 5130 102
101 138 5679 1501 7274 7613 140 2145 2157 7919 6500 5489 102
101 138 5679 1501 7274 7613 140 1298 7271 5143 1154 2451 5121 5679 6250 5987 5914 5130 102
101 138 5679 1501 7274 7613 140 1298 7271 5143 1154 2397 6509 100 7016 5987 5914 5130 102
101 138 5679 1501 7274 7613 140 7471 3736 5831 1259 102
101 138 5679 1501 7274 7613 140 5696 5900 3862 7804 5416 102
101 138 5679 1501 7274 7613 140 1176 3492 3717 4215 7797 102
101 138 5679 1501 7274 7613 140 5679 782 7934 7083 7676 5823 5489 4246 746 2863 7934 102
101 138 5679 1501 7274 7613 140 5679 782 7934 7083 7028 2723 7937 6793 5922 7608 2863 7934 102
101 138 5679 1501 7274 7613 140 5679 782 7934 7083 3730 7531 7937 7016 7934 102
101 138 5679 1501 7274 7613 140 5679 782 7934 7083 2335 6793 758 3291 5591 3200 7934 102
101 138 5679 1501 7274 7613 140 5679 782 7934 7083 2335 7676 5148 3779 2207 2826 2797 102
101 138 5679 1501 7274 7613 140 5679 782 7934 7083 677 3862 5920 3779 2863 7934 102
101 138 5679 1501 7274 7613 140 5679 782 7934 7083 3949 7591 100 7016 746 2863 7934 102
101 138 5679 1501 7274 7613 140 5679 782 7934 7083 1724 2335 5148 3779 2826 2797 7934 102
101 138 5679 1501 7274 7613 140 5679 782 7934 7083 2255 6205 6793 1456 1143 1181 7934 102
101 138 5679 1501 7274 7613 140 5679 782 7934 7083 5148 3779 2207 4649 6028 7934 102
101 138 5679 1501 7274 7613 140 5679 782 7934 7083 4156 7937 7427 7016 746 2863 7934 102
101 138 5679 1501 7274 7613 140 5679 782 7934 7083 3730 7531 3763 5763 5886 5489 7934 102
101 138 5679 1501 7274 7613 140 5679 782 7934 7083 4240 3492 5634 6486 5576 7934 102
101 138 5679 1501 7274 7613 140 6205 4408 4280 6500 1824 3418 4125 7102 5489 4275 102
101 138 5679 1501 7274 7613 140 6205 7271 1399 2421 5143 1154 5125 4237 4281 5489 4125 7102 7937 6793 4281 5489 4257 102
101 138 5679 1501 7274 7613 140 6205 7271 1399 2421 5143 1154 5125 4237 4281 5489 4125 7102 5148 4240 4281 5489 4257 102
101 138 5679 1501 7274 7613 140 6205 7271 1399 2421 5143 1154 5125 4237 4281 5489 4125 7102 3763 5763 4281 5489 4257 102
101 138 5679 1501 7274 7613 140 1765 6134 3297 1331 124 119 9388 3299 778 6076 7619 102
101 138 5679 1501 7274 7613 140 1762 1765 1366 1456 1259 2094 5175 102
101 138 5679 1501 7274 7613 140 1724 3862 4397 1456 867 6663 4274 102
101 138 5679 1501 7274 7613 140 1378 4124 3449 5709 6500 4125 7102 5489 4275 102
101 138 5679 1501 7274 7613 140 4281 1959 2207 7635 7531 102
101 138 5679 1501 7274 7613 140 2335 6793 1724 2108 6486 7618 102
101 138 5679 1501 7274 7613 140 2335 6793 758 3291 5591 3200 102
101 138 5679 1501 7274 7613 140 676 5682 1283 2251 7635 7531 102
101 138 5679 1501 7274 7613 140 676 807 1398 1828 2168 6523 7430 102
101 138 5679 1501 7274 7613 140 1061 2188 4494 2399 5130 102
101 138 5679 1501 7274 7613 140 782 5916 4166 7755 7430 102
101 138 5679 1501 7274 7613 140 100 7016 2397 6509 5987 5914 5130 102
101 138 5679 1501 7274 7613 140 122 119 9388 6631 5159 4294 1331 3299 778 6076 7619 102
101 138 5679 1501 7274 7613 140 122 119 12988 5195 1073 1333 1456 3299 778 6076 7619 102
101 138 2131 6168 6121 140 7464 4374 3862 7804 1259 102
101 138 2131 6168 6121 140 4255 7630 5709 3363 6076 2961 102
101 138 2131 6168 6121 140 4071 2876 3862 7804 3717 7618 102
101 138 2131 6168 6121 140 7606 7797 1317 5709 3363 4043 102
101 138 2131 6168 6121 140 5988 3157 5709 3363 4043 102
101 138 2131 6168 6121 140 5709 3363 6076 4043 102
101 138 2131 6168 6121 140 5709 3363 3299 778 6076 7619 102
101 138 5439 1295 4397 140 7521 6554 5439 1295 4397 7800 7797 2397 6509 867 6663 4274 102
101 138 5439 1295 4397 140 7521 6554 5439 1295 4397 5195 1073 4353 2094 7531 102
101 138 5439 1295 4397 140 7521 6554 5439 1295 4397 5195 1073 4166 1347 867 6663 4274 102
101 138 5439 1295 4397 140 7521 6554 5439 1295 4397 5195 1073 4281 7427 2188 102
101 138 5439 1295 4397 140 7521 6554 5439 1295 4397 5179 1501 3862 7804 5416 102
101 138 5439 1295 4397 140 7521 6554 5439 1295 4397 7515 5159 5399 5489 4257 102
101 138 5439 1295 4397 140 7521 6554 5439 1295 4397 5148 4240 1039 6686 102
101 138 5439 1295 4397 140 7521 6554 5439 1295 4397 776 6963 2961 7755 102
101 138 5439 1295 4397 140 7521 6554 5439 1295 4397 4900 2791 2196 5489 1148 1259 102
101 138 5439 1295 4397 140 7521 6554 5439 1295 4397 2335 1456 7000 5831 7797 102
101 138 5439 1295 4397 140 7521 6554 5439 1295 4397 100 2094 3779 7613 3607 5709 6076 2397 6509 7613 102
101 138 5439 1295 4397 140 1107 1120 1904 1599 4240 6500 5489 5101 4031 1836 102
101 138 5439 1295 4397 140 1102 5131 5148 4240 6500 5589 116 7274 6880 7934 5221 102
101 138 5439 1724 2335 140 5439 1724 2335 7000 5831 7797 102
101 138 5439 1724 2335 140 5439 1724 2335 3717 4215 4281 102
101 138 5001 1298 2755 5648 140 3513 1501 1001 7676 4018 6500 5589 102
101 138 100 100 3572 7515 140 8135 110 1713 6908 5913 6632 5803 5198 1394 3362 3723 102
101 138 100 100 3572 7515 140 8135 110 5913 6632 5803 5198 1394 3362 3723 102
101 138 100 100 3572 7515 140 8135 110 6057 3425 5198 1394 3362 3723 102
101 138 100 100 3572 7515 140 8135 110 5155 5981 3362 3723 102
101 138 100 100 3572 7515 140 8135 110 3394 3581 3723 102
101 138 100 100 3572 7515 140 8135 110 4767 3534 5803 5198 1394 3362 3723 102
101 138 100 140 3394 3581 5198 1394 3362 3723 7614 3160 102
101 138 100 140 5706 3556 3723 102
101 138 100 118 100 775 3833 140 7427 3312 5455 7614 1501 102
101 138 100 5401 1962 4495 3833 140 100 8135 110 5981 3362 3723 102
101 138 100 5401 1962 4495 3833 140 100 8135 110 7000 3607 3425 3723 102
101 138 100 5401 1962 4495 3833 140 100 8135 110 5148 4767 3534 3723 102
101 138 100 5401 1962 4495 3833 140 100 8135 110 100 5198 1394 5922 3362 3723 102
101 138 100 140 100 7676 3717 3496 2094 3717 102
101 138 100 100 140 8135 110 3496 2094 3717 102
101 138 100 3556 1921 140 100 3556 1921 5981 3362 3723 102
101 138 100 3556 1921 140 100 3556 1921 5108 5108 3580 2094 3723 102
101 138 100 3556 1921 140 100 3556 1921 5108 5108 5868 5843 3723 102
101 138 100 3556 1921 140 100 3556 1921 5770 5803 3723 102
101 138 100 3556 1921 140 100 3556 1921 3717 3459 3723 102
101 138 100 112 161 140 100 112 161 3496 2094 3717 102
101 138 100 6999 3496 2328 140 8135 110 3496 2094 3717 102
101 138 100 6999 3496 2328 140 8135 110 5155 3496 2094 3723 102
101 138 100 140 6205 4408 4280 5759 1051 5981 3362 3723 102
101 138 9213 8118 140 8135 110 3496 2094 3717 102
101 138 100 140 8135 110 3496 2094 3717 102
101 138 100 140 8135 110 3496 2094 3717 102
101 138 100 100 140 3496 2094 3717 102
101 138 100 6803 1842 140 100 110 5148 4767 3534 1333 3723 102
101 138 100 140 7502 1751 5868 5843 3723 102
101 138 100 140 7502 1751 3717 3459 3723 102
101 138 100 140 5868 5843 3723 102
101 138 100 140 3717 3459 3723 102
101 138 100 118 100 140 4886 2271 4491 4374 5770 5803 7591 1456 3362 3723 3472 102
101 138 100 100 140 7032 3572 8135 110 3496 2094 3717 102
101 138 100 140 4125 4171 5155 8135 110 3496 2094 3717 102
101 138 100 140 100 116 4125 4171 5155 8135 110 3496 2094 3717 102
101 138 100 1546 3556 140 5978 5949 7614 118 5775 3363 7591 1456 102
101 138 100 1546 3556 140 5978 5949 7614 118 4635 5868 5843 7591 1456 102
101 138 100 100 3362 3189 7614 140 5198 1394 1107 1886 5922 3362 5270 3833 7614 102
101 138 100 100 3362 3189 7614 140 1107 1886 5922 3362 5270 3833 7614 102
101 138 100 140 8135 110 5155 3496 2094 3717 102
101 138 100 140 8135 110 3496 2094 3717 102
101 138 6076 6212 686 4518 140 7770 7927 5831 7804 6076 3717 7618 102
101 138 6076 6212 686 4518 140 7508 7941 7804 6076 3717 7618 102
101 138 6076 6212 686 4518 140 2797 2339 3299 778 6076 7619 102
101 138 6076 6212 686 4518 140 1283 2484 7804 6076 2947 102
101 138 6076 6212 686 4518 140 9707 8158 5171 5646 7004 7804 6076 102
101 138 5920 7350 843 140 2157 6965 1456 5920 5489 7630 7619 102
101 138 5920 7350 843 140 2157 6965 1456 7508 5831 7630 7619 102
101 138 5920 7350 843 140 2875 4277 2869 5187 5920 2831 7619 102
101 138 5920 7350 843 140 736 2251 1849 1283 2251 2869 5187 2831 7619 102
101 138 3952 6250 4636 2399 3779 7613 140 3952 6250 2875 4277 3779 7613 102
101 138 2510 1754 140 2510 1754 3959 1298 5439 4490 7000 5831 4635 5489 7102 102
101 138 2510 1754 140 2510 1754 5439 6354 1176 3492 4635 5489 7102 102
101 138 2170 5650 140 2170 5650 5792 7676 5692 7531 5106 5892 2961 7755 102
101 138 2170 5650 140 2170 5650 4281 5498 5826 5823 4237 7430 3966 102
101 138 2170 5650 140 2170 5650 2397 6509 5101 5130 102
101 138 2170 5650 140 2170 5650 677 3966 4403 6509 867 6663 4274 102
101 138 2170 3759 140 1001 7676 3607 5709 6076 5101 5130 102
101 138 2170 3759 140 5529 3492 6500 5496 1059 7430 1757 1755 7102 102
101 138 1599 4495 5101 4031 1836 140 5101 4031 1836 102
101 138 1605 765 140 4193 5131 7591 1456 7437 3321 2897 7136 102
101 138 1605 765 140 3527 3362 4635 2341 1046 1213 7591 1456 7437 3321 2897 7136 102
101 138 1605 765 140 4017 4099 2897 7136 102
101 138 1605 765 140 4017 4099 4192 5131 7946 1476 1565 102
101 138 1605 765 140 4017 4099 7946 1476 2897 7136 118 5175 1394 1259 102
101 138 3961 4678 140 5195 1073 4360 2157 5143 1154 4099 2965 2466 1476 1565 118 5198 1394 102
101 138 7946 7481 5918 140 3556 1921 100 5474 1399 7676 5842 1476 1565 102
101 138 4534 807 140 7350 2861 3683 1305 1476 1565 102
101 138 4534 807 140 4083 5240 1476 1565 102
101 138 7420 1920 4495 2825 140 7983 722 7003 5543 7030 1476 1565 102
101 138 2451 1395 140 4635 1476 1565 753 1394 671 102
101 138 2451 1395 140 4635 1476 1565 676 1394 671 102
101 138 2451 1395 140 4382 4456 7921 4635 1377 1377 1476 1565 102
101 138 2451 1395 140 4294 6310 1476 1565 753 1394 671 102
101 138 2451 1395 140 7941 7032 3294 4294 2180 123 8277 8148 7591 1456 1476 1565 102
101 138 2451 1395 140 5195 1073 1501 1456 118 3527 3362 7591 1456 2897 7136 1476 1565 102
101 138 2451 1395 140 5195 1073 1501 1456 118 5965 2255 4823 4240 7591 1456 1476 1565 102
101 138 2451 1395 140 5195 1073 3918 4189 118 7941 7032 3294 4294 2180 7591 1456 1476 1565 102
101 138 2451 1395 140 4099 2965 1476 1565 7028 4167 4189 3294 2349 102
101 138 2451 1395 140 4099 2965 1476 1565 7515 5159 5965 2255 102
101 138 2451 1395 140 4099 2965 1476 1565 7941 7032 3294 4294 2180 102
101 138 2451 1395 140 4099 2965 1476 1565 5965 2255 7591 1456 102
101 138 2451 1395 140 5965 2255 7591 1456 4151 4240 1476 1565 102
101 138 2451 1395 140 5965 2255 4823 4240 7591 1456 1476 1565 676 1394 671 102
101 138 3040 1305 140 676 1394 671 1476 1565 7401 6716 1259 102
101 138 3040 1305 140 2349 6205 7676 4083 1476 1565 102
101 138 3040 1305 140 6132 5164 3683 765 4099 2965 1476 1565 102
101 138 3040 1305 140 1476 1565 3513 1501 676 1394 671 1476 1565 102
101 138 3040 1305 140 1476 1565 3513 1501 5965 2255 7591 1456 1476 1565 118 676 1394 671 102
101 138 3040 1305 140 3791 2466 2897 7136 753 1394 671 1476 1565 102
101 138 3040 1305 140 3791 2466 2897 7136 1724 1394 671 1476 1565 7401 6716 1259 102
101 138 3040 1305 140 5456 1217 4294 6310 4099 2965 1476 1565 102
101 138 3040 1305 140 1520 961 3683 765 4099 2965 1476 1565 102
101 138 3040 1305 140 4294 6542 1476 1565 102
101 138 3040 1305 140 4412 1762 3297 1962 123 1394 122 2897 7136 7591 1456 1476 1565 102
101 138 3040 1305 140 4412 1762 3297 1962 2897 7136 1476 1565 102
101 138 3040 1305 140 4412 1762 3297 1962 4294 6310 676 1394 671 1476 1565 102
101 138 3040 1305 140 4412 1762 3297 1962 5155 7946 1476 1565 102
101 138 3040 1305 140 5125 1073 1315 3988 1476 1565 118 4390 4461 4486 102
101 138 3040 1305 140 5125 1073 4099 2965 1476 1565 118 704 4189 102
101 138 3040 1305 140 5125 1073 4099 2965 1476 1565 118 7028 4189 102
101 138 3040 1305 140 4099 2965 1476 1565 118 5456 1217 7434 5838 102
101 138 3040 1305 140 1713 6908 753 1394 671 4635 1476 1565 102
101 138 3040 1305 140 1713 6908 676 1394 671 4635 1476 1565 102
101 138 3040 1305 140 1713 6908 4635 1476 1565 753 1394 671 102
101 138 3040 1305 140 1713 6908 4635 1476 1565 676 1394 671 102
101 138 3040 1377 5152 140 5195 1073 126 5998 704 4167 4189 7946 1476 1565 102
101 138 3040 1377 5152 140 5195 1073 129 5998 3918 4167 4189 7946 1476 1565 102
101 138 3040 1377 5152 140 3527 3362 7591 1456 704 4167 4189 7946 1476 1565 102
101 138 4468 4402 1713 6908 140 4099 2965 4394 4431 118 5709 7676 4494 3580 102
101 138 7804 671 3344 140 3189 3287 5971 825 7591 1456 4099 2965 1476 1565 102
101 138 7804 671 3344 140 3717 3819 5971 825 7591 1456 4099 2965 1476 1565 102
101 138 7804 671 3344 140 5439 5648 7032 2255 2897 7136 1476 1565 120 753 1394 671 102
101 138 7804 671 3344 140 5439 5648 7032 2255 2897 7136 1476 1565 120 676 1394 671 102
101 138 7804 671 3344 140 4099 2965 1476 1565 118 4478 1765 7679 2861 102
101 138 7804 671 3344 140 4099 2965 1476 1565 118 5412 2466 4167 4189 102
101 138 5648 6125 1842 140 123 1394 122 4635 1476 1565 111 1959 5125 102
101 138 5648 6125 1842 140 124 1394 122 1921 4197 5915 5131 4635 1476 1565 102
101 138 5648 6125 1842 140 124 1394 122 4294 4083 4635 1476 1565 102
101 138 5648 6125 1842 140 124 1394 122 3938 5131 4635 1476 1565 102
101 138 5648 6125 1842 140 676 1394 671 5195 1073 4635 1476 1565 102
101 138 5648 6125 1842 140 676 1394 671 7921 7676 4193 5131 1456 4635 1476 1565 102
101 138 5648 6125 1842 140 5187 3998 676 1394 671 4635 1476 1565 102
101 138 5648 6125 1842 140 3527 3362 4635 1476 1565 102
101 138 1719 4448 140 3300 3582 1315 3988 1476 1565 102
101 138 5101 3481 140 100 4660 4495 5826 1377 1377 5546 7930 4275 102
101 138 5101 3481 140 100 4660 4495 5826 1830 3362 5546 7930 4275 102
101 138 5101 3481 140 3717 3362 6208 4658 5803 7930 4275 102
101 138 5101 3481 140 3717 6057 3425 5770 5803 7930 4275 102
101 138 5101 3481 140 1102 3959 1920 4242 7930 4275 102
101 138 5101 3481 140 3300 3582 5155 7946 1377 1377 5106 102
101 138 5101 3481 140 3300 3582 7946 5131 3600 3597 5952 5763 102
101 138 5101 3481 140 3300 3582 4229 1377 1377 118 4281 1959 2341 1046 1213 102
101 138 5101 3481 140 3300 3582 4229 1377 1377 118 7946 2341 1046 1213 102
101 138 5101 3481 140 5101 3481 3300 3582 5155 7946 5698 7937 5106 102
101 138 5101 3481 140 745 7000 5826 4281 1959 1032 3419 7930 4275 102
101 138 5101 3481 140 745 7000 5826 5770 5803 1032 3419 7930 4275 102
101 138 5101 3481 140 745 7000 5826 5965 5803 1032 3419 7930 4275 102
101 138 5101 3481 140 3417 3425 5913 6632 5803 7930 4275 102
101 138 5101 3481 140 5155 7983 4706 6044 6057 102
101 138 5101 3481 140 5965 5803 5587 3362 7930 4275 102
101 138 5439 1001 2157 140 7148 4767 7941 7032 5148 1102 5131 102
101 138 5632 4197 3315 1456 140 100 118 100 4078 3828 1059 3526 4275 118 7930 7676 102
101 138 5632 4197 3315 1456 140 100 118 100 4078 3828 1059 3526 4275 100 118 7029 5803 102
101 138 773 3975 4495 3582 140 8135 110 2207 7930 5524 5715 100 102
101 138 773 3975 4495 3582 140 8135 110 5155 7946 5698 7937 5106 102
101 138 773 3975 4495 3582 140 3300 3582 4773 5131 102
101 138 773 3975 4495 3582 140 3300 3582 7946 5131 5106 102
101 138 773 3975 4495 3582 140 1315 7608 7877 1673 6486 4275 102
101 138 843 3306 140 676 1394 671 4294 4083 3527 3362 7591 1456 1959 5763 102
101 138 843 3306 140 676 1394 671 1959 5763 102
101 138 843 3306 140 1959 5763 3938 5131 7676 4083 676 1394 671 102
101 138 775 3833 140 3300 3582 7946 5131 102
101 138 776 2339 140 776 2339 5909 5969 3331 785 5763 118 1059 3173 1285 5159 102
101 138 776 2339 140 7946 5698 7937 5128 102
101 138 3346 1469 140 1378 1546 881 7983 4706 6044 6057 102
101 138 3346 1469 140 7770 2255 6044 6057 102
101 138 3346 1469 140 6044 4374 5709 6057 102
101 138 1159 1501 3362 140 7437 3360 1367 1778 4494 6057 1914 3723 3394 672 4891 4665 102
101 138 1159 1501 3362 140 2168 4989 4288 1842 7470 5698 3582 5543 7430 6028 102
101 138 1159 1501 3362 140 4496 1765 4684 6843 5148 5489 4125 7983 3362 4891 4665 102
101 138 1159 1501 3362 140 4496 1765 4684 6843 5706 3556 4891 4665 102
101 138 1159 1501 3362 140 7770 7413 4242 2338 4397 2695 4281 1959 6057 3474 4891 4665 102
101 138 1159 1501 3362 140 7770 7413 4242 2338 4281 1959 6057 3474 4891 4665 102
101 138 1159 1501 3362 140 7770 7413 5401 4083 7427 5682 3581 6057 2207 4528 5746 4891 4665 102
101 138 1159 1501 3362 140 7770 7413 5401 4083 3581 6057 7676 2207 4528 5746 4891 4665 102
101 138 1159 1501 3362 140 7770 7413 5401 4083 5148 6057 2207 4528 5746 4891 4665 102
101 138 1159 1501 3362 140 7770 7413 1063 7990 6057 7591 7051 5909 7460 4891 4665 102
101 138 1159 1501 3362 140 1298 2832 7427 5682 1918 2404 4125 7983 3362 4891 4665 102
101 138 1159 1501 3362 140 1298 2832 1815 7027 5166 6057 4636 7676 3362 4891 4665 100 5159 102
101 138 1159 1501 3362 140 5709 5909 7874 2271 5439 100 3152 3190 4891 4665 102
101 138 1159 1501 3362 140 2861 2861 2255 4773 5131 3580 4891 4665 102
101 138 1159 1501 3362 140 4635 7983 4374 3717 3362 4373 5101 4891 4665 102
101 138 1159 1501 3362 140 1378 3346 4761 3315 7854 3459 7026 6830 4891 4665 102
101 138 1159 1501 3362 140 1378 3346 4761 3315 1920 4680 7026 6830 4891 4665 102
101 138 1159 1501 3362 140 3189 3315 1501 4934 6509 6509 3412 2094 1298 4478 4891 4665 102
101 138 1921 1921 3362 1754 140 1713 6908 5439 100 7430 6028 3394 672 102
101 138 1921 1921 3362 1754 140 7502 1751 7928 7676 5868 5843 118 1920 706 102
101 138 1921 1921 3362 1754 140 7502 1751 7928 7676 4192 5104 5868 5843 102
101 138 1921 1921 3362 1754 140 7502 1751 4958 6880 4192 5104 7928 7676 5199 5868 5843 102
101 138 1921 1921 3362 1754 140 7502 1751 3717 3459 4294 1920 7538 102
101 138 1921 1921 3362 1754 140 7502 1751 3717 3459 2342 4192 7464 102
101 138 1921 1921 3362 1754 140 7502 1751 3717 3459 1920 7538 102
101 138 1921 1921 3362 1754 140 4242 2338 1281 4281 1959 6057 3474 102
101 138 1921 1921 3362 1754 140 3627 3828 6868 1366 7804 1120 6208 4658 2094 102
101 138 1921 1921 3362 1754 140 2511 1265 1713 6908 5106 5148 6057 5706 3556 102
101 138 1921 1921 3362 1754 140 3173 5001 3173 1815 5022 3398 7619 102
101 138 1921 1921 3362 1754 140 7946 2188 3717 3362 4373 5101 102
101 138 1921 1921 3362 1754 140 7946 5131 5706 3683 5909 7460 4294 1920 3362 102
101 138 1921 1921 3362 1754 140 7946 5131 5706 3683 5909 7460 704 3362 102
101 138 1921 1921 3362 1754 140 7946 5131 5706 3683 5909 7460 1920 3362 102
101 138 1921 1921 3362 1754 140 7437 3360 5439 100 3394 672 102
101 138 1921 1921 3362 1754 140 3255 1164 3607 3425 102
101 138 1921 1921 3362 1754 140 3255 1164 4294 1920 7538 3607 3425 102
101 138 1921 1921 3362 1754 140 7679 889 6205 765 100 5439 3572 6506 2255 4374 3534 3548 102
101 138 1921 1921 3362 1754 140 5770 4495 3420 4934 4397 4403 3379 102
101 138 1921 1921 3362 1754 140 5153 6205 5984 3607 3425 102
101 138 1921 1921 3362 1754 140 5153 6205 5984 765 2225 1894 3607 3425 102
101 138 1921 1921 3362 1754 140 5153 6205 5984 1920 1673 2349 3607 3425 102
101 138 1921 1921 3362 1754 140 4908 7798 4904 5546 5199 4192 5104 5868 5843 102
101 138 1921 1921 3362 1754 140 1815 7027 1396 5206 7676 4494 4636 7676 3362 102
101 138 1921 1921 3362 1754 140 5728 3412 1294 5984 2342 2292 5868 5843 102
101 138 1921 1921 3362 1754 140 5401 1751 5836 4670 7524 100 2168 1894 5981 3362 102
101 138 1921 1921 3362 1754 140 5401 1751 1266 3513 4220 2168 1894 5981 3362 102
101 138 1921 1921 3362 1754 140 5148 2552 5706 3556 102
101 138 1921 1921 3362 1754 140 2370 4374 5706 3556 102
101 138 1921 1921 3362 1754 140 4958 6880 6868 1366 3173 7804 5965 5803 102
101 138 1921 1921 3362 1754 140 3797 5984 5198 1394 5803 3362 142 5148 7005 3412 120 7946 5803 120 5965 5803 102
101 138 1921 1921 3362 1754 140 1378 4124 1713 6908 3581 6057 7676 4528 5746 102
101 138 1921 1921 3362 1754 140 1378 4124 1713 6908 3984 2147 5469 1957 4528 5746 102
101 138 1921 1921 3362 1754 140 1378 4124 1713 6908 3984 2147 4373 1957 4528 5746 102
101 138 1921 1921 3362 1754 140 1378 4124 1713 6908 7676 3717 5770 5803 100 5998 102
101 138 1921 1921 3362 1754 140 1378 4124 1713 6908 7676 3717 5770 5803 100 5998 102
101 138 1921 1921 3362 1754 140 1378 4124 1713 6908 7676 3717 5770 5803 100 5998 102
101 138 1921 1921 3362 1754 140 1378 4124 5131 6057 4636 7676 3362 102
101 138 1921 1921 3362 1754 140 1378 4124 4886 3379 867 1164 3597 3379 3580 102
101 138 1921 1921 3362 1754 140 1378 4124 5148 5489 4125 7983 3362 4294 1920 7538 102
101 138 1921 1921 3362 1754 140 1378 4124 5148 5489 4125 7983 3362 1920 7538 102
101 138 1921 1921 3362 1754 140 1378 4124 4382 4456 4494 3581 102
101 138 1921 1921 3362 1754 140 1378 4124 1920 7538 4281 1959 6057 3474 102
101 138 1921 1921 3362 1754 140 1378 6803 8347 5998 5148 2552 1765 4478 102
101 138 1921 1921 3362 1754 140 1378 6803 8272 5998 7941 7032 1765 4478 102
101 138 1921 1921 3362 1754 140 1378 6803 123 5998 3312 4478 102
101 138 1921 1921 3362 1754 140 1378 3346 1920 4680 7026 6830 142 4294 1920 3362 102
101 138 1921 1921 3362 1754 140 1378 3346 1920 4680 7026 6830 142 1920 3362 102
101 138 1921 1921 3362 1754 140 3717 3362 4373 5101 102
101 138 1921 1921 3362 1754 140 3189 3315 4220 3315 120 4886 2271 120 858 6531 120 7269 2301 5770 5803 102
101 138 1921 1921 3362 1754 140 3189 3315 7440 7852 2168 2255 3398 2397 102
101 138 1921 1921 3362 1754 140 3189 3315 7440 7852 2168 2255 2397 3398 102
101 138 1921 1921 3362 1754 140 3189 3315 2695 2056 5238 6057 3379 4891 4665 102
101 138 1921 1921 3362 1754 140 3189 3315 7922 1051 2294 7032 3435 102
101 138 1921 1921 3362 1754 140 3189 3315 1501 4934 7032 3229 3412 2094 1765 4478 102
101 138 1921 1921 3362 1754 140 3189 3315 1501 4934 4495 5166 7946 4373 1765 4478 102
101 138 1921 1921 3362 1754 140 3189 3315 7471 3481 5148 6057 5981 3362 102
101 138 1921 1921 3362 1754 140 3189 3315 7471 3481 7032 3215 5981 3362 102
101 138 1921 1921 3362 1754 140 3189 3315 4958 6880 2152 2301 3984 2147 7032 3435 102
101 138 1921 1921 3362 1754 140 3189 3315 1469 3625 2255 4192 5104 6057 3379 4891 4665 102
101 138 1921 1921 3362 1754 140 3189 3315 858 6531 5238 4192 5104 6057 3379 102
101 138 1921 1921 3362 1754 140 3189 3315 2356 4506 3398 2397 102
101 138 677 6493 6028 1501 140 1107 5966 3173 7804 6028 7941 3890 102
101 138 677 6493 6028 1501 140 2207 6803 6028 102
101 138 677 6493 6028 1501 140 1107 5966 3173 7804 6028 4635 3890 102
101 138 100 100 140 7679 889 6205 765 7032 1259 3534 3548 3362 5489 4665 6172 102
101 138 100 100 140 7679 889 6205 765 5439 3572 5979 710 4374 3534 3548 3362 5489 102
101 138 100 100 140 7679 889 6205 765 5439 3572 6506 2255 4374 3534 3548 3362 5489 102
101 138 100 100 140 100 100 3805 1751 4294 4083 100 5159 1107 1120 7032 3359 7531 3534 3548 102
101 138 2566 5412 140 5199 6486 2094 102
101 138 2566 5412 140 7946 5131 1100 4478 5763 4834 102
101 138 2566 5412 140 7029 4495 4192 4773 5166 5831 102
101 138 2566 5412 140 7770 2255 7676 5823 7046 7038 5823 102
101 138 2566 5412 140 3300 3582 7941 6486 102
101 138 2566 5412 140 1378 4124 7676 5823 102
101 138 2566 5412 140 1100 4478 5763 4834 102
101 138 775 3833 140 1936 765 5104 102
101 138 775 3833 140 3300 3582 5148 5970 7930 102
101 138 775 3833 140 3300 3582 676 5682 5970 7930 102
101 138 5679 6803 7608 1501 140 5199 6486 102
101 138 5679 6803 7608 1501 140 5857 710 5148 6486 118 1920 5108 102
101 138 5679 6803 7608 1501 140 1815 7027 7770 2255 1100 5823 102
101 138 773 3975 4495 3582 140 3300 3582 7941 6486 102
101 138 773 3975 4495 3582 140 3300 3582 5148 5970 7930 102
101 138 773 3975 4495 3582 140 3300 3582 5148 3474 102
101 138 773 3975 4495 3582 140 3300 3582 3375 3337 102
101 138 773 3975 4495 3582 140 3300 3582 1936 765 5104 102
101 138 5439 2061 2094 140 5973 5612 2961 7755 4237 1259 102
101 138 5439 2061 2094 140 5952 3678 7861 5973 5612 1259 102
101 138 5439 2061 2094 140 4240 6983 7430 4237 1259 102
101 138 5439 2061 2094 140 7674 4166 7430 4237 1259 102
101 138 5439 2061 2094 140 5489 7755 5763 4237 1259 102
101 138 5439 2061 2094 140 5399 5489 4257 4237 1259 102
101 138 5439 2061 2094 140 1724 4289 7430 5973 5612 1259 102
101 138 5439 2061 2094 140 782 1347 7430 4237 1259 102
101 138 5101 3481 140 5101 3481 3300 3582 5148 5970 7930 102
101 138 5101 3481 140 3300 3582 5199 6486 102
101 138 5101 3481 140 3300 3582 7946 6486 102
101 138 5101 3481 140 3300 3582 7941 6486 102
101 138 3300 3582 2446 1773 140 3300 3582 5199 6486 102
101 138 3300 3582 2446 1773 140 3300 3582 2207 5101 102
101 138 1059 3173 4944 1836 140 5973 4237 2961 7755 6310 4415 1259 102
101 138 1059 3173 4944 1836 140 5909 2094 102
101 138 1059 3173 4944 1836 140 3173 4852 1331 5489 7676 5823 102
101 138 1059 3173 4944 1836 140 7941 5443 6310 4415 1259 102
101 138 1059 3173 4944 1836 140 4192 4773 1755 5166 5831 102
101 138 1059 3173 4944 1836 140 7434 5455 5909 2094 3966 118 6310 4415 1259 102
101 138 1059 3173 4944 1836 140 5148 3474 118 6310 4415 4500 102
101 138 1059 3173 4944 1836 140 1378 4124 7046 7038 5823 102
101 138 1059 3173 4944 1836 140 1378 4124 7770 2255 7676 5823 102
101 138 1059 3173 4944 1836 140 1266 3862 6887 7269 1331 3204 2357 102
101 138 1059 3173 4944 1836 140 1282 1059 1920 6171 6310 4415 1259 102
101 138 1059 3173 4944 1836 140 100 4294 6908 1920 3375 3337 102
101 138 4495 3833 5679 1962 140 4495 1147 7937 5139 118 5946 4275 102
101 138 4495 3833 5679 1962 140 4495 1147 7937 5139 118 3175 2501 102
101 138 4495 3833 5679 1962 140 1920 7930 4275 102
101 138 1305 3996 140 100 4373 5101 5108 118 5982 5823 4413 102
101 138 1305 3996 140 100 4373 5101 5108 118 6078 6079 1798 102
101 138 1266 3862 6887 140 7269 3204 2357 102
101 138 3189 6930 140 1266 3862 6887 3204 2357 102
101 138 3189 3633 140 4255 5101 5709 118 7919 102
101 138 3189 3633 140 4255 5101 5709 118 4494 102
101 138 3189 3633 140 3862 2380 5715 118 3862 7804 102
101 138 3189 3633 140 1298 1266 1773 5951 785 102
101 138 3189 3633 140 1378 4124 2252 3644 5148 6486 102
101 138 3189 3633 140 100 3496 1959 6205 5101 7463 102
101 138 4640 3184 140 7854 3459 6989 102
101 138 4640 3184 140 7946 5131 5709 4495 1920 4886 102
101 138 4640 3184 140 5803 1920 4886 102
101 138 4640 3184 140 6486 1920 4886 102
101 138 4640 3184 140 5692 7676 1920 4886 102
101 138 4640 3184 140 2341 1046 1213 5709 4495 100 7619 102
101 138 4640 3184 140 3717 3362 1920 4886 118 5770 5803 102
101 138 4640 3184 140 3717 3362 1920 4886 118 1506 2166 4478 102
101 138 4640 3184 140 3189 3299 4059 5709 4495 7937 5139 102
101 138 4640 3184 140 3189 3299 4059 5698 7937 7937 5139 102
101 138 4640 3184 140 3189 3299 4059 2851 5763 7937 5139 102
101 138 4640 3184 140 2797 2802 7937 5139 118 5148 6486 102
101 138 4640 3184 140 2797 2802 7937 5139 118 5709 4495 102
101 138 4397 4506 4495 3582 140 4397 4506 7919 7861 6028 7941 1377 7927 7619 102
101 138 4397 4506 4495 3582 140 4397 4506 7919 6989 5101 7676 5546 7619 102
101 138 4397 4506 4495 3582 140 4397 4506 2168 6523 5101 5776 118 7621 4495 5698 7937 102
101 138 4397 4506 4495 3582 140 4397 4506 1830 3362 6989 102
101 138 4397 4506 4495 3582 140 4397 4506 5763 6989 102
101 138 4397 4506 4495 3582 140 4397 4506 3217 3474 102
101 138 4397 4506 4495 3582 140 4397 4506 1936 765 5104 4495 3582 5979 2802 7619 118 5935 7930 5166 5831 102
101 138 4397 4506 4495 3582 140 4397 4506 1936 765 5104 4495 3582 5979 2802 7619 118 7946 3492 2272 7921 102
101 138 4397 4506 4495 3582 140 4397 4506 1936 765 5104 4495 3582 5979 2802 7619 118 7946 5698 7937 102
101 138 4397 4506 4495 3582 140 4397 4506 1936 765 5104 4495 3582 5979 2802 7619 102
101 138 4397 4506 4495 3582 140 4397 4506 745 6991 7919 7619 102
101 138 4397 4506 4495 3582 140 4397 4506 5001 7921 5935 7930 5979 2802 7619 102
101 138 4397 4506 4495 3582 140 4397 4506 5001 7921 4495 3582 5979 2802 7619 118 5935 7930 3862 5831 102
101 138 4397 4506 4495 3582 140 4397 4506 5001 7921 4495 3582 5979 2802 7619 118 5935 7930 7676 5920 102
101 138 4397 4506 4495 3582 140 4397 4506 5001 7921 4495 3582 5979 2802 7619 118 5935 7930 5698 7937 102
101 138 4397 4506 4495 3582 140 4397 4506 676 3215 5920 1377 7927 7619 102
101 138 4154 1356 140 679 4500 1553 4171 4373 5101 5108 118 1367 3193 1456 5886 7676 102
101 138 3823 6965 140 7502 2466 3492 7921 5831 5563 7619 102
101 138 3823 6965 140 5920 798 7619 102
101 138 3215 4897 140 7502 2466 2207 7430 7934 102
101 138 3215 4897 140 2207 7430 7934 102
101 138 1940 1046 140 6078 6079 5546 7619 118 1147 6888 6629 1385 1456 102
101 138 1940 1046 140 6078 6079 5546 7619 118 1920 5886 7934 1259 1456 102
101 138 1501 2145 100 140 3513 677 7003 7676 7430 3723 7591 1456 3817 5692 4275 102
101 138 1501 2145 100 140 3817 5692 4275 118 4823 4171 100 1366 1456 102
101 138 1501 2145 100 140 3817 5692 4275 118 1333 1456 102
101 138 1501 2145 100 140 3817 5692 4275 118 7676 4083 6629 1385 1366 1456 102
101 138 1501 2145 100 140 3817 5692 4275 118 7676 6793 1366 1456 102
101 138 1501 2145 100 140 3817 5692 4275 118 3817 5920 1366 1456 102
101 138 1501 2145 100 140 3817 5692 4275 118 4125 4195 4281 2961 1366 1456 102
101 138 1501 2145 100 140 3817 5692 4275 118 3683 5958 1366 1456 102
101 138 1501 2145 100 140 4955 3513 3192 1456 3862 5726 7921 7591 1456 3817 5692 4275 102
101 138 1501 2145 100 140 100 3817 5920 1959 4187 1366 1456 102
101 138 1331 4240 140 7921 1456 118 5101 3362 102
101 138 1331 4240 140 3862 5726 118 5101 3362 102
101 138 1331 4240 140 1377 1366 3492 7921 1456 118 5101 3362 102
101 138 1331 3675 140 5970 7930 3862 5726 7619 102
101 138 1331 3675 140 3600 3597 1456 5970 7930 5946 7619 102
101 138 1331 3675 140 5198 1394 676 5682 5946 7619 102
101 138 1331 3675 140 6629 1894 1456 5970 7930 5946 7619 102
101 138 7471 4075 5679 1501 140 7016 2552 6028 2947 118 5709 4495 1366 1456 102
101 138 7471 4075 5679 1501 140 7016 2552 6028 2947 118 5698 7937 1366 1456 102
101 138 7471 4075 5679 1501 140 5913 6632 5803 3821 4868 7434 5709 7619 102
101 138 7471 4075 5679 1501 140 5489 7777 7919 6028 7941 7434 5709 7619 102
101 138 7350 5836 4506 140 2341 6989 2014 1265 118 2341 1046 1213 7930 5715 102
101 138 7350 5836 4506 140 2341 1046 1213 7930 5715 3331 785 3289 1936 102
101 138 7350 5836 4506 140 2341 1046 1213 7930 5715 3289 1936 102
101 138 7350 5836 4506 140 100 106 100 2341 1046 1213 7930 5715 3683 1164 3229 102
101 138 7269 3351 140 7804 1959 3472 118 6028 1959 5162 102
101 138 7269 3351 140 2341 1046 1213 3472 118 6028 1959 5162 102
101 138 7269 3351 140 1378 4124 1962 1456 5913 6632 5803 6989 3454 6172 102
101 138 7269 3351 140 1378 4124 1962 1456 5695 3362 6989 3454 6172 102
101 138 7269 3351 140 1378 4124 1962 1456 5692 7531 6989 102
101 138 7032 2374 987 140 7502 2466 6076 7619 118 3862 7804 4143 4826 7934 7591 1456 102
101 138 7032 2374 987 140 7502 2466 6076 7619 118 1959 7676 5886 1456 102
101 138 5709 722 2761 6295 140 4281 6723 7619 118 1333 1456 102
101 138 5507 2188 100 140 1936 765 5104 7429 5138 3472 102
101 138 6803 2552 140 7502 1751 100 7016 7591 1456 7934 102
101 138 6803 2552 140 7799 7797 3862 7804 1456 3966 7934 102
101 138 6803 2552 140 6631 6868 1265 6789 4813 7934 118 4083 6944 4281 7755 3966 1456 102
101 138 6803 2552 140 6956 7386 7102 2861 7934 102
101 138 6803 2552 140 4272 1366 4166 7983 7934 118 3862 7804 1456 3966 3160 6631 966 1259 102
101 138 6803 2552 140 4272 1366 3862 7804 1456 4166 7983 7934 102
101 138 6803 2552 140 7679 7051 5961 7934 102
101 138 6803 2552 140 4166 7983 1920 4813 7934 118 1921 2044 5397 3862 7804 1456 102
101 138 6803 2552 140 3805 5449 3822 3822 6793 4143 2399 5130 118 4494 6793 7016 102
101 138 6803 2552 140 3805 5449 3822 3822 6793 4143 2399 5130 118 5106 5148 7016 102
101 138 6803 2552 140 3805 5449 3822 3822 6793 4143 2399 5130 1100 5106 4813 6172 118 1333 1456 102
101 138 6803 2552 140 3805 5449 3822 3822 4143 2399 5130 1100 5106 4813 6172 118 4635 7016 1456 102
101 138 6803 2552 140 3805 5449 100 100 4143 2399 5130 3344 118 7502 2466 4156 7016 1456 102
101 138 6803 2552 140 3805 5449 8795 100 4143 2399 5130 3344 118 4494 6793 1456 102
101 138 6803 2552 140 3805 5449 100 100 4143 2399 5130 3344 118 4635 7016 1456 102
101 138 6803 2552 140 4156 4374 100 7016 7934 102
101 138 6803 2552 140 6789 6793 4635 5831 7591 1456 3344 7934 102
101 138 6803 2552 140 6789 6793 4635 5831 7591 1456 2861 7934 102
101 138 6803 2552 140 6789 4143 7934 6631 966 1259 118 6629 1385 7591 1456 102
101 138 6803 2552 140 6789 2861 7934 6631 966 1259 118 7676 6793 7430 5489 7591 1456 102
101 138 6803 2552 140 6789 2861 7934 1920 4813 7934 118 7676 6793 7430 5489 1456 102
101 138 6803 2552 140 6789 2861 7934 1920 4813 7934 118 6789 6793 4635 5831 7591 1456 102
101 138 6803 2552 140 2128 1814 3966 7934 102
101 138 6803 2552 140 1921 2044 5397 3862 7804 1456 4166 7983 3344 7934 102
101 138 6803 2552 140 100 2861 7934 102
101 138 6803 2552 140 4143 4826 7934 102
101 138 6285 7934 140 1830 3362 6793 3783 7934 102
101 138 6285 7934 140 2335 7937 2863 7934 102
101 138 5412 2292 140 1755 5412 7302 2448 7934 118 5110 102
101 138 5412 2292 140 4867 1904 7934 5221 118 1059 5162 102
101 138 5412 5401 140 2128 2552 6862 2863 7934 5221 118 7937 3779 4255 5952 102
101 138 5412 5401 140 2128 2552 6862 2863 7934 118 3492 7937 6793 102
101 138 5412 5401 140 2128 2552 6862 2863 7934 118 7937 7016 7676 102
101 138 5412 5401 140 2128 2552 6862 2863 7934 118 7937 3779 4255 5952 102
101 138 5412 5401 140 2128 2552 6862 2863 7934 118 7676 6989 5148 5920 102
101 138 3975 3719 6493 140 4294 6182 5162 7934 102
101 138 3173 2131 140 7302 2448 7934 102
101 138 3173 2131 140 7430 6028 7934 102
101 138 3173 2131 140 4245 7621 7934 102
101 138 3173 2131 140 5935 7930 7934 102
101 138 3173 2131 140 4886 2336 7934 5221 102
101 138 3173 2131 140 3173 2131 7941 7032 7430 5187 7934 7502 2466 782 5916 7430 7591 1456 102
101 138 3173 2131 140 2692 7934 102
101 138 3173 2131 140 1004 4478 7934 5920 7676 7005 7005 7934 6793 102
101 138 3173 2131 140 1004 4478 7934 7937 7676 7005 7005 7934 102
101 138 3173 2131 140 7941 7032 7430 5187 7934 1378 2466 4534 3645 5973 5612 7591 1456 102
101 138 3173 2131 140 7941 7032 7430 5187 7934 3189 2466 1469 7591 100 7797 7591 1456 102
101 138 3173 2131 140 7941 7032 7102 4240 2692 7934 5489 7755 5763 7591 1456 102
101 138 3173 2131 140 7941 7032 7102 4240 2692 7934 1378 2466 1367 3193 5489 4246 7591 1456 102
101 138 3173 2131 140 7941 7032 7102 4240 2692 7934 3189 2466 3395 7797 3862 7804 7591 1456 102
101 138 3173 2131 140 7922 3949 7934 5221 118 5148 5920 3779 6989 7591 1456 102
101 138 3173 2131 140 7922 3949 7934 5221 118 5439 5952 7937 3779 7591 1456 102
101 138 3173 2131 140 7922 3949 4143 7934 5221 102
101 138 3173 2131 140 3779 7934 102
101 138 3173 2131 140 1143 1181 7934 102
101 138 7946 7430 4277 140 7430 5187 7934 102
101 138 6965 1001 140 1032 5679 3779 7934 5195 4089 1259 102
101 138 6965 1001 140 1032 5679 3696 7934 3454 5195 4089 1259 102
101 138 6965 1001 140 7922 3949 5152 6512 7934 5221 102
101 138 6965 1001 140 1233 100 7430 6028 7302 2448 7934 102
101 138 6965 1001 140 1233 100 2157 2382 7302 2448 7934 102
101 138 6965 1001 140 1762 1765 2207 1391 1298 2832 2692 7934 102
101 138 6965 1001 140 1762 1765 2207 1391 1378 1298 3085 798 7934 102
101 138 3835 6858 140 5891 4240 7816 7797 102
101 138 3835 6858 140 5891 4240 6003 4680 7797 5496 102
101 138 3835 6858 140 6003 4680 7797 7676 5591 102
101 138 3835 6858 140 6003 4680 7797 709 102
101 138 7350 7128 2374 140 7350 7128 2374 7800 4275 5709 5608 4237 7430 3966 102
101 138 7350 6493 2374 140 5915 7676 4252 1059 7430 102
101 138 7350 6493 2374 140 7350 6493 2374 7959 1395 867 6663 4274 102
101 138 7350 6493 2374 140 7350 6493 2374 5148 4240 5026 5187 6686 5598 102
101 138 7350 1756 7937 3779 7430 140 7521 6554 7937 3779 7430 102
101 138 7350 1245 2374 140 5915 7676 7032 5187 4018 6686 5598 102
101 138 7350 1245 2374 140 7797 5420 6076 785 3862 7804 5416 102
101 138 7350 1245 2374 140 4900 2791 5439 4018 4281 676 2188 102
101 138 7350 1245 2374 140 5439 4018 3723 1102 5131 6500 5589 102
101 138 7350 1245 2374 140 1367 3193 1456 2397 6509 5101 5130 102
101 138 7350 4904 1920 5503 7866 140 7000 5831 4635 5489 7102 102
101 138 7350 4904 1920 5503 7866 140 7350 4904 1920 5503 7866 7937 7676 4244 7430 5597 102
101 138 7032 4277 2374 4266 140 7032 4277 2374 4266 3607 5709 6076 5891 4240 5101 5130 102
101 138 7032 4277 2374 3175 3124 6168 140 7032 4277 2374 3175 3124 6168 5171 5646 3346 1786 5489 102
101 138 4311 1039 3779 7613 140 4886 5837 4452 3393 3779 7613 102
101 138 4311 1039 3779 7613 140 5166 2682 5692 6210 5837 4494 5101 5130 102
101 138 100 140 7919 4494 7591 1456 1377 1377 6182 1501 102
101 138 100 140 5946 5792 1456 3351 7463 6863 1798 1377 1377 6182 1501 102
101 138 100 140 5198 1394 1377 1377 6182 1501 102
101 138 100 140 5195 1073 1377 1377 6182 1501 102
101 138 100 140 6837 872 1377 1377 6182 1501 102
101 138 100 140 3351 7463 6863 1798 5059 2723 4276 1377 1377 6182 1501 102
101 138 100 140 4635 1377 1377 6182 1501 102
101 138 100 140 100 5195 1073 1377 1377 6182 1501 3454 102
101 138 100 140 100 1377 1377 4413 118 7919 4494 7591 1456 102
101 138 100 140 100 1377 1377 4413 118 5195 1073 1333 1456 102
101 138 100 140 100 4275 6172 1377 1377 6182 1501 118 3862 7921 4494 1456 102
101 138 100 140 100 4275 6172 1377 1377 6182 1501 118 1333 1456 102
101 138 100 140 100 100 6983 2552 1377 1377 6182 1501 4891 4665 102
101 138 100 140 100 100 4164 6983 1377 1377 6182 1501 4891 4665 102
101 138 100 1962 7927 1351 140 7430 5101 5709 5546 7619 118 7502 2466 4156 7430 1366 1456 102
101 138 100 1962 7927 1351 140 7430 5101 5709 5546 7619 118 6629 1385 4156 7430 1366 1456 102
101 138 100 1962 7927 1351 140 6028 7941 3836 102
101 138 100 1962 7927 1351 140 3817 5692 4275 118 6629 1385 102
101 138 100 1962 7927 1351 140 3817 5692 4275 118 1333 1456 102
101 138 100 1962 7927 1351 140 3817 5692 4275 118 3817 5920 1366 1456 102
101 138 100 1962 7927 1351 140 2341 1046 1213 3836 102
101 138 100 1962 7927 1351 140 100 7797 6863 1798 7619 746 118 7502 2466 4143 7016 7591 1456 102
101 138 100 140 2695 4149 676 3209 3780 102
101 138 100 1953 1164 1953 140 3938 4494 7676 5770 1366 1456 1933 2552 7619 746 102
101 138 100 1953 1164 1953 140 2947 2552 6989 118 7676 5770 1366 1456 102
101 138 100 1953 1164 1953 140 2947 2552 6989 118 2341 1046 1213 1366 1456 102
101 138 100 1953 1164 1953 140 1333 1456 1933 2552 7619 746 7676 5770 1366 1456 102
101 138 100 1953 1164 1953 140 1936 2188 2341 1046 1213 7427 775 1259 102
101 138 100 1953 1164 1953 140 1933 2552 7619 746 118 5770 5803 1366 1456 102
101 138 100 1953 1164 1953 140 1933 2552 7619 746 118 1333 1456 7676 5770 1366 1456 102
101 138 100 1953 1164 1953 140 1933 2552 7619 746 5143 1154 3938 4494 7676 5770 102
101 138 100 1953 1164 1953 140 1933 2552 7619 746 118 2341 1046 1213 1366 1456 102
101 138 100 1953 1164 1953 140 4635 2341 1046 1213 1366 1456 5546 4649 1933 2552 7619 746 102
101 138 100 1953 1164 1953 140 4635 2341 1046 1213 1366 1456 676 3209 3780 7401 2797 1259 102
101 138 100 1953 1164 1953 140 2341 1046 1213 1366 1456 1933 2552 7619 746 102
101 138 100 1953 1164 1953 140 2341 2552 6028 5130 102
101 138 100 1953 1164 1953 140 4281 1959 2341 1046 1213 1366 1456 5546 4649 1933 2552 7619 746 102
101 138 100 1953 1164 1953 140 676 3209 3780 5770 5803 7401 2797 1259 102
101 138 100 166 1377 1366 140 6816 3217 5198 1394 2947 2552 6989 4891 4665 102
101 138 100 100 140 1377 1377 6837 872 3717 3362 7591 1456 7934 1259 102
101 138 100 140 3817 5692 4275 118 3817 5920 7000 1959 7591 1456 102
101 138 100 677 1962 881 140 7804 6076 3454 102
101 138 100 677 1962 881 140 7804 6076 4275 118 1333 1456 102
101 138 100 677 1962 881 140 6076 1456 5546 7619 102
101 138 100 677 1962 881 140 6793 7799 7797 1366 1456 7619 746 102
101 138 100 677 1962 881 140 5199 6486 6989 3472 118 3496 2094 1366 1456 102
101 138 100 677 1962 881 140 2947 2552 6989 118 1377 1377 1366 1456 102
101 138 100 677 1962 881 140 2947 2552 6989 118 4281 1959 1366 1456 102
101 138 100 677 1962 881 140 5546 4275 118 6629 1385 1366 1456 102
101 138 100 677 1962 881 140 5546 4275 118 4373 5101 1366 1456 102
101 138 100 677 1962 881 140 1333 1456 5961 3454 102
101 138 100 677 1962 881 140 3817 5920 1750 102
101 138 100 677 1962 881 140 1298 4478 5546 4275 118 100 1366 1456 102
101 138 100 677 1962 881 140 1233 6793 1366 1456 3817 5692 4275 102
101 138 100 677 1962 881 140 3351 7463 1366 1456 3817 5692 4275 102
101 138 100 677 1962 881 140 5101 3362 1146 775 1259 118 3496 2094 1366 1456 102
101 138 100 677 1962 881 140 4373 5101 4413 118 4373 5101 4083 3966 1366 1456 102
101 138 100 677 1962 881 140 1724 2251 5546 7619 118 4240 4171 1366 1456 102
101 138 100 677 1962 881 140 1724 2251 5546 7619 118 6629 1385 1366 1456 102
101 138 100 677 1962 881 140 100 7502 2466 4171 5489 7591 1456 4373 5101 5546 4275 102
101 138 100 677 1962 881 140 100 6793 6629 1385 7591 1456 4373 5101 5546 4275 102
101 138 100 677 1962 881 140 100 6793 1456 5961 3454 7619 746 102
101 138 100 677 1962 881 140 100 6629 1385 7591 1456 3359 7531 6863 1798 7619 746 102
101 138 100 677 1962 881 140 100 4171 4281 5489 7591 1456 5961 3454 7619 746 102
101 138 100 677 1962 881 140 100 1377 1377 7591 1456 4494 4494 1750 6863 1798 7619 746 102
101 138 100 677 1962 881 140 100 5961 3454 118 7921 1456 102
101 138 100 677 1962 881 140 100 5961 3454 118 6629 1385 7591 1456 102
101 138 100 677 1962 881 140 100 5961 3454 118 4171 5489 7591 1456 102
101 138 3295 2863 7934 140 3295 4213 7934 118 6495 7755 3966 7934 102
101 138 3295 2863 7934 140 7937 3779 3492 7676 102
101 138 3295 2863 7934 140 7676 5920 3492 7937 2863 7934 102
101 138 3295 2863 7934 140 5529 7937 7016 7676 102
101 138 3295 2863 7934 140 5148 5920 5489 4246 7591 1456 102
101 138 2993 6493 140 4192 6310 1456 5833 5831 124 1146 2861 7934 102
101 138 5792 1305 2446 1773 140 4083 3966 7934 118 4506 1754 4373 5101 7591 1456 102
101 138 5792 1305 2446 1773 140 4083 3966 7934 118 2341 6888 3862 7804 7591 1456 102
101 138 5792 1305 2446 1773 140 4294 5159 5412 1920 1164 4684 7934 102
101 138 5186 671 7934 140 6150 7934 118 5920 4240 4281 5489 7591 1456 102
101 138 5186 671 7934 140 5489 4246 7591 1456 118 1920 5998 102
101 138 5186 671 4495 3582 140 3300 3582 7934 5221 102
101 138 5186 671 4495 3582 140 3300 3582 5952 7941 7934 5221 102
101 138 5186 671 4495 3582 140 3300 3582 2157 2382 7934 3454 102
101 138 5186 671 140 7804 6076 7591 1456 4813 7934 102
101 138 5186 671 140 5920 4240 4281 5489 7934 102
101 138 5186 671 140 4021 4031 1920 7623 5920 4240 6500 5489 4813 7934 102
101 138 5186 671 140 4021 4031 1920 7623 4397 1456 4281 5489 4813 7934 102
101 138 5186 671 140 4906 2119 7934 2157 2431 5998 102
101 138 5186 671 140 2350 1366 746 7934 7937 7016 118 1724 1394 671 102
101 138 5186 671 140 2350 1366 746 7934 4156 7016 102
101 138 5186 671 140 7350 100 118 7430 3723 2961 7755 7591 1456 3446 7934 102
101 138 5186 671 140 7350 100 3446 7934 118 5886 7676 4397 5489 7591 1456 102
101 138 5186 671 140 7350 100 118 5148 3492 4281 5489 7591 1456 3446 7934 102
101 138 5186 671 140 5489 4246 4813 7934 102
101 138 5186 671 140 5489 7755 5763 4813 7934 102
101 138 3918 1915 7608 1828 140 7956 4197 746 2863 7934 118 7937 3779 5886 7676 7934 5221 102
101 138 3918 1915 7608 1828 140 7956 4197 746 2863 7934 118 3779 5920 3492 7937 102
101 138 3918 1915 7608 1828 140 7956 4197 746 2863 7934 118 2397 6509 166 8167 7016 102
101 138 3918 1915 7608 1828 140 4703 3333 7937 7016 746 2863 7934 102
101 138 2533 4886 140 1920 4454 6090 100 5106 118 1059 5162 102
101 138 2484 1409 7414 2207 1987 1987 140 7502 2466 4156 7430 7591 1456 2861 7934 3454 7619 102
101 138 2484 1409 7414 2207 1987 1987 140 7946 5529 3492 4281 2961 7591 1456 2861 7934 3454 7619 102
101 138 2484 1409 7414 2207 1987 1987 140 6629 1385 7676 5920 7591 1456 2861 7934 3454 7619 102
101 138 2484 1409 7414 2207 1987 1987 140 7676 6793 1538 6789 2094 7591 1456 7953 2552 7934 102
101 138 2484 1409 7414 2207 1987 1987 140 2861 7934 3454 7619 118 7937 6793 4243 7591 1456 102
101 138 2484 1409 7414 2207 1987 1987 140 1469 7591 7430 3723 2861 7934 3454 7619 102
101 138 2484 1409 7414 2207 1987 1987 140 3189 2466 706 4240 828 7278 709 2094 102
101 138 2484 1409 7414 2207 1987 1987 140 758 6865 1259 100 7953 2552 7934 102
101 138 2484 1409 7414 2207 1987 1987 140 758 7676 3862 5726 828 7278 709 2094 102
101 138 1378 1266 3253 5836 6983 2421 140 2397 6509 5626 1456 5101 5130 102
101 138 1378 1266 3253 5836 6983 2421 140 4125 100 4452 3393 4237 7430 3966 102
101 138 1378 1266 3253 5836 6983 2421 140 5148 4240 4353 2094 7531 102
101 138 1378 1266 3253 5836 6983 2421 140 7676 4018 4281 676 2188 102
101 138 1378 1266 3253 5836 6983 2421 140 2539 1501 7800 7797 867 6663 4274 102
101 138 1378 3200 140 5162 6076 7619 102
101 138 1378 3346 3737 677 140 1920 1765 3300 3582 4635 5101 102
101 138 1378 3346 3737 677 140 1920 1765 3300 3582 7676 5101 102
101 138 1378 3346 3737 677 140 1920 1765 3300 3582 7676 5133 5101 102
101 138 1378 3346 3737 677 140 1920 1765 3300 3582 5133 5101 102
101 138 1378 3346 3737 677 140 1920 1765 7946 5101 102
101 138 1378 3346 3737 677 140 1914 1213 3737 677 7804 5101 102
101 138 1378 1298 3253 5739 140 1378 1298 3253 5739 5148 4240 3862 7804 5416 102
101 138 1378 1298 3253 5739 140 1378 1298 3253 5739 7800 1347 6509 867 6663 4274 102
101 138 1378 1298 3253 5739 140 1378 1298 3253 5739 7800 7797 6500 5496 3217 7430 102
101 138 1378 1298 3253 5739 140 1102 5131 6500 5589 7934 5221 102
101 138 1378 1298 6895 3346 7676 3419 7027 2861 7613 2421 140 2397 6509 4125 100 7430 3966 102
101 138 1378 1298 6895 3346 7676 3419 7027 2861 7613 2421 140 5171 5646 7004 7430 5597 102
101 138 1378 1298 6895 3346 7676 3419 7027 2861 7613 2421 140 4014 3343 2397 6509 5626 1456 5101 5130 102
101 138 1378 1298 6895 3346 7676 3419 7027 2861 7613 2421 140 7800 7797 2397 6509 867 6663 4274 102
101 138 100 140 7003 5232 1333 1456 118 4373 5101 4083 3966 102
101 138 100 140 7003 5232 1333 1456 118 1298 4478 4083 3966 102
101 138 100 140 7003 5232 1333 1456 118 3817 5920 4083 3966 102
101 138 100 140 7003 5232 1333 1456 118 6629 1385 4083 3966 102
101 138 100 140 7003 5232 1333 1456 118 7679 7051 5961 4083 3966 102
101 138 100 140 2918 2014 7515 5159 1921 4197 4846 3787 3717 118 100 4486 6172 102
101 138 100 140 2918 2014 7515 5159 1921 4197 4846 3787 3717 118 3229 2213 4390 4461 4486 102
101 138 100 140 2918 2014 7515 5159 3706 3796 3717 118 3229 2213 4390 4461 4486 102
101 138 100 5204 7378 1849 3172 140 3706 3796 4846 3787 3717 102
101 138 100 140 5153 6205 5984 5965 3787 1921 4197 3717 102
101 138 100 140 8135 110 7003 7946 2341 1046 1213 102
101 138 100 140 8192 110 7003 7946 2341 1046 1213 102
101 138 100 2014 7032 3481 140 4823 7000 3717 102
101 138 100 140 7679 7051 5961 5546 7619 2157 2431 5998 118 3817 5920 7000 1959 1456 102
101 138 100 140 7679 7051 5961 5546 7619 2157 2431 5998 118 3862 7804 1456 102
101 138 100 140 7679 7051 5961 5546 7619 2157 2431 5998 118 4240 4171 1456 102
101 138 3862 7380 5052 2157 140 6989 5546 6486 4649 2207 5709 3363 1318 102
101 138 3862 7380 5052 2157 140 7941 7032 5546 4649 6486 745 7430 102
101 138 3862 7380 5052 2157 140 7941 7032 7679 7051 5961 6076 102
101 138 3862 7380 5052 2157 140 7941 7032 2544 5010 5961 7619 102
101 138 3862 7380 5052 2157 140 7941 7032 7800 7797 5626 1456 5101 5130 102
101 138 3862 7380 5052 2157 140 3513 1501 7000 5831 7797 102
101 138 3862 7380 5052 2157 140 4206 4252 6500 7531 4649 102
101 138 3862 7380 5052 2157 140 5195 1073 2797 6662 5831 7804 2075 4353 2094 7531 102
101 138 3862 7380 5052 2157 140 5195 1073 1333 1456 120 7946 5529 3492 2380 7755 1920 2961 7755 102
101 138 3862 7380 5052 2157 140 4454 7414 4255 4043 7430 5597 2947 102
101 138 3862 7380 5052 2157 140 4823 4171 4281 2207 2961 102
101 138 3862 7380 5052 2157 140 4823 4171 5399 2207 2961 102
101 138 3862 7380 5052 2157 140 4078 3828 100 118 130 116 1469 4281 2075 5504 4281 2961 102
101 138 3862 7380 5052 2157 140 4078 3828 100 118 130 116 1469 4281 7458 7360 4281 2961 102
101 138 3862 7380 5052 2157 140 4078 3828 100 118 100 1469 4281 7458 7360 5489 4275 102
101 138 3862 7380 5052 2157 140 4078 3828 3189 3315 4934 100 1469 4281 4281 2961 102
101 138 3862 7380 5052 2157 140 4078 3828 2128 3419 3172 7946 4281 7434 5709 4281 2961 102
101 138 3862 7380 5052 2157 140 4078 3828 2128 3419 3172 4086 2466 4225 2768 5490 4706 4281 2961 102
101 138 3862 7380 5052 2157 140 4078 3828 1469 4281 100 116 4125 7102 4240 4171 4281 5489 4275 102
101 138 3862 7380 5052 2157 140 4078 3828 3791 2466 672 7755 5399 2207 2961 102
101 138 3862 7380 5052 2157 140 4078 3828 2380 7755 2207 5399 2961 102
101 138 3862 7380 5052 2157 140 4078 3828 5838 1213 4281 2961 102
101 138 3862 7380 5052 2157 140 4078 3828 4944 7615 1920 7930 4281 7458 7360 4281 2961 102
101 138 3862 7380 5052 2157 140 4078 3828 7804 1120 4281 5489 5187 102
101 138 3862 7380 5052 2157 140 4083 1331 3189 2466 3316 2389 7946 1476 1524 7430 5489 102
101 138 3862 7380 5052 2157 140 7502 2466 4240 4171 7434 5709 4281 5489 4275 102
101 138 3862 7380 5052 2157 140 7804 1456 6076 785 5709 3363 2961 102
101 138 5988 4522 7676 140 6090 100 5106 102
101 138 5988 4277 140 3777 5106 102
101 138 5988 4277 140 6023 798 7591 1456 7934 5221 102
101 138 5988 4277 140 6023 798 100 7797 7591 1456 5148 7934 5221 102
101 138 7023 4660 140 1504 1568 100 1918 4660 4495 5826 100 6727 5131 102
101 138 7023 4660 140 1504 1568 100 1918 4192 5131 100 6727 5131 102
101 138 7032 1367 3193 1456 140 1378 4124 1001 5186 2797 2339 7946 5131 102
101 138 100 10843 100 140 5412 1920 1164 5480 782 118 7946 3351 7463 7921 102
101 138 100 3308 3189 140 100 6128 3080 4192 6983 5125 1566 6983 7591 1456 7614 102
101 138 100 3308 3189 140 1039 3706 4255 4634 1914 2533 1377 7855 5543 7030 4823 7000 7614 3160 102
101 138 100 3308 3189 140 1377 4273 2553 2590 3751 3893 6738 4272 1217 7921 745 7000 5826 7614 3160 102
101 138 100 3308 3189 140 1377 4273 2553 2590 5868 5843 745 7000 5826 7614 3160 102
101 138 100 3308 3189 140 1377 4273 2553 2590 6556 4075 4083 1456 745 7000 5826 7614 3160 102
101 138 100 3308 3189 140 4192 6983 5125 2485 3796 3773 1566 6983 142 4192 5131 102
101 138 100 3308 3189 140 5125 4868 1914 1914 100 745 7000 5826 7614 3160 102
101 138 100 3308 3189 140 5401 1456 3717 2168 1894 2255 1921 4197 3717 102
101 138 100 5480 782 140 100 5480 782 7946 3351 7463 5826 5823 7016 102
101 138 100 100 140 3351 7463 3576 3611 3779 102
101 138 100 100 140 5412 1920 1164 7946 3351 7463 5823 5823 7016 102
101 138 100 140 1094 2188 2947 2552 7619 1333 1456 6629 1894 102
101 138 100 100 140 6793 4143 2399 5130 2861 7934 118 4494 6793 1959 3779 4635 7016 7591 1456 102
101 138 1305 6832 6929 140 3817 5692 4275 118 2255 5878 4281 2207 2961 1366 1456 102
101 138 1305 6832 6929 140 3817 5692 4275 4281 2961 1366 1456 102
101 138 1305 6832 6929 140 3817 5692 4275 1469 7591 2255 5878 4281 1366 1456 102
101 138 1305 6832 6929 140 3817 5692 4275 118 1469 7591 4240 3862 5726 1366 1456 102
101 138 1305 6832 6929 140 3817 5692 4275 118 7471 7382 5401 718 3996 4156 7430 1366 1456 102
101 138 1305 6832 6929 140 3817 5692 4275 7000 1959 3817 5920 1366 1456 102
101 138 100 100 140 3175 1846 7619 746 118 7946 5698 7937 7591 1456 102
101 138 100 100 140 1377 1377 7591 1456 7619 746 102
101 138 100 100 140 5698 7937 3472 102
101 138 100 100 140 7679 7051 5961 3454 118 3351 7463 7591 1456 102
101 138 100 100 140 7679 7051 5961 3454 118 1333 1456 102
101 138 100 100 140 7102 2349 5101 7619 102
101 138 100 100 140 7430 6028 6863 1798 7619 746 102
101 138 100 140 125 1146 7132 2571 4215 2399 5130 118 4156 7016 102
101 138 100 140 125 1146 7132 2571 4215 2399 5130 118 6629 1385 102
101 138 100 140 125 1146 7132 2571 4215 2399 5130 118 2544 6793 102
101 138 100 140 125 1146 7132 2571 4215 2399 5130 118 6793 1456 102
